CO_MUNICIPIO_6,BF_QTD_FAMILIAS_MEDIA_MENSAL,BF_VALOR_ANUAL_TOTAL,BF_VALOR_MEDIO_POR_FAMILIA_ANUAL
110001,1281.25,1152208.0,899.2842926829268
110002,3764.6666666666665,3553759.0,943.9770674694529
110003,180.33333333333334,171043.0,948.4824399260629
110004,2982.5,3645274.0,1222.2209555741827
110005,619.0,491264.0,793.6413570274636
110006,333.75,338688.0,1014.7955056179775
110007,334.8333333333333,264763.0,790.730711796914
110008,1403.0,1488737.0,1061.1097647897363
110009,1357.6666666666667,1532726.0,1128.94132089369
110010,2957.6666666666665,3692845.0,1248.567001014313
110011,1787.8333333333333,1226072.0,685.7865199962711
110012,2161.0833333333335,1897903.0,878.2183318551652
110013,1475.1666666666667,969269.0,657.0572816630889
110014,1337.5833333333333,1073781.0,802.7768986355991
110015,1173.3333333333333,1218401.0,1038.4099431818183
110018,729.8333333333334,812889.0,1113.8008677780315
110020,21618.333333333332,20317006.0,939.8044560943644
110025,1615.3333333333333,1746082.0,1080.942220387949
110026,171.5,219344.0,1278.9737609329445
110028,1264.5,1042251.0,824.2396204033215
110029,396.6666666666667,362037.0,912.698319327731
110030,2327.4166666666665,2279210.0,979.2874789645173
110032,718.8333333333334,540150.0,751.4259216322745
110033,1161.9166666666667,1018610.0,876.6635587750125
110034,1037.6666666666667,714347.0,688.4166398972052
110037,677.3333333333334,669153.0,987.9227362204724
110040,975.6666666666666,801133.0,821.1134267167749
110045,1606.0,1355220.0,843.8480697384807
110050,529.75,336309.0,634.8447380840018
110060,210.83333333333334,155901.0,739.4513833992095
110070,445.0,368489.0,828.0651685393259
110080,2153.8333333333335,2100802.0,975.3781629652557
110090,187.75,206984.0,1102.444740346205
110092,399.1666666666667,600933.0,1505.4688935281836
110094,913.75,669538.0,732.7365253077976
110100,680.8333333333334,496989.0,729.9716034271726
110110,524.75,490894.0,935.4816579323488
110120,439.9166666666667,418109.0,950.4277325250994
110130,615.0833333333334,524185.0,852.2178566589893
110140,557.3333333333334,550285.0,987.3534688995214
110143,294.4166666666667,208962.0,709.7492216246816
110145,237.5,198147.0,834.3031578947368
110146,156.66666666666666,217049.0,1385.4191489361704
110147,168.16666666666666,190864.0,1134.9692765113975
110148,137.66666666666666,110369.0,801.7118644067797
110149,858.5,653037.0,760.6721025043681
110150,728.1666666666666,543317.0,746.143739986267
110155,227.0,254350.0,1120.4845814977973
110160,426.25,352200.0,826.2756598240469
110170,697.9166666666666,659584.0,945.0755820895523
110175,550.3333333333334,527002.0,957.6050878255602
110180,508.8333333333333,656212.0,1289.6403537504095
120001,1487.4166666666667,1794468.0,1206.4326292789513
120005,1174.25,3681780.0,3135.4311262507986
120010,2742.25,4078198.0,1487.172212599143
120013,1104.75,1872127.0,1694.6159764652637
120017,1140.0,1663584.0,1459.2842105263157
120020,8538.5,27274282.0,3194.2708906716634
120025,1613.0833333333333,2195710.0,1361.1882006509275
120030,4036.5833333333335,11339535.0,2809.191354074196
120032,1133.5,4714741.0,4159.453903837671
120033,2677.1666666666665,9669443.0,3611.8195853825564
120034,1437.25,5156589.0,3587.816315881023
120035,2301.25,7375647.0,3205.0611624117328
120038,1369.6666666666667,1460062.0,1065.998053054271
120039,1236.25,4361724.0,3528.1892821031347
120040,21688.25,36829760.0,1698.143464779316
120042,2131.3333333333335,6226904.0,2921.6002502345946
120043,957.5,4055399.0,4235.40365535248
120045,3331.75,6542762.0,1963.7613866586628
120050,5658.833333333333,16297065.0,2879.9337319235415
120060,5997.333333333333,21830917.0,3640.103990662517
120070,1720.0,2277171.0,1323.9366279069768
120080,2184.4166666666665,3705939.0,1696.5348491206655
130002,1940.25,4388819.0,2261.9863419662415
130006,1333.0833333333333,2051137.0,1538.6412452334814
130008,1629.3333333333333,5474240.0,3359.8036006546645
130010,2389.75,5550277.0,2322.5345747463125
130014,1528.1666666666667,2395070.0,1567.2832369942196
130020,1796.0833333333333,6474870.0,3604.99420034334
130030,6208.833333333333,15955707.0,2569.839798137063
130040,2431.5,3355229.0,1379.9008842278429
130050,4435.833333333333,13597926.0,3065.4727033627655
130060,4520.083333333333,13254911.0,2932.4483693147254
130063,3916.8333333333335,10986492.0,2804.942427981788
130068,1986.1666666666667,5492178.0,2765.2150709071075
130070,4119.333333333333,6997592.0,1698.7195339051627
130080,4452.083333333333,12447720.0,2795.9314927468417
130083,1632.3333333333333,2792425.0,1710.6953236675517
130090,2083.8333333333335,6718965.0,3224.329360953371
130100,4883.583333333333,14542589.0,2977.8521236114193
130110,4556.416666666667,5842959.0,1282.3583590906596
130115,3262.1666666666665,8994732.0,2757.287692229091
130120,8287.333333333334,14593538.0,1760.9449762690049
130130,2822.9166666666665,5244453.0,1857.8136088560886
130140,4372.583333333333,13517546.0,3091.432448400069
130150,2368.5,9140933.0,3859.3763985644923
130160,2874.5833333333335,5766521.0,2006.0371648064936
130165,2117.5,8041313.0,3797.5504132231404
130170,5760.083333333333,11533881.0,2002.380926201878
130180,3123.0833333333335,8627775.0,2762.582383862102
130185,9291.25,10540254.0,1134.4279833176377
130190,8941.916666666666,17018566.0,1903.2346905491927
130195,1325.5833333333333,4036873.0,3045.3558810586537
130200,1324.1666666666667,2370765.0,1790.3826305852735
130210,834.5,2670724.0,3200.388256440983
130220,1319.5,4208978.0,3189.82796513831
130230,2755.0833333333335,9390335.0,3408.3669580472456
130240,6731.5,21189792.0,3147.855901359281
130250,14257.0,26132537.0,1832.9618433050432
130255,2597.0,5069894.0,1952.211782826338
130260,109840.83333333333,100940196.0,918.9678641063964
130270,5001.333333333333,7127975.0,1425.2149426819515
130280,2361.3333333333335,9790999.0,4146.385798983625
130290,7580.5,20190526.0,2663.4820922102763
130300,2914.8333333333335,8544313.0,2931.321287666533
130310,3604.3333333333335,8480168.0,2352.770184037732
130320,1820.5,3062888.0,1682.443284811865
130330,2639.9166666666665,6476556.0,2453.318349695382
130340,12862.416666666666,21452336.0,1667.830902694543
130350,2515.5,7869751.0,3128.503677201352
130353,2964.5,4353013.0,1468.3801652892562
130356,2600.75,2995887.0,1151.931942708834
130360,1887.6666666666667,4789985.0,2537.516334098534
130370,3431.8333333333335,9269157.0,2700.934485940459
130380,4996.833333333333,16199201.0,3241.893399152797
130390,3583.25,10376491.0,2895.83227516919
130395,1246.9166666666667,2318253.0,1859.1883980485195
130400,1604.3333333333333,4100317.0,2555.7762310409307
130406,5793.166666666667,6974539.0,1203.925141689922
130410,2190.5833333333335,2882377.0,1315.8034009206071
130420,6898.666666666667,16149132.0,2340.906262079629
130423,2619.0833333333335,6319323.0,2412.7995163702312
130426,1911.0833333333333,6718887.0,3515.7477870317884
130430,2348.5,5064638.0,2156.541622312114
130440,2861.5,9113929.0,3185.0179975537308
140002,1303.75,3323055.0,2548.843720038351
140005,1940.75,3170448.0,1633.6199922710293
140010,19120.916666666668,22029925.0,1152.1374934081787
140015,1977.3333333333333,5145090.0,2602.0347269049225
140017,2065.0,5197364.0,2516.8832929782084
140020,2549.6666666666665,5671851.0,2224.5460844554846
140023,1102.0,1853644.0,1682.0725952813068
140028,1130.0,1843710.0,1631.6017699115043
140030,2728.0833333333335,4285579.0,1570.9120566942602
140040,1719.4166666666667,6339893.0,3687.234818009984
140045,1290.25,2951236.0,2287.336562681651
140047,3183.6666666666665,5756896.0,1808.2596586744844
140050,775.4166666666666,1092659.0,1409.1249865663622
140060,906.5,1479502.0,1632.103695532267
140070,1289.25,6447796.0,5001.19914679077
150010,27661.916666666668,45179078.0,1633.2591318389
150013,930.0,1637632.0,1760.894623655914
150020,8959.166666666666,11999969.0,1339.4068272718819
150030,5501.5,10346594.0,1880.6859947287103
150034,2417.1666666666665,3308725.0,1368.844377025443
150040,9206.083333333334,9005671.0,978.230445448209
150050,4467.416666666667,15000726.0,3357.807681546009
150060,9551.333333333334,13310531.0,1393.5783136734835
150070,4161.166666666667,12640254.0,3037.6706853046016
150080,28472.666666666668,20717213.0,727.617586457187
150085,4453.666666666667,9351259.0,2099.676446373774
150090,6543.75,11731497.0,1792.7789111747852
150095,3414.8333333333335,4882478.0,1429.7851530089315
150100,1738.1666666666667,3915115.0,2252.43935180746
150110,2964.3333333333335,8844485.0,2983.6337568874396
150120,5195.333333333333,9871644.0,1900.0982933401772
150125,333.4166666666667,461676.0,1384.6818295426142
150130,10847.333333333334,14115601.0,1301.2968778808922
150140,96755.08333333333,88321056.0,912.8311707998116
150145,2129.5,2174519.0,1021.1406433435079
150150,8269.25,13369475.0,1616.7699610000907
150157,1751.75,2218421.0,1266.4027401170258
150160,1752.8333333333333,1634188.0,932.312256346867
150170,13083.416666666666,16181094.0,1236.7636384481627
150172,2211.6666666666665,3127768.0,1414.213112283346
150175,862.25,1322777.0,1534.0991591765728
150178,6082.583333333333,10776239.0,1771.6549711608282
150180,13772.916666666666,26410568.0,1917.5726274391168
150190,4314.25,11747325.0,2722.9124413281565
150195,3593.0833333333335,9226577.0,2567.871697938168
150200,3771.5833333333335,10523545.0,2790.2194038754724
150210,15984.666666666666,28452153.0,1779.965362639196
150215,3053.0833333333335,5103241.0,1671.503998689849
150220,6527.5,7183991.0,1100.5731137495213
150230,6847.5,5747762.0,839.3956918583425
150240,12708.0,11105293.0,873.8820428076803
150250,2779.0833333333335,7927659.0,2852.616510240187
150260,1671.5,2889854.0,1728.898594077176
150270,2815.0833333333335,2372597.0,842.8159024303602
150275,4254.25,8511750.0,2000.7639419404125
150276,1100.0833333333333,1503426.0,1366.6473751988487
150277,2553.8333333333335,2652808.0,1038.755335117144
150280,4530.25,12981778.0,2865.5765134374483
150285,1861.0833333333333,3880326.0,2084.9824027224286
150290,6679.416666666667,10879027.0,1628.7390864970744
150293,4066.25,4169404.0,1025.3683369197663
150295,2801.6666666666665,2587417.0,923.5277810826889
150300,1413.5833333333333,3866202.0,2735.0364911867005
150304,2074.0833333333335,2343729.0,1130.0071517537867
150307,3714.8333333333335,4544332.0,1223.293642603975
150309,2925.5833333333335,3433763.0,1173.7019967527842
150310,4910.25,19340059.0,3938.711674558322
150320,5296.833333333333,4528028.0,854.8556684811681
150330,7871.75,9819654.0,1247.4550131800427
150340,1413.1666666666667,1751905.0,1239.701615756575
150345,5398.916666666667,8651600.0,1602.4696312531835
150350,5128.166666666667,4521297.0,881.6595274464557
150360,9851.583333333334,13693346.0,1389.9639821010157
150370,5789.666666666667,7956923.0,1374.3317980309746
150375,2248.4166666666665,6534813.0,2906.4065824098443
150380,6171.333333333333,11940064.0,1934.7624500378092
150390,4799.0,7733659.0,1611.5146905605334
150400,4326.333333333333,7552754.0,1745.763309962247
150405,5054.333333333333,5872750.0,1161.9237617885644
150410,1022.0,1223829.0,1197.4843444227006
150420,14332.666666666666,13792616.0,962.3202939671613
150430,4850.583333333333,5395522.0,1112.3449756902091
150440,3303.8333333333335,3575751.0,1082.3036876355748
150442,10675.75,12278798.0,1150.1578811793083
150445,3853.75,6934654.0,1799.4561141745053
150450,3351.75,9040735.0,2697.31781904975
150460,5323.416666666667,16125445.0,3029.1532693602167
150470,12589.666666666666,22157439.0,1759.9702666207738
150475,2609.5,4440096.0,1701.5121670818164
150480,7901.166666666667,8435085.0,1067.5746197818887
150490,5500.166666666667,12869523.0,2339.8423684130785
150495,3484.75,10121254.0,2904.441925532678
150497,1265.0833333333333,1659444.0,1311.7270272050591
150500,1917.9166666666667,2037621.0,1062.4137301759722
150503,1408.75,1595011.0,1132.2172138420585
150506,5486.5,6505096.0,1185.6549712931742
150510,5533.666666666667,9463699.0,1710.2040238539846
150520,5012.416666666667,14462467.0,2885.3281683818514
150530,6925.583333333333,8256203.0,1192.1310599588483
150540,2753.9166666666665,4486326.0,1629.0710805822011
150543,3191.5833333333335,4434326.0,1389.3812371080185
150548,6468.583333333333,13832274.0,2138.3776458008583
150549,1138.0,2533971.0,2226.6880492091386
150550,8479.833333333334,8243443.0,972.1232335541185
150553,10137.666666666666,10373580.0,1023.270969651136
150555,846.1666666666666,1283712.0,1517.0911955879458
150560,961.6666666666666,1155219.0,1201.2675909878683
150563,1271.0,1480687.0,1164.9779701022817
150565,2738.3333333333335,6723361.0,2455.2748630553865
150570,3931.5833333333335,6023047.0,1531.9647300705822
150580,6259.583333333333,9298496.0,1485.481621513679
150590,4837.5,16945935.0,3503.0356589147286
150600,6243.666666666667,18547729.0,2970.6468955207943
150610,1626.5,3536623.0,2174.376268060252
150611,1957.3333333333333,3778430.0,1930.3967983651228
150613,5103.333333333333,6246923.0,1224.0868060091443
150616,1273.1666666666667,1287875.0,1011.5525592355019
150618,3163.1666666666665,4690686.0,1482.9082670319829
150619,3864.75,5957184.0,1541.4150980011643
150620,3546.5833333333335,3618683.0,1020.3293310463122
150630,3785.5833333333335,6602236.0,1744.0471966011403
150635,2275.0,2885378.0,1268.298021978022
150640,1499.75,4021683.0,2681.5689281546925
150650,5501.0,4372709.0,794.8934739138339
150655,3494.4166666666665,6221297.0,1780.3535163236593
150658,1993.0,2066555.0,1036.9066733567486
150660,3032.6666666666665,2499889.0,824.3204000879315
150670,4455.916666666667,4846063.0,1087.5569187035962
150680,25476.0,34441170.0,1351.9065002355158
150690,1382.0,2103310.0,1521.931982633864
150700,3553.4166666666665,3750167.0,1055.3693393682138
150710,2260.4166666666665,2681659.0,1186.3560552995393
150715,2568.0833333333335,3509179.0,1366.4583833598338
150720,4459.166666666667,9090468.0,2038.6024294524386
150730,7068.666666666667,12226554.0,1729.683202867113
150740,2056.3333333333335,1702037.0,827.7048143945533
150745,2613.5,2699663.0,1032.9684331356418
150746,894.1666666666666,2103253.0,2352.1934762348556
150747,2731.0,3176737.0,1163.213841083852
150750,1951.5833333333333,4090473.0,2095.9766001964217
150760,6514.666666666667,8000052.0,1228.0063446582071
150770,4269.416666666667,13613918.0,3188.7068100638257
150775,425.25,602913.0,1417.7848324514991
150780,2676.6666666666665,7073448.0,2642.6331257783313
150790,3084.75,6978545.0,2262.2724694059484
150795,7808.5,8602638.0,1101.7017352884677
150796,2052.6666666666665,2844048.0,1385.538161740825
150797,2207.5833333333335,3623780.0,1641.514476614699
150800,7404.083333333333,9063451.0,1224.1152066990062
150803,4616.75,7539357.0,1633.044241078681
150805,1908.6666666666667,2118054.0,1109.703457911282
150808,1801.0,1369512.0,760.4175458078845
150810,7715.75,8554868.0,1108.7539124518032
150812,3175.75,5032816.0,1584.7645438085492
150815,5462.5,7341463.0,1343.9749199084667
150820,5963.5,6104254.0,1023.6025823761214
150830,7805.166666666667,19402456.0,2485.847750421729
150835,1180.0833333333333,2149860.0,1821.786596991738
150840,3350.4166666666665,4312241.0,1287.0760353189903
160005,669.3333333333334,1541207.0,2302.6000996015937
160010,1728.25,3677345.0,2127.78533198322
160015,1541.4166666666667,3665858.0,2378.239498297021
160020,1095.3333333333333,1622381.0,1481.1755934266587
160021,643.5833333333334,2373492.0,3687.932668652078
160023,616.8333333333334,752030.0,1219.178600378276
160025,1311.0,3555207.0,2711.828375286041
160027,4965.666666666667,7082571.0,1426.3081828556085
160030,27975.083333333332,36579609.0,1307.5781960732916
160040,3438.3333333333335,11493713.0,3342.815220552593
160050,1673.75,1697613.0,1014.2572068707991
160053,2043.75,4340151.0,2123.6212844036695
160055,527.5,1365881.0,2589.3478672985784
160060,11425.583333333334,19427565.0,1700.3565098791455
160070,1616.0833333333333,4673986.0,2892.1689269323983
160080,1929.0,6428939.0,3332.783307413167
170025,213.83333333333334,290679.0,1359.3717848791894
170030,452.8333333333333,661835.0,1461.542142068458
170035,552.4166666666666,824055.0,1491.727259013426
170040,810.3333333333334,1340094.0,1653.7564788153022
170070,571.5833333333334,820151.0,1434.8756378480828
170100,1014.5,1488644.0,1467.3671759487431
170105,205.41666666666666,217476.0,1058.7066937119675
170110,363.8333333333333,666663.0,1832.3307375171782
170130,478.9166666666667,705676.0,1473.4839046459022
170190,383.5,394347.0,1028.284224250326
170200,556.9166666666666,597227.0,1072.3812658985487
170210,6768.0,5735179.0,847.3964243498818
170215,593.0833333333334,1257676.0,2120.572151187298
170220,2510.1666666666665,2390693.0,952.4040900338623
170230,311.0833333333333,270363.0,869.1015269220467
170240,1169.25,2342247.0,2003.204618345093
170255,1345.8333333333333,1498252.0,1113.2522600619195
170270,321.3333333333333,325278.0,1012.2759336099585
170290,1524.8333333333333,2892810.0,1897.131926986556
170300,961.4166666666666,1548637.0,1610.786512958308
170305,255.41666666666666,251503.0,984.6773246329527
170307,387.9166666666667,823452.0,2122.754887218045
170310,518.0833333333334,505520.0,975.7503619108894
170320,406.0833333333333,658515.0,1621.625282167043
170330,454.1666666666667,1094349.0,2409.5757798165137
170360,196.25,370845.0,1889.656050955414
170370,366.0833333333333,356229.0,973.0817209196449
170380,697.9166666666666,655894.0,939.7884179104478
170382,256.4166666666667,538106.0,2098.5609359766004
170384,715.5,1268736.0,1773.215932914046
170386,228.33333333333334,291897.0,1278.3810218978101
170388,191.5,337695.0,1763.420365535248
170389,472.75,884925.0,1871.8667371760973
170390,706.1666666666666,1410347.0,1997.1871607269295
170410,233.33333333333334,527814.0,2262.06
170460,151.66666666666666,247705.0,1633.2197802197804
170510,380.1666666666667,791719.0,2082.5576501534415
170550,1773.75,1483219.0,836.2052149400987
170555,463.0,382160.0,825.3995680345572
170560,434.0,732481.0,1687.7442396313363
170600,506.1666666666667,545217.0,1077.149160355614
170610,616.4166666666666,817310.0,1325.9050966608086
170625,86.33333333333333,123176.0,1426.7490347490348
170650,521.5,786203.0,1507.5800575263663
170700,1237.4166666666667,1675417.0,1353.963499225537
170710,629.5,870313.0,1382.546465448769
170720,785.5833333333334,738314.0,939.8290018033308
170730,400.1666666666667,558804.0,1396.4281549354434
170740,1158.3333333333333,2289383.0,1976.4457553956836
170755,263.9166666666667,387333.0,1467.6337227660244
170765,379.0833333333333,419656.0,1107.028357880853
170770,884.4166666666666,1283239.0,1450.9439366814286
170820,1258.0,1304820.0,1037.2178060413355
170825,369.9166666666667,511076.0,1381.597657129984
170830,701.4166666666666,1079145.0,1538.5220387311394
170900,1517.0833333333333,3038746.0,2003.0185113979676
170930,1202.0833333333333,1149166.0,955.9786481802427
170950,2335.75,1917943.0,821.1251204110029
170980,197.25,321713.0,1630.9911280101394
171050,909.6666666666666,2177973.0,2394.253939171858
171070,602.9166666666666,530272.0,879.5112646855564
171090,449.8333333333333,356014.0,791.4353464246018
171110,171.83333333333334,175311.0,1020.2386032977691
171150,357.0833333333333,416876.0,1167.447374562427
171180,215.91666666666666,241133.0,1116.78734079506
171190,908.6666666666666,1887547.0,2077.271093176816
171195,358.0,708607.0,1979.3491620111731
171200,202.0,286040.0,1416.039603960396
171215,179.16666666666666,309091.0,1725.159069767442
171240,358.3333333333333,1003848.0,2801.436279069768
171245,282.3333333333333,562650.0,1992.857142857143
171250,361.0833333333333,497341.0,1377.3579506115855
171270,172.58333333333334,313851.0,1818.5475615644616
171280,367.0833333333333,430543.0,1172.8753688989784
171320,1305.75,1420313.0,1087.7373157189354
171330,1033.1666666666667,978397.0,946.9885465397645
171360,676.4166666666666,1333537.0,1971.4727115929531
171370,282.6666666666667,358338.0,1267.705188679245
171380,664.9166666666666,842784.0,1267.5031958892093
171395,382.25,709102.0,1855.0739045127534
171420,685.4166666666666,955414.0,1393.9170820668694
171430,489.25,762655.0,1558.8247317322432
171488,956.0833333333334,1322163.0,1382.895145123333
171500,443.4166666666667,739961.0,1668.7712835933094
171510,407.75,1098794.0,2694.773758430411
171515,187.33333333333334,324299.0,1731.1334519572954
171525,269.5833333333333,304934.0,1131.1307573415766
171550,120.75,224305.0,1857.5983436853003
171570,508.0833333333333,753947.0,1483.9042151877973
171575,493.0833333333333,675975.0,1370.9143146864965
171610,1589.1666666666667,1473874.0,927.4508652333508
171620,1435.8333333333333,3030967.0,2110.9462565293093
171630,446.0833333333333,635965.0,1425.6641135811694
171650,626.4166666666666,637800.0,1018.1721431422111
171660,811.1666666666666,1167977.0,1439.8730223957264
171665,484.0833333333333,482557.0,996.8469616112928
171670,724.8333333333334,817619.0,1128.0096573925039
171700,457.75,776169.0,1695.6176952484982
171720,363.3333333333333,440826.0,1213.2825688073394
171750,264.9166666666667,266566.0,1006.2258571877949
171780,518.5,664953.0,1282.4551591128254
171790,603.25,1012263.0,1678.015748031496
171800,283.0,412750.0,1458.4805653710248
171820,3114.9166666666665,3460060.0,1110.8033922790873
171830,791.9166666666666,878523.0,1109.3629380195728
171840,318.5833333333333,476244.0,1494.8804603714361
171845,219.58333333333334,354509.0,1614.462239089184
171850,474.0833333333333,1227195.0,2588.563895236421
171855,483.5,593655.0,1227.828335056877
171865,157.83333333333334,220433.0,1396.6187961985215
171870,264.0,331567.0,1255.935606060606
171875,635.4166666666666,1496439.0,2355.0515409836066
171880,600.3333333333334,1144671.0,1906.725707940033
171884,267.4166666666667,317115.0,1185.8460579619818
171886,372.9166666666667,282607.0,757.8288268156424
171888,259.4166666666667,523365.0,2017.4686797301638
171889,144.41666666666666,188564.0,1305.6941719561455
171890,476.8333333333333,725648.0,1521.8063614120938
171900,176.75,290501.0,1643.5700141442717
172000,241.5,242301.0,1003.3167701863354
172010,461.1666666666667,1023123.0,2218.553668232743
172015,132.33333333333334,247553.0,1870.6775818639796
172020,1435.0,1645952.0,1147.0048780487805
172025,285.9166666666667,618445.0,2163.025357038764
172030,640.1666666666666,1414968.0,2210.3118979432443
172049,444.9166666666667,470408.0,1057.2946244615096
172065,660.25,1060694.0,1606.5035971223022
172080,1082.6666666666667,1374926.0,1269.9439655172414
172085,130.0,129530.0,996.3846153846154
172090,1831.3333333333333,3137008.0,1712.963960684383
172093,165.08333333333334,379895.0,2301.23170116103
172097,191.66666666666666,249042.0,1299.3495652173913
172100,10334.25,13042679.0,1262.0827829789293
172110,810.0833333333334,2694416.0,3326.09731509104
172120,1954.5833333333333,3917904.0,2004.4701769345556
172125,130.91666666666666,292546.0,2234.597071928708
172130,219.41666666666666,381597.0,1739.143182681352
172208,1179.5833333333333,1515941.0,1285.1495584599083
172210,1120.5,1148697.0,1025.1646586345382
210005,7602.916666666667,6354447.0,835.7906943607168
210010,1165.9166666666667,1812289.0,1554.3898220284468
210015,2000.75,3329845.0,1664.2983881044609
210020,4687.333333333333,8942086.0,1907.7128431233111
210030,3177.6666666666665,3791411.0,1193.1430819259415
210040,1231.25,1489532.0,1209.7721827411167
210043,3470.6666666666665,6400846.0,1844.2698809066462
210047,3851.6666666666665,10636146.0,2761.439896148853
210050,1101.0,1678838.0,1524.8301544050862
210055,1106.8333333333333,2527926.0,2283.9265170907997
210060,4276.833333333333,7136375.0,1668.6119013288649
210070,4873.0,13129940.0,2694.426431356454
210080,2929.9166666666665,8888166.0,3033.5900338462416
210083,3328.8333333333335,9444506.0,2837.181995694187
210087,1872.4166666666667,3426785.0,1830.1401931550135
210090,6055.916666666667,8584840.0,1417.5954644906496
210095,4293.0,5688462.0,1325.0552061495457
210100,4088.6666666666665,7332566.0,1793.3880645687266
210110,1916.1666666666667,5470911.0,2855.1331651735236
210120,10786.0,12145518.0,1126.0446875579455
210125,2415.5,3182974.0,1317.7288346098117
210130,2536.8333333333335,3488603.0,1375.1802115498324
210135,849.6666666666666,1714213.0,2017.5123577873676
210140,7667.583333333333,8452703.0,1102.394670202476
210150,2616.1666666666665,2148104.0,821.0883608332803
210160,9025.25,7998648.0,886.2522367801446
210170,9393.333333333334,16022469.0,1705.7277146912702
210173,1370.0,4469627.0,3262.5014598540147
210177,2067.1666666666665,4077332.0,1972.4253809562204
210180,886.25,1811352.0,2043.838645980254
210190,3164.5833333333335,5290082.0,1671.6519815668203
210193,746.4166666666666,965004.0,1292.8489449592498
210197,1226.25,2694478.0,2197.3317023445466
210200,4771.416666666667,9759934.0,2045.5002532441447
210203,4031.9166666666665,4993416.0,1238.472025298142
210207,2098.25,2682464.0,1278.4291671631122
210210,5499.25,14914261.0,2712.0536436786833
210215,1444.3333333333333,3209118.0,2221.867989845373
210220,4152.75,9270814.0,2232.4517488411293
210230,3315.0,4417649.0,1332.6241327300152
210232,5798.75,6509861.0,1122.6317740892434
210235,2108.0,4466956.0,2119.0493358633776
210237,1683.75,5436224.0,3228.640831477357
210240,1713.6666666666667,3558234.0,2076.3863061661154
210250,3739.0,11165012.0,2986.0957475260766
210255,1307.5,2092917.0,1600.7013384321224
210260,3237.25,5806969.0,1793.796895513167
210270,3099.0,6292193.0,2030.3946434333657
210275,2020.0833333333333,3521413.0,1743.2018481085765
210280,2707.3333333333335,4690033.0,1732.3441270622998
210290,4328.416666666667,9303970.0,2149.5088658285363
210300,16448.666666666668,13209648.0,803.0832083654196
210310,1869.6666666666667,3397808.0,1817.3335710465324
210312,1666.1666666666667,3300276.0,1980.7598279483843
210315,1834.6666666666667,3899365.0,2125.380632267442
210317,2718.0,6683151.0,2458.8487858719645
210320,11355.166666666666,23619688.0,2080.0828991208114
210325,2038.9166666666667,4165625.0,2043.0579964850615
210330,11494.666666666666,10761535.0,936.219841085721
210340,5780.0,8294002.0,1434.9484429065744
210350,5852.416666666667,11932343.0,2038.874482051574
210355,2363.0833333333335,7937043.0,3358.765595796452
210360,8339.416666666666,15109237.0,1811.7858363394723
210370,5792.166666666667,8666383.0,1496.2247288003912
210375,1357.5,1199611.0,883.6913443830571
210380,3227.75,3558320.0,1102.4149949655332
210390,1676.9166666666667,4225057.0,2519.5390349351487
210400,2822.5833333333335,5905365.0,2092.1844645862243
210405,3039.6666666666665,2666619.0,877.2734949007568
210407,1146.25,2193558.0,1913.6820065430752
210408,1647.8333333333333,3324894.0,2017.7368261353292
210409,2470.3333333333335,6493927.0,2628.7654837403857
210410,1697.25,2999617.0,1767.3395198114597
210420,2270.25,4592051.0,2022.7071908380135
210430,1445.8333333333333,2381672.0,1647.2659365994236
210440,2765.6666666666665,4234128.0,1530.9610702663615
210450,1390.8333333333333,1416834.0,1018.6943079688436
210455,1840.3333333333333,1888967.0,1026.4265531606593
210460,2227.8333333333335,4973606.0,2232.485673673973
210462,961.8333333333334,1875865.0,1950.3015075376884
210465,1667.75,3641425.0,2183.4357667516115
210467,3569.0833333333335,8052544.0,2256.1938873193394
210470,903.0,892067.0,987.8925802879291
210480,8237.833333333334,8740337.0,1060.9994942035728
210490,2063.0,3725015.0,1805.630150266602
210500,4103.416666666667,7926263.0,1931.6251903901218
210510,3808.3333333333335,9638381.0,2530.86590809628
210515,2180.9166666666665,5581938.0,2559.4457987849146
210520,1537.1666666666667,2663402.0,1732.6696302721457
210530,13544.0,13667578.0,1009.1241878322504
210535,2159.5,4326439.0,2003.444778884001
210540,7794.416666666667,9772458.0,1253.7766991329263
210542,3224.0,4399086.0,1364.4807692307693
210545,1408.9166666666667,2827354.0,2006.7574377476783
210547,2158.5,4184259.0,1938.503127171647
210550,2891.25,5822647.0,2013.8856895806312
210560,2181.0,3240755.0,1485.903255387437
210565,780.6666666666666,2029267.0,2599.4026473099916
210570,6602.75,10061025.0,1523.7628260951876
210580,1575.8333333333333,1536203.0,974.851189846642
210590,2480.6666666666665,6833955.0,2754.886455253964
210592,1625.75,3307525.0,2034.461017991696
210594,1141.9166666666667,1497119.0,1311.0580164927387
210596,1530.5,2597210.0,1696.968311009474
210598,1158.9166666666667,1842853.0,1590.1514345293735
210600,1644.8333333333333,1874862.0,1139.8492248454759
210610,1601.3333333333333,3275118.0,2045.2443796835971
210620,1592.6666666666667,3250855.0,2041.139598158225
210630,1932.1666666666667,4007566.0,2074.13059604934
210632,2597.0,4920215.0,1894.5764343473238
210635,1194.9166666666667,1639162.0,1371.7793430504219
210637,1446.1666666666667,3735757.0,2583.2133225769276
210640,2915.3333333333335,9623752.0,3301.081179967985
210650,4894.833333333333,11573015.0,2364.3327998910418
210660,4635.75,7372510.0,1590.3597044706898
210663,1676.1666666666667,2747289.0,1639.0309237347121
210667,1297.3333333333333,3403861.0,2623.7366392600206
210670,2992.1666666666665,7910794.0,2643.834679440762
210675,2938.25,5090405.0,1732.4614991916958
210680,2576.0833333333335,4595817.0,1784.0327370361983
210690,4654.166666666667,8546916.0,1836.4009310653535
210700,1329.0,2017958.0,1518.4033107599698
210710,2933.8333333333335,7294606.0,2486.373686303471
210720,1916.3333333333333,5389439.0,2812.3703252739606
210725,672.25,1432883.0,2131.4734101896615
210730,639.0833333333334,879930.0,1376.862693962707
210735,2795.5833333333335,5434571.0,1943.9846185948072
210740,2911.0833333333335,5949195.0,2043.636103397933
210745,2748.8333333333335,5336851.0,1941.4967561995998
210750,10700.75,9880694.0,923.3646239749551
210760,3580.5,8236143.0,2300.277335567658
210770,3632.75,7783827.0,2142.6817149542358
210780,4525.333333333333,7313599.0,1616.145919269299
210790,2554.5,6469492.0,2532.5864161284007
210800,2939.0,5648211.0,1921.813882272882
210805,2634.3333333333335,7955076.0,3019.768189295204
210810,3074.4166666666665,3075897.0,1000.481500555661
210820,3273.5833333333335,2985522.0,912.0042766591146
210825,4161.333333333333,7455778.0,1791.6800704902275
210830,4989.583333333333,8578114.0,1719.2044759916494
210840,2090.25,3195236.0,1528.6382011721087
210845,4095.8333333333335,8241578.0,2012.185879959308
210850,3352.0833333333335,9813317.0,2927.5277563704162
210860,10860.916666666666,15607878.0,1437.0682032670663
210870,3880.5,8050719.0,2074.6602241979126
210880,2670.4166666666665,4652896.0,1742.3857700109222
210890,2381.4166666666665,1901675.0,798.5477831822795
210900,1473.6666666666667,1068098.0,724.7894141596923
210905,1195.3333333333333,2058407.0,1722.035973229225
210910,3671.1666666666665,4259257.0,1160.1916738548146
210920,2014.8333333333333,5731446.0,2844.6253618992473
210923,836.25,1547702.0,1850.7647234678625
210927,3143.25,7619097.0,2423.95514197089
210930,1450.0,3093326.0,2133.328275862069
210940,2628.5833333333335,4911147.0,1868.36267951685
210945,3718.9166666666665,6191398.0,1664.839133260134
210950,2447.4166666666665,2756454.0,1126.2708297865097
210955,814.4166666666666,897005.0,1101.4079607080732
210960,4758.083333333333,6607651.0,1388.721158729881
210970,683.4166666666666,930888.0,1362.109011096208
210975,1063.3333333333333,2214487.0,2082.589655172414
210980,6227.75,10295120.0,1653.1042511340372
210990,7665.333333333333,10004103.0,1305.1099756479389
211000,8221.916666666666,9734687.0,1183.992418637179
211003,3132.4166666666665,9394020.0,2998.9688472691482
211010,4134.75,13925401.0,3367.8943104178
211020,4678.666666666667,8476992.0,1811.8392704474209
211023,1323.9166666666667,2063609.0,1558.7151759300057
211027,1945.6666666666667,3318208.0,1705.4349837245159
211030,2342.0,2539905.0,1084.5025619128949
211040,3016.0,10380651.0,3441.8604111405834
211050,5994.25,11438564.0,1908.2560787421278
211060,4378.75,9189592.0,2098.679303454182
211065,1167.75,2233455.0,1912.6140012845215
211070,4577.083333333333,6380602.0,1394.032298588985
211080,660.4166666666666,849532.0,1286.3576025236594
211085,1251.3333333333333,1317150.0,1052.597229621737
211090,2122.0,4479560.0,2111.008482563619
211100,4379.916666666667,10040058.0,2292.294297836717
211102,1844.75,4513620.0,2446.738040384876
211105,1295.75,1594623.0,1230.6563766158595
211107,2699.6666666666665,6228722.0,2307.218915915545
211110,2960.9166666666665,3065927.0,1035.4654808477105
211120,18654.75,18782906.0,1006.8698856859513
211125,1209.3333333333333,2392448.0,1978.3197353914004
211130,67033.41666666667,60118001.0,896.8362943357852
211140,3058.0,4060811.0,1327.9303466317854
211150,5381.833333333333,7731576.0,1436.6063609055157
211153,1194.1666666666667,1223237.0,1024.3436147941381
211157,578.0833333333334,1131366.0,1957.0984575464897
211160,2036.9166666666667,3071775.0,1508.0513848545595
211163,1008.0,2831690.0,2809.21626984127
211167,1002.25,2603720.0,2597.8747817410826
211170,4412.416666666667,6910487.0,1566.1456118151427
211172,1485.75,2394258.0,1611.4810701665826
211174,1752.8333333333333,4435279.0,2530.3483883236668
211176,2147.4166666666665,3781564.0,1760.9828864139083
211178,2919.5,5687280.0,1948.0321972940571
211180,2637.4166666666665,4808640.0,1823.238648930456
211190,1767.3333333333333,5183707.0,2933.066955865711
211195,736.8333333333334,803072.0,1089.8964035286133
211200,1002.5833333333334,1392946.0,1389.3568281938326
211210,4042.9166666666665,7634522.0,1888.3698649902092
211220,18009.5,19211438.0,1066.739109914212
211223,2746.75,2278519.0,829.5327204878492
211227,1069.4166666666667,2901903.0,2713.538221771994
211230,4588.166666666667,5375933.0,1171.6952304842166
211240,5393.0,12809801.0,2375.26441683664
211245,4381.666666666667,8480759.0,1935.5098516546213
211250,7859.333333333333,16680533.0,2122.3852319959283
211260,5006.25,12026830.0,2402.36304619226
211270,6242.5,15826691.0,2535.312935522627
211280,7429.5,10113083.0,1361.2064068914462
211285,1067.3333333333333,1988392.0,1862.953154278576
211290,4430.916666666667,8820312.0,1990.6291775591956
211300,4848.083333333333,9283588.0,1914.898602540523
211400,5847.666666666667,6630785.0,1133.9197970700563
220005,1121.6666666666667,1489099.0,1327.5771173848439
220010,770.25,1435518.0,1863.7039922103213
220020,2053.6666666666665,2837539.0,1381.6940431748094
220025,1280.9166666666667,1588819.0,1240.3765532496259
220027,727.4166666666666,1064763.0,1463.7594226142744
220030,2140.5,2422855.0,1131.9107685120298
220040,3654.0,3010478.0,823.8856048166393
220045,788.75,2239723.0,2839.5854199683044
220050,2678.4166666666665,6236205.0,2328.317725024113
220060,1391.4166666666667,1711669.0,1230.1627837336048
220070,1393.5,1157127.0,830.3745963401507
220080,425.5833333333333,1078560.0,2534.309770902683
220090,905.3333333333334,1844810.0,2037.7135493372607
220095,414.9166666666667,317895.0,766.1658967664189
220100,707.0833333333334,1225625.0,1733.3529758397171
220105,1110.5833333333333,1767408.0,1591.423125984843
220110,2100.5833333333335,5110770.0,2433.024159955568
220115,1615.75,2878946.0,1781.8016401052143
220117,694.3333333333334,1402863.0,2020.4459913586172
220120,7702.583333333333,16526806.0,2145.618591165302
220130,639.5833333333334,1477379.0,2309.9085342019544
220140,1158.5,926089.0,799.3862753560638
220150,3993.0,8266400.0,2070.2228900576006
220155,556.0,890132.0,1600.9568345323742
220157,571.1666666666666,960423.0,1681.5109425153196
220160,1594.0833333333333,3786434.0,2375.3049296879085
220170,853.25,1731874.0,2029.7380603574568
220173,1119.3333333333333,1861612.0,1663.143537820131
220177,1424.25,3486443.0,2447.9150430050904
220180,561.75,938388.0,1670.4726301735648
220190,3141.8333333333335,4632729.0,1474.5304758368256
220191,841.25,617042.0,733.4823179791977
220192,886.25,1625988.0,1834.683215796897
220194,963.8333333333334,2057144.0,2134.335811862355
220196,1106.8333333333333,1748376.0,1579.6199367565127
220198,781.5833333333334,2126645.0,2720.944663610193
220200,3051.3333333333335,7585887.0,2486.08925060083
220202,1234.4166666666667,2863574.0,2319.7791129413354
220205,1497.1666666666667,3407492.0,2275.9603695869973
220207,393.75,579771.0,1472.4342857142858
220208,803.6666666666666,830972.0,1033.9759435918706
220209,885.5833333333334,1863119.0,2103.8325021172486
220210,1005.0,1668362.0,1660.0616915422886
220211,988.5833333333334,2070217.0,2094.1249262412543
220213,915.3333333333334,1736211.0,1896.8073561544063
220217,1501.25,3852099.0,2565.9277268942546
220220,4868.333333333333,5057619.0,1038.8809996576515
220225,601.0833333333334,1390194.0,2312.814085678636
220230,3254.9166666666665,4684227.0,1439.1234798637959
220240,1673.1666666666667,3055821.0,1826.3697579440181
220245,928.5,2060785.0,2219.477652127087
220250,1736.9166666666667,4657470.0,2681.458523245214
220253,972.4166666666666,1036817.0,1066.2270974376554
220255,1011.75,1264097.0,1249.4163577958982
220260,2489.5,4995688.0,2006.7033540871662
220265,805.0,1624239.0,2017.688198757764
220270,4063.25,5840734.0,1437.4537623823294
220271,841.0833333333334,1377711.0,1638.0196175567223
220272,988.9166666666666,1885733.0,1906.8674475436085
220273,620.5,1004829.0,1619.385979049154
220275,1137.9166666666667,1930270.0,1696.31929696082
220277,1174.3333333333333,1782971.0,1518.2835651433438
220280,845.75,1351998.0,1598.5787762341117
220285,811.75,1852732.0,2282.3923621804743
220290,3059.3333333333335,4449034.0,1454.2495096971018
220300,1131.0833333333333,2611014.0,2308.418772563177
220310,1499.6666666666667,3833886.0,2556.492109357635
220320,1530.6666666666667,4020241.0,2626.464067944251
220323,784.5833333333334,1263840.0,1610.842272968667
220325,690.0833333333334,1761264.0,2552.248279193334
220327,823.5833333333334,1588606.0,1928.8952747141554
220330,2321.0,3765422.0,1622.3274450667816
220335,1021.5,2692825.0,2636.147821830641
220340,847.0,865496.0,1021.8370720188902
220342,656.25,1208844.0,1842.048
220345,1622.0,2710483.0,1671.0745992601726
220350,1608.8333333333333,1563954.0,972.1044234952865
220360,612.6666666666666,1235200.0,2016.1044613710555
220370,5389.083333333333,8747541.0,1623.1964619833307
220375,996.0833333333334,2576889.0,2587.0215008784403
220380,813.0,1227689.0,1510.0725707257072
220385,421.1666666666667,655949.0,1557.4570637119114
220390,3744.25,2979405.0,795.728116445216
220400,750.5,986693.0,1314.7141905396402
220410,613.0,1132074.0,1846.7765089722675
220415,391.8333333333333,607302.0,1549.898766482348
220420,1012.0,1119488.0,1106.2134387351778
220430,1507.6666666666667,2528530.0,1677.1147468494362
220435,982.25,1525035.0,1552.5935352507
220440,1415.6666666666667,2857987.0,2018.8276430421472
220450,1224.4166666666667,2479908.0,2025.3791601442863
220455,834.3333333333334,2348929.0,2815.3363963244105
220460,615.1666666666666,809977.0,1316.6789487943647
220465,1289.6666666666667,1935029.0,1500.410183509951
220470,2036.0,1945085.0,955.3462671905697
220480,1270.9166666666667,996272.0,783.9003344043014
220490,1511.8333333333333,2395843.0,1584.7269319810387
220500,1611.5833333333333,1544309.0,958.2557526242309
220510,1306.75,1759021.0,1346.1036923665583
220515,1058.25,1321790.0,1249.033782187574
220520,2877.0833333333335,4619873.0,1605.7487617668355
220525,802.75,1767863.0,2202.2584864528185
220527,739.1666666666666,1262501.0,1708.0058624577227
220530,808.25,1648213.0,2039.2366223321992
220535,498.0833333333333,722778.0,1451.1186213819642
220540,2123.75,4402624.0,2073.042495585639
220545,897.25,1480980.0,1650.5767623293395
220550,4873.583333333333,7695661.0,1579.0559991792488
220551,756.75,1160262.0,1533.217046580773
220552,842.0,2192354.0,2603.745843230404
220553,851.6666666666666,1567171.0,1840.122504892368
220554,363.8333333333333,362051.0,995.1012368300504
220555,1242.4166666666667,3097962.0,2493.496814004963
220556,598.0833333333334,1305236.0,2182.3647763689564
220557,893.4166666666666,1565877.0,1752.6838914280386
220558,685.0833333333334,1509851.0,2203.89393017881
220559,929.9166666666666,1629849.0,1752.682856886818
220560,939.1666666666666,1606160.0,1710.1969831410827
220570,4315.75,5631150.0,1304.7905925968835
220580,4285.75,8398991.0,1959.7482354313713
220585,1156.0,3001562.0,2596.506920415225
220590,685.1666666666666,921361.0,1344.7253709559718
220595,1537.5833333333333,2842020.0,1848.3681101295324
220600,747.75,694850.0,929.2544299565362
220605,902.25,2167926.0,2402.7996674979217
220610,1758.25,3838746.0,2183.276553391156
220620,5005.666666666667,10852672.0,2168.0772457881067
220630,160.16666666666666,286524.0,1788.9115504682622
220635,976.3333333333334,1828193.0,1872.5090474564697
220640,1410.8333333333333,2894337.0,2051.508800945068
220650,1091.75,1961890.0,1797.0139683993589
220660,1516.5,3813737.0,2514.828222881635
220665,687.1666666666666,1949408.0,2836.8780014552513
220667,964.75,1954452.0,2025.8636952578388
220669,1162.0833333333333,1298625.0,1117.497310864109
220670,1141.5,2490415.0,2181.7038983793254
220672,1668.1666666666667,2844982.0,1705.4542911379758
220675,714.4166666666666,776145.0,1086.4038259652398
220680,1799.4166666666667,3141015.0,1745.5740286203861
220690,905.6666666666666,1321344.0,1458.9738682370262
220695,559.25,1200863.0,2147.274027715691
220700,4901.75,5151597.0,1050.9709797521293
220710,392.0833333333333,662675.0,1690.1381509032944
220720,1228.9166666666667,2197827.0,1788.4263918085032
220730,695.5,1536237.0,2208.823867721064
220735,514.0,707442.0,1376.3463035019456
220740,707.8333333333334,966940.0,1366.0560395573345
220750,2384.6666666666665,3092583.0,1296.8617556611687
220755,690.6666666666666,1170825.0,1695.2099420849422
220760,1751.3333333333333,3947395.0,2253.9370003806625
220770,9912.75,8053205.0,812.4087664876043
220775,739.9166666666666,1106032.0,1494.806171866201
220777,762.5833333333334,564768.0,740.5984045459512
220779,760.4166666666666,1447568.0,1903.651068493151
220780,3073.4166666666665,3076350.0,1000.9544209755701
220785,928.9166666666666,1615686.0,1739.3228671391407
220790,5851.583333333333,12801567.0,2187.7099360571924
220793,471.1666666666667,1125810.0,2389.4092677750264
220795,800.5,1367994.0,1708.9244222361024
220800,7860.666666666667,5472547.0,696.1937494699347
220810,1645.25,3387327.0,2058.8524540343415
220820,2671.1666666666665,2441126.0,913.8800773694392
220830,4110.25,7163906.0,1742.9368043306367
220840,5366.25,5442097.0,1014.1340787328209
220850,1943.6666666666667,4766178.0,2452.1581203910137
220855,393.9166666666667,647895.0,1644.751427966998
220860,616.0833333333334,1266689.0,2056.0351684025427
220865,1182.5,2320971.0,1962.7661733615223
220870,1657.3333333333333,4438755.0,2678.251206757844
220880,3143.0833333333335,4887423.0,1554.9772251239494
220885,770.3333333333334,1654217.0,2147.4041540458675
220887,895.0,1211412.0,1353.5329608938548
220890,803.6666666666666,1552250.0,1931.4599751140606
220900,1078.9166666666667,1726969.0,1600.6509616127287
220910,858.1666666666666,1251281.0,1458.0862303359877
220915,482.3333333333333,940749.0,1950.4125777470629
220920,827.5,1863861.0,2252.4
220930,972.4166666666666,2379801.0,2447.3058531150914
220935,510.6666666666667,410718.0,804.2780678851175
220937,785.0833333333334,1120482.0,1427.214096168135
220940,754.6666666666666,1655264.0,2193.3710247349823
220945,245.66666666666666,761612.0,3100.1845318860246
220950,589.6666666666666,1087670.0,1844.5505935556812
220955,842.4166666666666,1492205.0,1771.3384113166487
220960,367.3333333333333,604824.0,1646.5263157894738
220965,1034.0833333333333,2582790.0,2497.661374808607
220970,937.3333333333334,1928045.0,2056.947012802276
220975,383.4166666666667,873322.0,2277.7361443164527
220980,707.1666666666666,986495.0,1394.9964647654963
220985,680.8333333333334,1202449.0,1766.1429620563035
220987,835.3333333333334,1736463.0,2078.766560255387
220990,1013.6666666666666,2347616.0,2315.964485366656
220995,562.4166666666666,949727.0,1688.6537264779968
220997,1545.6666666666667,3797514.0,2456.8777226655166
221000,2537.8333333333335,4506497.0,1775.726144348854
221005,877.6666666666666,1515572.0,1726.8195974173948
221010,645.9166666666666,903944.0,1399.4746484324603
221020,856.0833333333334,1495551.0,1746.9689477270515
221030,894.5833333333334,1756728.0,1963.7387983232416
221035,866.9166666666666,1711995.0,1974.8091896568299
221037,340.5833333333333,808475.0,2373.794959628089
221038,245.25,380312.0,1550.711518858308
221039,479.0833333333333,972633.0,2030.1958601495912
221040,2358.0,2700078.0,1145.0712468193385
221050,2338.9166666666665,3467103.0,1482.3542238215698
221060,4365.0,8000929.0,1832.973424971363
221062,631.75,1067858.0,1690.3173723783143
221063,587.3333333333334,557185.0,948.6691259931895
221065,1641.25,2252707.0,1372.5556740289414
221070,1702.5,1988204.0,1167.8143906020557
221080,1743.75,3347483.0,1919.7035125448028
221090,763.9166666666666,1403658.0,1837.4491109414205
221093,749.0833333333334,539136.0,719.7276671487373
221095,506.3333333333333,1028690.0,2031.64581961817
221097,384.4166666666667,577918.0,1503.3635378278777
221100,55331.333333333336,69966185.0,1264.4948311384749
221110,6186.25,13708597.0,2215.9785007072137
221120,2631.5833333333335,4473608.0,1699.9682067196554
221130,2108.25,1549834.0,735.1281868848571
221135,982.0,1393672.0,1419.2179226069247
221140,724.9166666666666,1008322.0,1390.9488446947926
221150,537.3333333333334,658300.0,1225.124069478908
221160,419.3333333333333,591789.0,1411.2615262321144
221170,652.8333333333334,502695.0,770.0204237937196
230010,1587.9166666666667,3343634.0,2105.673471529782
230015,1653.0833333333333,3320837.0,2008.874527398296
230020,8471.666666666666,17735426.0,2093.4990360023608
230030,7596.25,14118435.0,1858.60589106467
230040,2499.4166666666665,5692003.0,2277.3325776014403
230050,986.6666666666666,1011678.0,1025.3493243243245
230060,1192.0,2920113.0,2449.7592281879197
230070,1887.5,1441262.0,763.5825165562914
230075,5650.583333333333,6798264.0,1203.1083516451104
230080,1547.5,2903416.0,1876.1977382875605
230090,2285.6666666666665,3437472.0,1503.9253317777454
230100,8261.833333333334,9457497.0,1144.7213491759294
230110,5828.083333333333,5110156.0,876.8158771465748
230120,3884.8333333333335,5525337.0,1422.284182075593
230125,1607.0,2264891.0,1409.3907902924705
230130,2744.5833333333335,1986053.0,723.6264156672232
230140,1713.1666666666667,3650924.0,2131.0967992995425
230150,751.0,896765.0,1194.0945406125165
230160,3460.3333333333335,6786387.0,1961.1945862633656
230170,3288.9166666666665,3321168.0,1009.8060658271468
230180,867.0,2071625.0,2389.41753171857
230185,2328.9166666666665,2722529.0,1169.0109135148675
230190,5866.416666666667,4875031.0,831.0066053951163
230195,3185.8333333333335,2919028.0,916.2525765105937
230200,2736.25,3623081.0,1324.1045226130652
230205,2226.8333333333335,3470405.0,1558.448469425941
230210,5167.916666666667,5522834.0,1068.6770620011287
230220,7398.833333333333,10826030.0,1463.2077129277138
230230,4015.9166666666665,4747304.0,1182.122138988608
230240,7595.916666666667,15699005.0,2066.768987723667
230250,5416.5,4059541.0,749.4767839010431
230260,7142.25,7747688.0,1084.7685253246525
230270,3291.0833333333335,2317187.0,704.0803180310435
230280,10822.833333333334,12030236.0,1111.5606818916797
230290,2577.0,4052633.0,1572.616608459449
230300,3062.75,6245507.0,2039.182760590972
230310,2413.25,4637706.0,1921.7677405987777
230320,3955.1666666666665,9414434.0,2380.287556360878
230330,2397.25,3952856.0,1648.9127124830536
230340,1959.3333333333333,3635032.0,1855.2391970057843
230350,8794.25,10608209.0,1206.2664809392502
230360,1431.1666666666667,1729531.0,1208.4763013858158
230365,1721.9166666666667,3274759.0,1901.8103857135943
230370,29065.833333333332,31346396.0,1078.4619742538491
230380,3046.8333333333335,5490455.0,1802.0201301898144
230390,1844.75,4605084.0,2496.318742377016
230393,1781.3333333333333,3604450.0,2023.4562125748505
230395,2903.6666666666665,3467183.0,1194.0706003903113
230400,3176.0,4993688.0,1572.3198992443324
230410,7003.5,7872960.0,1124.1464981794818
230420,12157.333333333334,13334616.0,1096.8372450098705
230423,2697.0,6646210.0,2464.2973674453096
230425,3196.5833333333335,5024600.0,1571.8657942073567
230426,1263.5833333333333,2935443.0,2323.109938666491
230427,763.9166666666666,956038.0,1251.495145631068
230428,4374.25,3757494.0,859.0030290907013
230430,2513.1666666666665,4363309.0,1736.179720140593
230435,2685.6666666666665,2520040.0,938.3294030035994
230440,180543.16666666666,209629600.0,1161.1051465992898
230445,1958.5833333333333,1586522.0,810.0354848317237
230450,1878.8333333333333,2571105.0,1368.4582631065377
230460,1183.25,2807375.0,2372.596661736742
230465,2143.8333333333335,2441270.0,1138.74057373863
230470,6606.583333333333,7822773.0,1184.0875389447394
230480,680.3333333333334,1593576.0,2342.3459088682016
230490,1164.4166666666667,1620794.0,1391.9364488656695
230495,3012.8333333333335,2533443.0,840.8838856004868
230500,5605.583333333333,10301985.0,1837.8078403972231
230510,531.6666666666666,615904.0,1158.4401253918495
230520,2508.6666666666665,3124279.0,1245.3942333244752
230523,4617.416666666667,3806502.0,824.379144182353
230526,1901.1666666666667,3410942.0,1794.1309722100464
230530,2929.75,3300753.0,1126.632989162898
230533,2219.1666666666665,3414300.0,1538.5505069470523
230535,2615.9166666666665,3954742.0,1511.7996878086076
230540,9194.833333333334,15500092.0,1685.7393101198136
230550,9525.75,10327879.0,1084.2063879484556
230560,4295.666666666667,8502037.0,1979.21246217118
230565,1701.75,3286547.0,1931.2748641104745
230570,1904.0833333333333,3640451.0,1911.9178957503611
230580,6062.166666666667,5547411.0,915.0871800511368
230590,4781.666666666667,4964812.0,1038.3015684907632
230600,1676.0833333333333,1578123.0,941.5540197881967
230610,3635.25,4818513.0,1325.4970084588406
230620,885.4166666666666,1377608.0,1555.8866823529413
230625,3138.4166666666665,2181717.0,695.1648655107406
230630,5299.916666666667,4847679.0,914.67079671064
230640,16690.0,28172849.0,1688.0077291791492
230650,2941.0833333333335,4525257.0,1538.63610347661
230655,5803.25,8813560.0,1518.7282987980873
230660,3139.25,8467833.0,2697.4063868758462
230670,2963.4166666666665,3730343.0,1258.7980090548635
230680,1343.6666666666667,1664610.0,1238.8563631853137
230690,3544.9166666666665,2575210.0,726.4514915724394
230700,4973.166666666667,5585316.0,1123.0904520928984
230710,3534.5833333333335,5008641.0,1417.0385948367323
230720,911.5,1143108.0,1254.095447065277
230725,1951.75,1752554.0,897.9397976175227
230730,19220.166666666668,15073306.0,784.2442920196668
230740,3320.75,7917091.0,2384.127380862757
230750,4411.583333333333,6616954.0,1499.9045694100757
230760,5914.666666666667,6516530.0,1101.757777276826
230763,2634.5833333333335,5088604.0,1931.4644314407717
230765,17418.833333333332,20072335.0,1152.3352118875164
230770,12291.333333333334,11963425.0,973.3219883929055
230780,3224.75,3463038.0,1073.8934801147375
230790,1701.4166666666667,3303708.0,1941.7395307831707
230800,4026.8333333333335,4179410.0,1037.8899879971855
230810,6446.0,8762800.0,1359.4166925224945
230820,1556.3333333333333,2806520.0,1803.289783679589
230830,4255.333333333333,8121088.0,1908.4493185022718
230835,2110.0833333333335,2643387.0,1252.7405710674932
230837,1889.3333333333333,2361386.0,1249.8514467184193
230840,4907.25,5044554.0,1027.9798257679963
230850,5177.583333333333,5767669.0,1113.969322882297
230860,2807.9166666666665,6060977.0,2158.5316515803534
230870,9388.666666666666,11887532.0,1266.157636867145
230880,1248.4166666666667,2963544.0,2373.842066617716
230890,2680.6666666666665,2748500.0,1025.3046505844318
230900,1534.3333333333333,1175280.0,765.9873995220509
230910,1642.6666666666667,3877482.0,2360.4801136363635
230920,2351.4166666666665,5206870.0,2214.3544671651844
230930,3324.9166666666665,3094068.0,930.5700894759268
230940,4612.583333333333,5856780.0,1269.739661433398
230945,3550.25,4564813.0,1285.7722695584819
230950,3700.9166666666665,5521396.0,1491.8995744297586
230960,6203.333333333333,5766848.0,929.6369693713058
230970,6303.166666666667,6371264.0,1010.8036701129062
230980,1338.9166666666667,1190150.0,888.8902719860583
230990,813.25,947791.0,1165.4362127267138
231000,1207.0833333333333,2020428.0,1673.8098722816708
231010,1747.3333333333333,2760622.0,1579.9057611598628
231020,4036.3333333333335,4435467.0,1098.8852093484186
231025,3983.5,3915328.0,982.8864064265093
231030,3196.9166666666665,2433317.0,761.1449573808096
231040,1656.0833333333333,3112862.0,1879.6529965279526
231050,5930.833333333333,5825044.0,982.162821413517
231060,1517.1666666666667,3752565.0,2473.403273646051
231070,4162.333333333333,5139136.0,1234.6767037719228
231080,2164.25,4863588.0,2247.23945939702
231085,3050.5833333333335,2313680.0,758.4385500040976
231090,2027.0833333333333,3516606.0,1734.8107708119219
231095,1094.5833333333333,1541661.0,1408.4455272173584
231100,1671.8333333333333,3001738.0,1795.4768218522581
231110,2105.75,1518481.0,721.1117179152321
231120,1185.6666666666667,2279621.0,1922.6491425358447
231123,919.3333333333334,1381253.0,1502.4506889050035
231126,2792.4166666666665,2639346.0,945.1834432540512
231130,10872.333333333334,10288421.0,946.2937425269031
231135,2096.0833333333335,2491565.0,1188.676499821095
231140,8204.666666666666,13391319.0,1632.1588120581785
231150,2040.5833333333333,1641175.0,804.2675705476375
231160,3086.4166666666665,2842192.0,920.8711288711289
231170,2177.4166666666665,1884352.0,865.40717210762
231180,5524.666666666667,4251565.0,769.5604561361167
231190,2034.8333333333333,3591057.0,1764.7917110328447
231195,2499.9166666666665,2645629.0,1058.2868762292078
231200,4465.833333333333,9759798.0,2185.437133793618
231210,2555.0,4898155.0,1917.0861056751469
231220,5926.666666666667,6054150.0,1021.5101237345332
231230,5245.416666666667,6599383.0,1258.1236952895383
231240,5659.416666666667,6415703.0,1133.633266090439
231250,762.4166666666666,536299.0,703.4198273035305
231260,1653.4166666666667,1709709.0,1034.0460662265007
231270,3283.5833333333335,6591945.0,2007.5461259294977
231280,998.1666666666666,2040055.0,2043.8019702788447
231290,15419.083333333334,13977436.0,906.5023969215636
231300,1919.5,2398815.0,1249.7082573586872
231310,3353.75,3783389.0,1128.1070443533358
231320,3827.0,8491916.0,2218.948523647766
231325,1180.8333333333333,1116158.0,945.2290755116444
231330,4489.833333333333,3560043.0,792.9120605813134
231335,3241.6666666666665,7288191.0,2248.285141388175
231340,9522.416666666666,11164995.0,1172.495952533058
231350,9856.333333333334,16751874.0,1699.6050593527004
231355,2405.75,4199702.0,1745.6934427933077
231360,4134.333333333333,5250224.0,1269.9082480045151
231370,1092.6666666666667,2273090.0,2080.314215985357
231375,2772.6666666666665,6335877.0,2285.120341428228
231380,3545.0833333333335,4536038.0,1279.529301144778
231390,1890.5,2313526.0,1223.7640835757736
231395,1923.75,1924061.0,1000.1616634178038
231400,5172.916666666667,10968904.0,2120.448618606524
231410,8862.75,13437536.0,1516.1813206961722
240010,1013.8333333333334,1334306.0,1316.099950682229
240020,5919.916666666667,7069305.0,1194.1561677388477
240030,1688.1666666666667,1759436.0,1042.2170006910849
240040,399.25,836481.0,2095.1308703819664
240050,1702.9166666666667,3692662.0,2168.433765598238
240060,717.6666666666666,1460281.0,2034.7621922898284
240070,1167.3333333333333,1224026.0,1048.5659623072531
240080,1486.5833333333333,2440530.0,1641.7041313974999
240090,1151.5,2488354.0,2160.9674337820234
240100,4942.833333333333,6875483.0,1391.0003709073744
240110,2259.8333333333335,2287698.0,1012.3304078471863
240120,1528.25,2740508.0,1793.2327825944708
240130,2108.4166666666665,2887306.0,1369.4190743448876
240140,895.5833333333334,1271333.0,1419.558574485903
240145,2948.5,2742027.0,929.9735458707818
240150,542.5833333333334,1049580.0,1934.4125326370756
240160,734.5833333333334,1994553.0,2715.216789563244
240165,488.3333333333333,718053.0,1470.415699658703
240170,1245.25,1165710.0,936.1252760489862
240180,1267.4166666666667,1289804.0,1017.6637517259517
240185,764.25,1790098.0,2342.293752044488
240190,584.5,1640599.0,2806.8417450812663
240200,4336.583333333333,3664714.0,845.0694286977075
240210,1666.5,3021130.0,1812.859285928593
240220,4257.083333333333,8111978.0,1905.5248311637467
240230,2858.25,3919194.0,1371.1865652059828
240240,375.25,335978.0,895.344437041972
240250,1569.6666666666667,2844388.0,1812.0968358462517
240260,6975.416666666667,5955796.0,853.8265575533122
240270,1243.0833333333333,1694250.0,1362.9416102433465
240280,863.5833333333334,1309270.0,1516.0899353469072
240290,588.4166666666666,1119748.0,1902.9848463390456
240300,833.9166666666666,1289736.0,1546.600579594284
240310,3351.5,2600067.0,775.7920334178726
240320,872.5,1752130.0,2008.1719197707737
240325,10929.333333333334,11413989.0,1044.344485787483
240330,684.0,1428234.0,2088.061403508772
240340,917.9166666666666,1373510.0,1496.33408987744
240350,1427.25,2341110.0,1640.2942722017867
240360,3790.75,3982416.0,1050.5614983842247
240370,796.0833333333334,785264.0,986.4092955092641
240375,476.5833333333333,753072.0,1580.1475782479456
240380,863.75,703351.0,814.2992764109986
240390,363.25,270905.0,745.7811424638678
240400,623.4166666666666,909276.0,1458.5365592835183
240410,267.5,439273.0,1642.1420560747663
240420,2193.3333333333335,2524137.0,1150.8223404255318
240430,1708.8333333333333,2148061.0,1257.0336486881888
240440,1248.25,1173465.0,940.0881233727218
240450,1592.25,2543925.0,1597.691945360339
240460,1730.4166666666667,2677159.0,1547.1181314712255
240470,1481.25,1201634.0,811.2297046413502
240480,168.25,169016.0,1004.5527488855869
240485,980.1666666666666,1293552.0,1319.7265771127359
240490,811.1666666666666,1252640.0,1544.2449147318678
240500,1207.0,2184338.0,1809.724937862469
240510,970.0,921024.0,949.5092783505155
240520,695.6666666666666,927369.0,1333.065165309056
240530,1306.9166666666667,1589408.0,1216.1509915194797
240540,1300.75,2517073.0,1935.0935998462426
240550,389.5833333333333,807900.0,2073.7540106951874
240560,1754.5833333333333,1323410.0,754.2588458798385
240570,802.9166666666666,714823.0,890.2829268292684
240580,4626.75,7591612.0,1640.8087750580862
240590,397.5833333333333,810153.0,2037.6935652902957
240600,744.0833333333334,1182229.0,1588.8395117034381
240610,2232.1666666666665,3931116.0,1761.1211827073846
240615,547.9166666666666,804505.0,1468.2980988593156
240620,976.75,1453207.0,1487.798310724341
240630,1115.9166666666667,1054388.0,944.8626689567619
240640,433.6666666666667,788956.0,1819.2682551883165
240650,2105.5833333333335,2079761.0,987.736256777615
240660,1856.8333333333333,3320725.0,1788.3807557669868
240670,1126.9166666666667,1890703.0,1677.7664719367003
240680,728.5833333333334,908234.0,1246.5753173967746
240690,502.4166666666667,939797.0,1870.5529938629954
240700,1327.5833333333333,3274572.0,2466.5660661603165
240710,7644.5,8279884.0,1083.1164889790045
240720,2746.5833333333335,1884425.0,686.0978791832276
240725,487.0833333333333,1035343.0,2125.597262617622
240730,1134.0833333333333,2262363.0,1994.8825042251453
240740,897.1666666666666,865657.0,964.8786921790823
240750,961.0,1390430.0,1446.8574401664932
240760,639.4166666666666,863613.0,1350.6263521438811
240770,1748.9166666666667,3237191.0,1850.9692666889025
240780,2222.4166666666665,1881738.0,846.7080130488583
240790,392.5,932989.0,2377.0420382165603
240800,16881.0,13767835.0,815.5817190924708
240810,44010.916666666664,55316895.0,1256.8903169857479
240820,2826.0,3388809.0,1199.1539278131636
240830,4973.0,9316412.0,1873.3987532676454
240840,523.25,421079.0,804.7376970855232
240850,439.0,424193.0,966.2710706150342
240860,559.0833333333334,1312989.0,2348.467431808019
240870,468.25,350409.0,748.3374265883609
240880,677.5833333333334,1355755.0,2000.8682818841469
240890,1712.1666666666667,1669996.0,975.3699990265744
240895,1616.3333333333333,3214677.0,1988.8700763043928
240910,1720.8333333333333,4060244.0,2359.4638256658595
240920,370.5833333333333,336511.0,908.0575668990331
240930,1790.75,2248673.0,1255.7157615524222
240933,925.9166666666666,1716350.0,1853.6765367653677
240940,2648.5,1992997.0,752.500283179158
240950,567.0833333333334,1417804.0,2500.1686994856723
240960,388.1666666666667,937954.0,2416.3692571919278
240970,992.75,1610282.0,1622.041803072274
240980,1963.9166666666667,3930369.0,2001.2911274239402
240990,1452.25,2035867.0,1401.8708899982785
241000,442.5,916539.0,2071.2745762711866
241010,1641.75,2727128.0,1661.110400487285
241020,907.3333333333334,939067.0,1034.9746509919178
241025,847.5,2136206.0,2520.5970501474926
241030,1174.5833333333333,1609236.0,1370.0483859524654
241040,1296.75,2668729.0,2058.013495276653
241050,634.3333333333334,1528373.0,2409.416184971098
241060,403.5833333333333,440101.0,1090.4835845550278
241070,378.4166666666667,618755.0,1635.115613301035
241080,522.4166666666666,1347979.0,2580.2756420481737
241090,989.25,2690757.0,2719.996967399545
241100,517.8333333333334,539694.0,1042.2156420984873
241105,350.3333333333333,270950.0,773.4062797335871
241110,432.75,765597.0,1769.1438474870017
241120,3716.25,3195765.0,859.9434914228052
241140,1635.4166666666667,1214828.0,742.8247643312102
241142,274.25,429090.0,1564.5943482224247
241150,3314.1666666666665,3298550.0,995.2879054563742
241160,432.0,570405.0,1320.3819444444443
241170,714.6666666666666,1179559.0,1650.5023320895523
241180,386.5,377615.0,977.0116429495472
241190,500.9166666666667,1017978.0,2032.2302445516552
241200,8810.333333333334,8956516.0,1016.5921834209829
241210,575.6666666666666,575751.0,1000.1464968152867
241220,4250.666666666667,3949627.0,929.1782465495608
241230,1746.0,1306180.0,748.0985108820161
241240,323.9166666666667,606759.0,1873.1947517365577
241250,2701.0833333333335,6274658.0,2323.015333353901
241255,1128.75,1941155.0,1719.7386489479513
241260,2240.25,4775182.0,2131.539783506305
241270,859.0833333333334,1214139.0,1413.2959549907846
241280,1227.25,1677791.0,1367.114279894072
241290,1576.9166666666667,2710651.0,1718.9564022617976
241300,687.5,1167189.0,1697.7294545454545
241310,1148.5,2572237.0,2239.649107531563
241320,473.8333333333333,717411.0,1514.0576855434401
241330,887.6666666666666,2077622.0,2340.5429966203533
241335,1744.75,2751527.0,1577.0322395758706
241340,579.5833333333334,541261.0,933.8795111430625
241350,1091.8333333333333,1681615.0,1540.175545718211
241355,670.0,1356114.0,2024.0507462686567
241360,879.5,921474.0,1047.724843661171
241370,631.75,819248.0,1296.791452314998
241380,242.25,253810.0,1047.719298245614
241390,1578.3333333333333,1817063.0,1151.2542766631468
241400,2089.3333333333335,3761775.0,1800.4666560306316
241410,1085.8333333333333,1166702.0,1074.47613200307
241415,814.9166666666666,1386811.0,1701.7825953573986
241420,1057.3333333333333,1044627.0,987.9826607818412
241430,206.91666666666666,344349.0,1664.1917035843737
241440,4389.083333333333,5662029.0,1290.0254039378003
241445,668.1666666666666,1043798.0,1562.1820902968323
241450,1383.25,1465489.0,1059.4534610518706
241460,1829.0833333333333,1651471.0,902.8954394277644
241470,747.3333333333334,1696702.0,2270.3416592328276
241475,537.9166666666666,1161862.0,2159.9293570875293
241480,1183.3333333333333,807134.0,682.0850704225353
241490,284.4166666666667,460544.0,1619.2581306768238
241500,476.6666666666667,1160454.0,2434.518881118881
250010,1301.3333333333333,3270358.0,2513.0824795081967
250020,692.25,1515462.0,2189.1830985915494
250030,3994.8333333333335,3923621.0,982.1738912762318
250040,2193.0,2611397.0,1190.7875056999544
250050,2058.3333333333335,3817437.0,1854.6252631578946
250053,671.5833333333334,534883.0,796.4506762625635
250057,423.8333333333333,1454723.0,3432.2996460872987
250060,3047.75,3105531.0,1018.9585759986876
250070,2265.25,5592101.0,2468.6462862818676
250073,383.5,884430.0,2306.205997392438
250077,1027.8333333333333,1829155.0,1779.6221825847254
250080,2810.25,4719307.0,1679.3192776443377
250090,1927.6666666666667,2264424.0,1174.6968701366072
250100,2193.4166666666665,2653337.0,1209.6821549333233
250110,2933.1666666666665,3333442.0,1136.4652537075972
250115,270.6666666666667,664594.0,2455.3965517241377
250120,959.5,2543034.0,2650.3741532047943
250130,3180.75,7734501.0,2431.6595142655033
250135,709.6666666666666,1530248.0,2156.291216533584
250140,1493.0833333333333,2841788.0,1903.3016688061618
250150,2943.5,5611669.0,1906.4613555291319
250153,755.5833333333334,1372264.0,1816.1649939340464
250157,1090.25,1790955.0,1642.7012153175876
250160,2232.5833333333335,4345333.0,1946.3251091784553
250170,1078.75,2162430.0,2004.5701042873695
250180,10923.583333333334,11575444.0,1059.674618371566
250190,2147.5833333333335,2525526.0,1175.9850995304798
250200,1116.9166666666667,1938063.0,1735.190330523017
250205,462.0,1337889.0,2895.8636363636365
250210,883.9166666666666,2022089.0,2287.6466484397097
250215,636.9166666666666,718480.0,1128.0596624362163
250220,295.0833333333333,600922.0,2036.4484608867554
250230,734.6666666666666,1201646.0,1635.6343012704176
250240,1377.5,3016108.0,2189.5520871143376
250250,2591.75,4685882.0,1807.9992283206327
250260,873.4166666666666,1802984.0,2064.2885220875874
250270,669.1666666666666,1127109.0,1684.3471980074721
250280,1843.1666666666667,2226217.0,1207.8218645447146
250290,858.3333333333334,1691070.0,1970.178640776699
250300,3167.4166666666665,4238472.0,1338.1479123365518
250310,620.0833333333334,441767.0,712.4316624109662
250320,5838.583333333333,9516521.0,1629.9366570086922
250330,1228.8333333333333,1840302.0,1497.60097653601
250340,672.3333333333334,1291851.0,1921.4442240951907
250350,2368.0,4259465.0,1798.7605574324325
250355,1220.9166666666667,3445244.0,2821.8502491297522
250360,1065.75,1741192.0,1633.7715224020642
250370,6757.916666666667,12806805.0,1895.0818176213083
250375,670.6666666666666,1643995.0,2451.2847912524853
250380,944.6666666666666,1555248.0,1646.3458009880028
250390,999.3333333333334,1535582.0,1536.606404269513
250400,21555.166666666668,14175619.0,657.643673983809
250403,945.25,1825540.0,1931.2774398307326
250407,544.25,550595.0,1011.6582452916858
250410,363.25,537614.0,1480.0110116999313
250415,1129.0,2670846.0,2365.674047829938
250420,714.3333333333334,1619180.0,2266.7008866075594
250430,3516.0,3341381.0,950.3358930602958
250435,710.6666666666666,1717626.0,2416.9221388367732
250440,2786.4166666666665,4927292.0,1768.3256272991
250450,947.1666666666666,2349792.0,2480.8643322188987
250460,3954.3333333333335,6054298.0,1531.0540335496923
250470,763.1666666666666,1214258.0,1591.0784013976852
250480,2317.4166666666665,6076454.0,2622.080909058219
250485,292.5,420139.0,1436.3726495726496
250490,3059.8333333333335,3114808.0,1017.9665559126314
250500,1123.3333333333333,1541737.0,1372.466172106825
250510,3097.5833333333335,5351589.0,1727.6658685534421
250520,945.6666666666666,892238.0,943.5015861825873
250523,1329.5833333333333,1626125.0,1223.0335318082107
250527,1009.3333333333334,2293606.0,2272.396961690885
250530,353.75,810979.0,2292.5201413427562
250535,812.25,1985892.0,2444.927054478301
250540,1615.3333333333333,2995147.0,1854.1974824597607
250550,419.75,902862.0,2150.951756998213
250560,1010.0833333333334,1866055.0,1847.4267799686493
250570,1487.0833333333333,3258486.0,2191.19260297002
250580,593.6666666666666,901294.0,1518.1819202695117
250590,464.5,781034.0,1681.4510226049515
250600,4341.416666666667,6784933.0,1562.8384743843214
250610,1833.8333333333333,3404318.0,1856.3944378805782
250620,402.3333333333333,764689.0,1900.63545981773
250625,1455.8333333333333,3144324.0,2159.8104178591875
250630,4908.5,6728710.0,1370.8281552409087
250640,2102.5,4533678.0,2156.327229488704
250650,500.1666666666667,902009.0,1803.4168610463178
250660,870.25,1052914.0,1209.8983050847457
250670,1498.1666666666667,3838804.0,2562.334408721771
250680,3555.5,6669516.0,1875.8306848544507
250690,3863.75,4023129.0,1041.2498220640568
250700,2290.1666666666665,1895038.0,827.4672876792083
250710,2410.25,2724410.0,1130.3433253811845
250720,1691.9166666666667,3661375.0,2164.039797074324
250730,2313.8333333333335,4022184.0,1738.3205359072244
250740,1035.4166666666667,1128817.0,1090.2055533199195
250750,50676.333333333336,55896312.0,1103.0062422301007
250760,1218.75,1518655.0,1246.0758974358973
250770,2260.5,1866231.0,825.5832780358328
250780,925.9166666666666,1160819.0,1253.6970569705697
250790,1321.5833333333333,2760589.0,2088.8497383189356
250800,1389.25,2373968.0,1708.8126687061365
250810,693.8333333333334,1357180.0,1956.060533269277
250820,1217.5,2719307.0,2233.51704312115
250830,2858.75,2249164.0,786.7648447748142
250840,404.5,1212007.0,2996.309023485785
250850,1077.5833333333333,2762905.0,2563.9826772871397
250855,534.9166666666666,963284.0,1800.8113413304254
250860,1506.4166666666667,1779086.0,1181.005255296786
250870,593.1666666666666,1298468.0,2189.0441135150327
250880,736.9166666666666,1283756.0,1742.0640054280223
250890,5806.083333333333,6004410.0,1034.1584257890431
250900,1647.4166666666667,1930265.0,1171.6920430977793
250905,1712.25,2999752.0,1751.935757044824
250910,3430.3333333333335,6673894.0,1945.55261879312
250915,991.5833333333334,2170843.0,2189.269350365577
250920,1910.5833333333333,1820519.0,952.8602957212021
250930,1315.0,2136470.0,1624.6920152091254
250933,657.6666666666666,1551671.0,2359.3578307146477
250937,353.0,626287.0,1774.184135977337
250939,935.0,872298.0,932.9390374331551
250940,2327.3333333333335,5593871.0,2403.5538527642507
250950,895.1666666666666,1887989.0,2109.092161608639
250960,611.0,1551635.0,2539.5008183306054
250970,4416.75,4295920.0,972.6427803248995
250980,1498.25,2508619.0,1674.3660937760721
250990,1109.0,1769196.0,1595.307484220018
251000,1105.9166666666667,2941803.0,2660.0584733629717
251010,1635.75,4003556.0,2447.535381323552
251020,959.3333333333334,1814670.0,1891.5948575399582
251030,484.8333333333333,660396.0,1362.1093159161223
251040,1003.75,2222598.0,2214.294396014944
251050,541.1666666666666,891894.0,1648.094856790884
251060,476.75,658720.0,1381.6885159937074
251065,186.58333333333334,274611.0,1471.7874050915586
251070,376.8333333333333,851423.0,2259.4153029632907
251080,9096.166666666666,7528015.0,827.6030195870055
251090,1541.25,2055080.0,1333.3852392538524
251100,446.75,923288.0,2066.6771124790152
251110,930.0833333333334,1076801.0,1157.7467968819997
251120,3951.5,5175887.0,1309.853726433
251130,2248.9166666666665,3172128.0,1410.5138029421573
251140,2588.3333333333335,5630358.0,2175.283193818416
251150,1641.5833333333333,3073890.0,1872.5153561094473
251160,1153.5,3054607.0,2648.120502817512
251170,895.25,1842967.0,2058.605975984362
251180,1278.0,1541369.0,1206.0790297339593
251190,2925.4166666666665,5544737.0,1895.3665859564167
251200,2506.9166666666665,6611778.0,2637.414353621647
251203,544.6666666666666,1587871.0,2915.307833537332
251207,476.4166666666667,1165956.0,2447.345111072241
251210,3745.5833333333335,5209038.0,1390.7147529312301
251220,548.0,505656.0,922.7299270072992
251230,2440.0,4712785.0,1931.469262295082
251240,1716.0833333333333,1628788.0,949.1310639537708
251250,5585.333333333333,5785240.0,1035.7913583194081
251260,269.25,560369.0,2081.22191272052
251270,2425.6666666666665,6414527.0,2644.4387797169165
251272,847.1666666666666,1101429.0,1300.1325988589417
251274,411.3333333333333,430085.0,1045.5875202593193
251275,665.0,1431800.0,2153.0827067669175
251276,746.75,1674475.0,2242.3501841312354
251278,297.9166666666667,577714.0,1939.17986013986
251280,1276.9166666666667,1726182.0,1351.8360634340534
251290,3532.8333333333335,3979866.0,1126.5365853658536
251300,540.0833333333334,1365215.0,2527.7858355192097
251310,1622.6666666666667,3867548.0,2383.4519309778143
251315,988.75,1347385.0,1362.7155499367889
251320,702.3333333333334,1620090.0,2306.7252017085902
251330,1192.5,2457327.0,2060.651572327044
251335,603.0833333333334,1285360.0,2131.3140804200634
251340,1839.75,2232604.0,1213.5366218236175
251350,664.9166666666666,771139.0,1159.7528512344907
251360,989.8333333333334,2736947.0,2765.0584273446707
251365,356.0833333333333,828586.0,2326.9440673999534
251370,11564.75,9126686.0,789.181434964007
251380,642.8333333333334,1624762.0,2527.501166709878
251385,344.75,503019.0,1459.0833937635969
251390,3342.0,3108366.0,930.0915619389588
251392,512.8333333333334,1075687.0,2097.5372115697105
251394,287.6666666666667,308008.0,1070.7114716106605
251396,332.5833333333333,325120.0,977.5595088950139
251398,430.5,914889.0,2125.177700348432
251400,566.25,1051363.0,1856.7116997792496
251410,827.5833333333334,1561962.0,1887.3773033934144
251420,1087.5833333333333,1766993.0,1624.696651597579
251430,904.1666666666666,2225564.0,2461.453271889401
251440,583.9166666666666,1077212.0,1844.8043385186243
251445,946.25,2081183.0,2199.400792602378
251450,2478.5833333333335,6471734.0,2611.0616951887837
251455,537.25,1156709.0,2153.0181479758025
251460,503.8333333333333,865484.0,1717.798213695005
251465,230.66666666666666,588809.0,2552.6401734104047
251470,470.0,461837.0,982.631914893617
251480,528.3333333333334,1168816.0,2212.270031545741
251490,888.0,1427956.0,1608.0585585585586
251500,1214.25,2504135.0,2062.2894791023264
251510,1316.8333333333333,2063547.0,1567.052524996836
251520,450.25,385669.0,856.5663520266519
251530,7771.75,15230095.0,1959.673818638016
251540,1660.5833333333333,2991378.0,1801.4019169970393
251550,1855.0,3141388.0,1693.4706199460916
251560,316.5,468024.0,1478.7488151658767
251570,484.6666666666667,1248471.0,2575.937414030261
251580,1055.6666666666667,1842757.0,1745.5860435743605
251590,891.6666666666666,1117704.0,1253.4998130841122
251593,469.25,521843.0,1112.0788492274908
251597,1322.75,3063809.0,2316.24192024192
251600,3788.0833333333335,3719898.0,982.0000439976241
251610,1659.0,2022477.0,1219.0940325497288
251615,616.0833333333334,987409.0,1602.7198701474367
251620,9362.75,18481931.0,1973.9853141438145
251630,2367.0833333333335,2320741.0,980.4221791938038
251640,1353.5,3060339.0,2261.0557813077207
251650,2264.3333333333335,4518969.0,1995.7172088915058
251660,2043.1666666666667,5509675.0,2696.6351252141285
251670,2294.5833333333335,5897209.0,2570.056582531324
251675,344.1666666666667,282575.0,821.0411622276029
251680,1269.25,3028451.0,2386.0161512704353
251690,1639.6666666666667,2770299.0,1689.5501118113436
251700,1263.5833333333333,3254893.0,2575.922706588406
251710,254.58333333333334,366722.0,1440.4792144026187
251720,661.8333333333334,1695600.0,2561.974313774868
251740,286.0,455159.0,1591.4650349650349
260005,13225.083333333334,11850205.0,896.040100566474
260010,4234.333333333333,3642857.0,860.3141777532867
260020,3613.5,7088338.0,1961.6266777362669
260030,3385.1666666666665,6878247.0,2031.8783910196446
260040,3875.9166666666665,3126153.0,806.5583625378943
260050,8037.5,18177185.0,2261.547122861586
260060,2176.0,2354882.0,1082.2068014705883
260070,5845.5,8621417.0,1474.881019587717
260080,3563.9166666666665,5526897.0,1550.792994598639
260090,2651.5,2130313.0,803.4369224966999
260100,1657.1666666666667,3793698.0,2289.2676254651515
260105,2922.4166666666665,5304342.0,1815.0532949328467
260110,12615.166666666666,21795980.0,1727.7599714629216
260120,7155.25,6739556.0,941.9036371894763
260130,1752.75,1181294.0,673.966053344744
260140,6836.916666666667,7865718.0,1150.4773838109284
260150,1992.3333333333333,2855227.0,1433.1070771289944
260160,3736.25,8600125.0,2301.80662428906
260170,9248.25,12324430.0,1332.6229286621792
260180,1995.3333333333333,3782005.0,1895.425158703642
260190,9802.916666666666,9478743.0,966.9308964168828
260200,6085.25,6475617.0,1064.1497062569329
260210,6624.0,7353251.0,1110.0922403381642
260220,6322.5,9057415.0,1432.56860419138
260230,6178.333333333333,7027406.0,1137.4274615592124
260240,1493.0833333333333,3314859.0,2220.143327565999
260250,1109.0,1598063.0,1440.9945897204689
260260,6736.916666666667,4857835.0,721.0769021436612
260270,2243.1666666666665,2554992.0,1139.0112192584888
260280,7955.666666666667,13296715.0,1671.3514476054804
260290,19836.583333333332,19209351.0,968.38002176114
260300,5482.583333333333,11055505.0,2016.4773297259505
260310,2711.8333333333335,2072631.0,764.291438756069
260320,4313.083333333333,10750764.0,2492.5936201866416
260330,1495.75,2253342.0,1506.496406485041
260340,1096.5,2375679.0,2166.6019151846785
260345,11117.333333333334,8570296.0,770.8949388342528
260350,3078.3333333333335,6092945.0,1979.2999458581482
260360,1217.5833333333333,1547704.0,1271.127780439395
260370,3158.6666666666665,4921049.0,1557.9513507809204
260380,2684.1666666666665,4435256.0,1652.3772741384664
260390,2217.1666666666665,3264573.0,1472.407577238217
260392,2053.4166666666665,5847596.0,2847.739620956942
260400,8914.333333333334,9120170.0,1023.090528362562
260410,26361.25,20073163.0,761.464763620845
260415,2118.5,4962727.0,2342.5664385178193
260420,6843.25,10717628.0,1566.1605231432434
260430,1415.1666666666667,2833754.0,2002.417147568013
260440,1984.5,3261670.0,1643.572688334593
260450,3266.25,2903969.0,889.0835055491772
260460,2494.5,3756877.0,1506.064141110443
260470,2958.3333333333335,6013273.0,2032.6556619718308
260480,1934.4166666666667,2278868.0,1178.06470512213
260490,3162.8333333333335,5514951.0,1743.674237234547
260500,3071.8333333333335,2828421.0,920.7599153599913
260510,5515.833333333333,10023374.0,1817.2003021604473
260515,1961.0,2275668.0,1160.4630290668026
260520,8973.416666666666,10553939.0,1176.1338397674613
260530,5418.333333333333,12845673.0,2370.779390956629
260540,4232.75,5023550.0,1186.8288937452012
260545,13.333333333333334,27571.0,2067.825
260550,1334.3333333333333,2395041.0,1794.934549088184
260560,3382.3333333333335,6525084.0,1929.1664531388587
260570,4136.083333333333,6531976.0,1579.2660528277559
260580,2706.0,5407439.0,1998.3144863266814
260590,3790.9166666666665,3872554.0,1021.5349849420764
260600,14861.583333333334,17823840.0,1199.323086929948
260610,4054.75,4100691.0,1011.3301683211049
260620,8776.416666666666,10528603.0,1199.647122496843
260630,1220.4166666666667,2704570.0,2216.1037896893135
260640,10422.416666666666,13482547.0,1293.6104390376513
260650,3103.0,6979925.0,2249.4118594908155
260660,4177.416666666667,3386624.0,810.6981587504239
260670,1069.5833333333333,1378347.0,1288.6765874561745
260680,11564.0,13581029.0,1174.4231234866827
260690,1837.5833333333333,3881071.0,2112.0516983356765
260700,4153.333333333333,10366887.0,2496.040208667737
260710,712.6666666666666,1719140.0,2412.263797942002
260720,10096.833333333334,11483604.0,1137.3470890213102
260730,4432.916666666667,6584751.0,1485.4217877620076
260740,700.8333333333334,1783670.0,2545.0701545778834
260750,4271.166666666667,9483556.0,2220.3666445545714
260760,2901.3333333333335,4383336.0,1510.800551470588
260765,4348.166666666667,6198855.0,1425.6249760435433
260770,1991.4166666666667,3524241.0,1769.7155291459178
260775,3043.1666666666665,4030756.0,1324.526863464593
260780,1869.6666666666667,2367509.0,1266.2733107505794
260790,57112.833333333336,48367114.0,846.8694543257936
260795,1595.8333333333333,2284771.0,1431.7102872062665
260800,3291.1666666666665,3036653.0,922.667645718337
260805,1917.3333333333333,3478935.0,1814.4654033379695
260810,3587.4166666666665,4488231.0,1251.10390485261
260820,2342.9166666666665,3351733.0,1430.5813978303397
260825,1573.0833333333333,2375083.0,1509.8265614239551
260830,2015.6666666666667,2147594.0,1065.450967421862
260840,2404.5,3877038.0,1612.4092326887087
260845,2172.8333333333335,3235877.0,1489.2430773951062
260850,2451.0833333333335,2566555.0,1047.1104613606228
260860,1945.25,2911472.0,1496.7083922375016
260870,2599.5,5065707.0,1948.7236006924409
260875,3214.0,4325973.0,1345.9779091474797
260880,5160.083333333333,8148295.0,1579.101435700328
260890,6789.416666666667,5801584.0,854.5040442846096
260900,2586.6666666666665,2446665.0,945.875644329897
260910,1813.3333333333333,2532316.0,1396.4977941176471
260915,3180.4166666666665,8485973.0,2668.1953622428928
260920,1845.0833333333333,3156034.0,1710.5102750553274
260930,2085.6666666666665,3750273.0,1798.1171487933516
260940,7450.166666666667,7876416.0,1057.213395673475
260950,3226.75,4651126.0,1441.4274424730766
260960,30405.25,22978967.0,755.7565552001711
260970,3057.0833333333335,3482851.0,1139.2725091999455
260980,2780.0833333333335,6402945.0,2303.1485866730613
260990,9563.5,13260802.0,1386.6055314476916
261000,8019.833333333333,11298379.0,1408.8047133149068
261010,1403.75,2831268.0,2016.9317898486197
261020,3480.5,4622942.0,1328.2407700043098
261030,2193.6666666666665,4105652.0,1871.5933748670416
261040,2593.1666666666665,5365402.0,2069.054052316987
261050,4426.75,3123807.0,705.666007793528
261060,7575.416666666667,11854854.0,1564.911149001705
261070,26878.416666666668,25943694.0,965.2240428348643
261080,4015.1666666666665,5783022.0,1440.2943837947782
261090,11284.416666666666,17913979.0,1587.497123614424
261100,4292.083333333333,5509062.0,1283.5403164741288
261110,27828.666666666668,38198375.0,1372.626847615169
261120,2099.0,3833760.0,1826.469747498809
261130,4306.833333333333,6593361.0,1530.9069308463295
261140,1941.0,2082494.0,1072.8974755280783
261150,3198.5833333333335,5442444.0,1701.5170257666155
261153,914.8333333333334,1635004.0,1787.215157587903
261160,85901.41666666667,60699252.0,706.6152614867624
261170,3281.6666666666665,3845897.0,1171.9340782122906
261180,5034.083333333333,3944722.0,783.6028406363291
261190,2575.6666666666665,5087759.0,1975.3173288469006
261200,1844.1666666666667,2722324.0,1476.1811116131946
261210,1134.8333333333333,1483613.0,1307.3399911881334
261220,6096.75,4718229.0,773.8924837003321
261230,2260.75,6136511.0,2714.3695676213647
261240,3166.75,3632135.0,1146.9598168469252
261245,1973.5833333333333,4494715.0,2277.4386690875313
261247,1474.8333333333333,1488860.0,1009.510679172788
261250,10342.333333333334,9409554.0,909.809585199987
261255,2038.5,3494248.0,1714.1270542065245
261260,7024.75,13767113.0,1959.8011317128723
261270,2308.4166666666665,3476114.0,1505.8433991552652
261280,1481.5833333333333,2924863.0,1974.1468024073347
261290,1671.6666666666667,3365446.0,2013.2279162512461
261300,6648.583333333333,11737202.0,1765.3688630409988
261310,4715.25,5835131.0,1237.5019352102222
261320,3366.9166666666665,6048651.0,1796.4956067618741
261330,3546.5,4874902.0,1374.5670379247144
261340,2333.5,4144175.0,1775.94814656096
261350,4885.916666666667,10882423.0,2227.3042588391804
261360,4448.083333333333,4183407.0,940.4965434550462
261370,11084.333333333334,9390765.0,847.2106276125462
261380,2313.75,3186721.0,1377.2970286331713
261390,8152.5,10180559.0,1248.7652867218644
261400,2517.4166666666665,4394383.0,1745.5922407229634
261410,4971.833333333333,7073336.0,1422.681639904797
261420,4280.333333333333,5668034.0,1324.2038782026323
261430,1851.9166666666667,3544855.0,1914.1547045853395
261440,756.1666666666666,1973631.0,2610.0476085519067
261450,8074.833333333333,17811068.0,2205.7505418068486
261460,4169.75,7396086.0,1773.7480664308412
261470,2344.0,4680737.0,1996.9014505119453
261480,2820.25,4353591.0,1543.6897438170374
261485,2593.0,3716417.0,1433.2499035865792
261500,2724.6666666666665,1872739.0,687.327746513335
261510,1016.1666666666666,2416363.0,2377.9199606363786
261520,1283.3333333333333,2669138.0,2079.8477922077923
261530,4745.416666666667,4314385.0,909.1688471331986
261540,3553.6666666666665,2375448.0,668.4498639902448
261550,1933.6666666666667,2107617.0,1089.9588002068608
261560,4049.9166666666665,6869093.0,1696.1072450050412
261570,1623.4166666666667,1560450.0,961.213490067245
261580,4098.5,8463100.0,2064.9261925094547
261590,1215.1666666666667,2606395.0,2144.886846797421
261600,2411.1666666666665,2426445.0,1006.3364899426281
261610,1042.0,1977325.0,1897.6247600767754
261618,1327.0833333333333,1951134.0,1470.2422605965464
261620,2175.5833333333335,1781402.0,818.8157965296663
261630,3103.5,3399055.0,1095.2328016755275
261640,18284.583333333332,16982522.0,928.7891165143678
261650,2041.75,2676060.0,1310.6697685808742
270010,2495.1666666666665,7153078.0,2866.773629016098
270020,2321.75,2640830.0,1137.4308172714548
270030,17629.583333333332,20747032.0,1176.8305357944744
270040,6320.75,7675051.0,1214.2627061661985
270050,3118.8333333333335,3724798.0,1194.2920964035698
270060,1025.5,1568856.0,1529.844953681131
270070,2649.6666666666665,4843527.0,1827.975971820355
270080,710.4166666666666,1178115.0,1658.343695014663
270090,1105.4166666666667,2518464.0,2278.2938560120615
270100,3270.75,4618790.0,1412.150118474356
270110,1548.25,1305966.0,843.5110608751817
270120,1648.6666666666667,2869431.0,1740.4555196118074
270130,2975.6666666666665,3127955.0,1051.1778873081662
270135,1140.9166666666667,1522238.0,1334.2236505733692
270140,5095.25,4704651.0,923.3405622884059
270150,1860.6666666666667,4897598.0,2632.1737728412754
270160,3557.5,8962398.0,2519.296697118763
270170,1883.5,2793515.0,1483.1510485797717
270180,1391.4166666666667,3674288.0,2640.681319997604
270190,1031.0,2599763.0,2521.5935984481084
270200,1360.3333333333333,2257220.0,1659.3138936535163
270210,3331.3333333333335,5052093.0,1516.5378226936161
270220,664.75,750636.0,1129.2004512974802
270230,4797.416666666667,4708405.0,981.4459170734249
270235,3272.5,7570831.0,2313.4701298701298
270240,5347.083333333333,7227300.0,1351.6340684173615
270250,1621.1666666666667,1423139.0,877.8486686542612
270255,2253.6666666666665,4529504.0,2009.8375979884634
270260,3617.6666666666665,5509224.0,1522.8666728093615
270270,594.5833333333334,503849.0,847.3984583041345
270280,1796.75,2323315.0,1293.0652567135105
270290,4882.833333333333,13174301.0,2698.0853329692463
270300,2183.0,3306233.0,1514.5364177737058
270310,4121.166666666667,9711405.0,2356.469850770413
270320,3046.0,3308603.0,1086.2124097176625
270330,2432.8333333333335,4521537.0,1858.5477837911899
270340,905.0,1217001.0,1344.7524861878453
270350,920.6666666666666,765467.0,831.4268645908762
270360,1526.6666666666667,2152572.0,1409.9816593886462
270370,834.0833333333334,1744078.0,2091.0116894794683
270375,1895.75,3236262.0,1707.1143346960305
270380,2963.9166666666665,2980946.0,1005.7455506508843
270390,632.6666666666666,1284000.0,2029.5047418335091
270400,3252.4166666666665,3315767.0,1019.4779266699121
270410,2685.0,5303660.0,1975.292364990689
270420,3582.1666666666665,7076050.0,1975.3547666682177
270430,53843.75,50385398.0,935.7705954730122
270440,2788.1666666666665,4656229.0,1669.9966525195769
270450,4161.833333333333,4431409.0,1064.7732970245486
270460,2197.25,2931878.0,1334.3397428603937
270470,5891.25,8473288.0,1438.2835561213665
270480,1672.4166666666667,1909310.0,1141.6473167571876
270490,554.1666666666666,917544.0,1655.7184962406016
270500,3087.0,4572744.0,1481.290573372206
270510,3022.0,3154824.0,1043.9523494374587
270520,1544.75,1748601.0,1131.963748179317
270530,654.75,1572263.0,2401.3180603283695
270540,1272.75,2430784.0,1909.8676095069732
270550,3424.6666666666665,4493330.0,1312.048861203037
270560,1719.9166666666667,2600671.0,1512.0912834924172
270570,2366.25,1886862.0,797.4060221870047
270580,1377.5,2642843.0,1918.5793103448275
270590,1085.9166666666667,3057339.0,2815.445322692042
270600,1772.3333333333333,4701886.0,2652.935489937935
270610,2095.5,3762972.0,1795.7394416607015
270620,775.9166666666666,949284.0,1223.435506390291
270630,9060.666666666666,10361093.0,1143.5243543521449
270640,3202.0833333333335,3127454.0,976.6935068314899
270642,1437.6666666666667,3255077.0,2264.1388824484116
270644,1779.1666666666667,1672660.0,940.1367681498829
270650,1861.8333333333333,2254092.0,1210.6840927401308
270660,1048.75,1564250.0,1491.5375446960668
270670,7989.5,9475462.0,1185.9893610363602
270680,3321.4166666666665,6109123.0,1839.3124419800788
270690,4707.5,5171189.0,1098.5000531067446
270700,286.6666666666667,549569.0,1917.1011627906976
270710,3227.9166666666665,6221008.0,1927.2517361559314
270720,2252.0,5450364.0,2420.2326820603907
270730,4356.0,3990028.0,915.9843893480257
270740,1421.4166666666667,1574486.0,1107.687870082664
270750,3485.25,6900857.0,1980.0177892547163
270760,1834.1666666666667,4651637.0,2536.103771013176
270770,8186.916666666667,7556836.0,923.0380994065735
270780,1034.4166666666667,1793138.0,1733.477483283654
270790,794.9166666666666,991215.0,1246.9420274661916
270800,6663.833333333333,11875877.0,1782.1389590575995
270810,1528.8333333333333,1478508.0,967.0825248010466
270820,906.75,1676593.0,1849.0135097877032
270830,2788.5833333333335,3019481.0,1082.8010638615783
270840,4958.166666666667,10902955.0,2198.989209721335
270850,5152.25,4820827.0,935.6741229559901
270860,6282.666666666667,5917775.0,941.9208934634975
270870,1043.25,1104108.0,1058.3350107836088
270880,4901.166666666667,8997687.0,1835.8255517393816
270890,1450.5,1899859.0,1309.7959324370906
270895,2006.3333333333333,4122132.0,2054.559893670045
270900,882.5833333333334,1521549.0,1723.972051742045
270910,2285.9166666666665,3197138.0,1398.6240384965915
270915,4674.416666666667,6370399.0,1362.8222416344283
270920,3394.1666666666665,8223932.0,2422.9605696047142
270930,7864.166666666667,6039021.0,767.9162021828971
270940,3711.3333333333335,4861674.0,1309.95347583977
280010,298.9166666666667,444408.0,1486.7287426819069
280020,2494.25,2034471.0,815.664428184825
280030,29684.583333333332,26071298.0,878.2773774265543
280040,1506.8333333333333,1465524.0,972.5853334808097
280050,1922.3333333333333,1956912.0,1017.9878619732964
280060,2389.5,2474252.0,1035.4685080560787
280067,3487.4166666666665,3357181.0,962.6555473249063
280070,1206.0833333333333,1962079.0,1626.818765978028
280100,1982.9166666666667,1411256.0,711.7071653708762
280110,830.1666666666666,1792818.0,2159.588034531219
280120,4042.8333333333335,4756130.0,1176.4348435503152
280130,4433.416666666667,5764676.0,1300.2784158192514
280140,3058.5,2434614.0,796.0156939676311
280150,1986.6666666666667,2238521.0,1126.7723154362416
280160,623.75,768262.0,1231.6825651302606
280170,2722.5,3977722.0,1461.0549127640036
280190,651.5833333333334,672766.0,1032.5095280726434
280200,571.25,846057.0,1481.0625820568928
280210,7741.416666666667,7206305.0,930.8767775062704
280220,942.8333333333334,1454108.0,1542.2747039066642
280230,1984.1666666666667,2278109.0,1148.1439731205376
280240,2032.25,3856297.0,1897.5504982162627
280250,384.0,551313.0,1435.7109375
280260,1292.9166666666667,2698306.0,2086.9914276506606
280270,1433.5,2162894.0,1508.8203697244508
280280,2254.5833333333335,3468285.0,1538.326372204768
280290,8993.0,6014663.0,668.8160791726899
280300,6136.166666666667,9213525.0,1501.5115299997283
280310,712.6666666666666,1110680.0,1558.484565014032
280320,4423.583333333333,4886264.0,1104.5940885029106
280330,2340.8333333333335,2254789.0,963.2420078319686
280340,2918.8333333333335,3258342.0,1116.316564837549
280350,12996.833333333334,11787004.0,906.9135302188994
280360,2793.1666666666665,3201393.0,1146.1517990333552
280370,1087.4166666666667,1021317.0,939.2140393899915
280380,463.3333333333333,588664.0,1270.4978417266188
280390,1757.4166666666667,1178397.0,670.5279529612594
280400,1869.5833333333333,1754309.0,938.3422331178962
280410,1025.1666666666667,651190.0,635.2040318647374
280420,2719.75,5080627.0,1868.0492692343046
280430,1070.0833333333333,1508950.0,1410.1238221322328
280440,2514.25,3046269.0,1211.6014716118127
280445,1222.0,1594450.0,1304.787234042553
280450,5514.416666666667,4963983.0,900.1827935865081
280460,3874.0833333333335,4190921.0,1081.783905870206
280470,890.0833333333334,1036841.0,1164.8808164029585
280480,18923.5,16970752.0,896.8083071313446
280490,2052.3333333333335,3285813.0,1601.0133181744354
280500,537.9166666666666,809958.0,1505.7313710302092
280510,1379.6666666666667,1503773.0,1089.953853587823
280520,831.0,1146016.0,1379.0806257521058
280530,1203.75,1601093.0,1330.0876427829699
280540,5405.25,8771629.0,1622.7980204430878
280550,3284.1666666666665,5395878.0,1642.997614818574
280560,4738.5,9472194.0,1998.985754985755
280570,3206.0,3287290.0,1025.3555832813474
280580,2954.5,3027659.0,1024.7618886444407
280590,1420.1666666666667,1240639.0,873.5869029456636
280600,1863.75,1212505.0,650.5727699530516
280610,1328.25,1965170.0,1479.5181629964238
280620,2644.75,2228305.0,842.5389923433216
280630,2269.5833333333335,4456538.0,1963.593023682761
280640,1385.1666666666667,3178273.0,2294.505835639514
280650,585.0833333333334,766680.0,1310.3774391112377
280660,1910.6666666666667,1967609.0,1029.8023377529657
280670,9812.583333333334,10146268.0,1034.0057918828713
280680,1403.5,998694.0,711.5739223370146
280690,468.1666666666667,603204.0,1288.438590245639
280700,595.4166666666666,940484.0,1579.5392582225334
280710,8293.833333333334,13467878.0,1623.842372847296
280720,1208.3333333333333,1802213.0,1491.4866206896552
280730,543.25,755206.0,1390.162908421537
280740,6453.75,6006508.0,930.7004454774356
280750,1888.6666666666667,1925785.0,1019.6531944934698
280760,3225.9166666666665,2778650.0,861.3520704709256
290010,1274.25,2028058.0,1591.5699431037865
290020,3229.9166666666665,4949928.0,1532.524987744782
290030,2328.6666666666665,1987825.0,853.6322645290581
290035,2674.5,2745994.0,1026.7317255561786
290040,2320.6666666666665,4307749.0,1856.2549554725654
290050,1027.9166666666667,1977005.0,1923.3125253344142
290060,571.3333333333334,529566.0,926.8949824970828
290070,16733.916666666668,18471659.0,1103.8455233134302
290080,2525.1666666666665,2502681.0,991.0953732426904
290090,1010.0,1511609.0,1496.6425742574258
290100,4116.833333333333,4284023.0,1040.6112303145621
290110,2775.25,2258349.0,813.7461489955859
290115,2187.9166666666665,2509397.0,1146.9344505808417
290120,3758.6666666666665,5445958.0,1448.9068818730047
290130,2332.25,4435591.0,1901.8505734805444
290135,2187.0833333333335,2779814.0,1271.014212230901
290140,2170.25,4848445.0,2234.049072687478
290150,1318.6666666666667,1672573.0,1268.3819514661272
290160,2083.9166666666665,2028916.0,973.6070700203944
290170,1984.5833333333333,3224519.0,1624.7838757085872
290180,1569.0,3231940.0,2059.87253027406
290190,2655.3333333333335,4115376.0,1549.8528747175494
290195,1132.6666666666667,2511402.0,2217.2472042377867
290200,1969.3333333333333,3168085.0,1608.7093771157752
290205,1816.75,2601819.0,1432.1282509976606
290210,7546.75,8125204.0,1076.649418623911
290220,1549.0,2122399.0,1370.1736604260814
290225,1585.25,2832030.0,1786.4879356568365
290230,1534.3333333333333,2852451.0,1859.08168585705
290240,1974.1666666666667,3757776.0,1903.4745462220346
290250,2177.25,6083376.0,2794.064071650017
290260,2943.75,4696005.0,1595.2458598726114
290265,1735.0,3284295.0,1892.9654178674352
290270,7004.75,12729553.0,1817.2744209286554
290280,3152.9166666666665,3039334.0,963.9753667239329
290290,4716.5,7636625.0,1619.1296512244248
290300,1908.5833333333333,2417014.0,1266.3916517486794
290310,795.25,1378872.0,1733.884941842188
290320,9860.666666666666,8556505.0,867.7410249476034
290323,2160.0833333333335,2556218.0,1183.3886038347284
290327,1915.0833333333333,2914746.0,1521.9943431530396
290330,1103.4166666666667,1645254.0,1491.0541499886715
290340,2657.25,2703324.0,1017.3389782670054
290350,2124.8333333333335,2475818.0,1165.1822103694406
290360,2991.1666666666665,5468334.0,1828.1609182593193
290370,2296.6666666666665,3765086.0,1639.369811320755
290380,3108.3333333333335,7653943.0,2462.394530831099
290390,7178.25,10926095.0,1522.111238811688
290395,1429.5,3184944.0,2228.01259181532
290400,1828.0,2436655.0,1332.9622538293218
290405,2372.1666666666665,3426753.0,1444.566711164196
290410,2731.5833333333335,6704780.0,2454.5397968211355
290420,1556.4166666666667,2470095.0,1587.0396744659206
290430,1639.6666666666667,2330235.0,1421.1638544419598
290440,1212.8333333333333,1513576.0,1247.9670193761167
290450,1655.25,2722020.0,1644.476665156321
290460,4926.833333333333,3493883.0,709.1538851865635
290470,1851.5,1716205.0,926.926816095058
290475,3370.6666666666665,9425079.0,2796.206190664557
290480,872.4166666666666,935289.0,1072.066864074888
290485,2618.4166666666665,5975387.0,2282.0611692816906
290490,4738.0,6551244.0,1382.702406078514
290500,1526.75,995632.0,652.1251023415753
290510,1841.1666666666667,3632128.0,1972.7317823843578
290515,2183.6666666666665,5230364.0,2395.2208823080446
290520,4735.5,3930846.0,830.0804561292366
290530,2751.9166666666665,5909492.0,2147.409502467977
290540,2097.6666666666665,3957066.0,1886.4131574765613
290550,2668.0833333333335,6365348.0,2385.7380766467813
290560,2866.5833333333335,3919248.0,1367.2192796302218
290570,22746.166666666668,22353780.0,982.7493277255508
290580,4385.5,4995383.0,1139.0680652149128
290590,4127.0,11556810.0,2800.293191180034
290600,10902.833333333334,13607480.0,1248.0682391427304
290610,1228.8333333333333,2186109.0,1779.0117998101182
290620,3825.0833333333335,6038682.0,1578.7059976906821
290630,4339.833333333333,6176661.0,1423.248435039748
290640,1262.1666666666667,2074701.0,1643.7615211937143
290650,7194.416666666667,6523132.0,906.6936629098954
290660,1741.8333333333333,3492573.0,2005.1131949095782
290670,3589.1666666666665,4707930.0,1311.7055955421408
290680,5894.083333333333,13199832.0,2239.5054927964484
290682,2656.0,5134363.0,1933.1185993975903
290685,1349.0,851908.0,631.5107487027427
290687,3123.3333333333335,3141427.0,1005.7930629669156
290689,1325.1666666666667,2089532.0,1576.806942522953
290690,2678.25,3422017.0,1277.7063380939046
290700,1504.75,2988479.0,1986.0302375809936
290710,4654.75,10571502.0,2271.12132767603
290720,10389.916666666666,16338391.0,1572.5237770594888
290730,3685.4166666666665,4731752.0,1283.912357263991
290740,492.3333333333333,1133156.0,2301.603249830738
290750,5683.416666666667,4733637.0,832.8857934634389
290755,988.4166666666666,1412253.0,1428.8033049489925
290760,1749.5833333333333,1317584.0,753.0844486782568
290770,1592.4166666666667,4583958.0,2878.617196085614
290780,4519.916666666667,4299489.0,951.2319179925883
290790,2592.5833333333335,4832087.0,1863.8116421844363
290800,3080.6666666666665,2448801.0,794.893204933997
290810,2664.4166666666665,4497558.0,1688.0085071779315
290820,2684.25,3459311.0,1288.7439694514296
290830,2739.8333333333335,4022823.0,1468.2728876452338
290840,8488.333333333334,6864492.0,808.6972707637934
290850,3618.5833333333335,3791622.0,1047.819450521613
290860,3689.0,5592093.0,1515.8831661696936
290870,2094.9166666666665,3680948.0,1757.0856438203589
290880,629.5,473858.0,752.7529785544083
290890,5499.833333333333,6987119.0,1270.4237704172854
290900,946.25,996913.0,1053.540819022457
290910,2384.3333333333335,4459263.0,1870.2347266881027
290920,3322.8333333333335,6354582.0,1912.3986557656617
290930,3929.1666666666665,6773345.0,1723.8629904559916
290940,2066.6666666666665,3483750.0,1685.6854838709678
290950,697.5833333333334,1130857.0,1621.1066778162703
290960,3386.1666666666665,3529338.0,1042.281242309396
290970,1762.8333333333333,1952030.0,1107.325328543065
290980,5391.0,4068698.0,754.7204600259693
290990,5240.916666666667,9730963.0,1856.7291981364583
291000,1817.25,2926770.0,1610.5489063144862
291005,8058.25,8623472.0,1070.1420283560326
291010,1371.3333333333333,2388950.0,1742.0636849781235
291020,577.25,915594.0,1586.130792550888
291030,966.5833333333334,909465.0,940.9069747392016
291040,3002.9166666666665,4782935.0,1592.7631469404746
291050,4166.916666666667,3652666.0,876.587244765314
291060,3408.0,5150270.0,1511.2294600938967
291070,8384.75,15963326.0,1903.8523509943648
291072,7988.5,8877898.0,1111.3347937660387
291075,3007.75,4200507.0,1396.5612168564542
291077,779.1666666666666,1164498.0,1494.5428877005347
291080,35493.0,26662939.0,751.2168314878991
291085,3074.4166666666665,5331725.0,1734.2232943918902
291090,839.1666666666666,836585.0,996.9235352532274
291100,1374.9166666666667,1738474.0,1264.4213588702346
291110,3211.4166666666665,3583418.0,1115.837143524405
291120,3938.3333333333335,5459548.0,1386.2584849767245
291125,931.0,1086827.0,1167.375939849624
291130,1494.8333333333333,3246168.0,2171.591927751143
291140,2021.5833333333333,2277427.0,1126.556082278742
291150,1274.5,2507695.0,1967.5912122400941
291160,2490.25,2441430.0,980.3955426162032
291165,960.6666666666666,2329068.0,2424.4288688410825
291170,8655.75,11218460.0,1296.0702423244663
291180,3044.3333333333335,4309500.0,1415.580860615351
291185,1723.8333333333333,2106508.0,1221.9905249927488
291190,4017.9166666666665,7184815.0,1788.1941304573265
291200,1060.0833333333333,1083414.0,1022.0083326782486
291210,3109.3333333333335,4334448.0,1394.0120068610634
291220,2369.6666666666665,3095627.0,1306.3554649036435
291230,2411.5833333333335,3322008.0,1377.521545319465
291240,2535.0833333333335,3125145.0,1232.7582919693632
291250,1508.3333333333333,1475154.0,978.0026519337017
291260,796.1666666666666,1522709.0,1912.5505547414696
291270,2677.5,1994410.0,744.8776844070961
291280,841.75,1377890.0,1636.934956934957
291290,2607.25,3199581.0,1227.1861156390833
291300,1939.6666666666667,3671233.0,1892.713352809761
291310,2991.5,3720581.0,1243.7175330101957
291320,2653.9166666666665,3185549.0,1200.3199045435993
291330,863.9166666666666,1587120.0,1837.1216359602586
291340,2049.25,2069026.0,1009.6503598877638
291345,1821.25,2585473.0,1419.6145504461222
291350,3658.5,8334684.0,2278.169741697417
291360,16258.833333333334,12406332.0,763.0517974844444
291370,4830.25,4155869.0,860.3838310646447
291380,2019.0,4093369.0,2027.4239722634968
291390,5864.5,7155711.0,1220.1740983886095
291400,6437.416666666667,5178406.0,804.4229957669354
291410,1300.0,3099100.0,2383.923076923077
291420,1039.1666666666667,2255774.0,2170.7528468323976
291430,1595.0833333333333,2831741.0,1775.293453842537
291440,3561.4166666666665,5388402.0,1512.9939864754194
291450,5142.166666666667,11189963.0,2176.1183029202994
291460,8067.0,9770005.0,1211.1075988595512
291465,4320.416666666667,9030248.0,2090.1335905101746
291470,7551.583333333333,6431292.0,851.6481532570433
291480,15204.166666666666,12787231.0,841.0346505892026
291490,3207.0,4915341.0,1532.6913002806361
291500,2783.0833333333335,6193003.0,2225.230889002006
291510,2053.1666666666665,4539458.0,2210.954460589334
291520,2166.1666666666665,2190271.0,1011.1276448411172
291530,880.0,889972.0,1011.3318181818182
291535,1941.25,3308510.0,1704.3193818415969
291540,1036.5,1600580.0,1544.216111915099
291550,2501.5,2538089.0,1014.6268239056566
291560,6988.416666666667,6985795.0,999.6248554155089
291570,1187.25,1736004.0,1462.2059380922299
291580,2769.5,3210962.0,1159.401335981224
291590,1255.8333333333333,1882908.0,1499.3295288652953
291600,2371.6666666666665,2805957.0,1183.116092761771
291610,3346.0,7963858.0,2380.1129707112973
291620,1457.0833333333333,2225903.0,1527.642893909065
291630,1506.25,1172485.0,778.4132780082988
291640,5017.25,4735638.0,943.8712442074842
291650,5798.083333333333,5649541.0,974.3807867542436
291660,930.3333333333334,927043.0,996.4632748118953
291670,1123.1666666666667,1059486.0,943.3025671464609
291680,2012.0,2269670.0,1128.0666003976144
291685,2347.4166666666665,2689797.0,1145.8540949270475
291690,1820.8333333333333,1542887.0,847.3521281464531
291700,5287.333333333333,8209966.0,1552.7611902660447
291710,2331.1666666666665,2873131.0,1232.4863087152357
291720,2222.25,1736061.0,781.2176847789402
291730,3366.5,4538801.0,1348.2254567057776
291733,1433.4166666666667,2223190.0,1550.972617871054
291735,1485.5,2510074.0,1689.7165937394816
291740,1710.1666666666667,1900605.0,1111.356592924666
291750,9202.416666666666,7360260.0,799.8181637069973
291760,3699.5,2440155.0,659.5904852007028
291770,3718.0833333333335,4744537.0,1276.070645718
291780,3034.4166666666665,6491050.0,2139.1426139016285
291790,1532.1666666666667,1500368.0,979.2459480039159
291800,10928.916666666666,10058229.0,920.3317498684683
291810,5874.583333333333,4575417.0,778.8496205404639
291820,2174.25,3609024.0,1659.8937564677476
291830,2149.5,2795324.0,1300.4531286345662
291835,3042.5833333333335,2192633.0,720.6484621073101
291840,22063.5,29921414.0,1356.1499308813197
291845,1379.0,2074831.0,1504.5910079767948
291850,2117.1666666666665,2883369.0,1361.899866173345
291855,1080.5,1521237.0,1407.9009717723277
291860,837.8333333333334,553526.0,660.6636164710562
291870,503.9166666666667,899633.0,1785.2812965106664
291875,1628.4166666666667,3905409.0,2398.2860651962537
291880,3094.6666666666665,4322378.0,1396.718440327445
291890,533.25,440536.0,826.1340834505392
291900,596.6666666666666,994394.0,1666.582122905028
291905,1266.0,1817194.0,1435.3823064770932
291910,1635.25,3505266.0,2143.565815624522
291915,3783.0833333333335,2620653.0,692.729387404454
291920,11341.583333333334,14388635.0,1268.661929918662
291930,1274.25,1790070.0,1404.802825191289
291940,1364.4166666666667,1220888.0,894.8058388810847
291950,4563.666666666667,3163459.0,693.1836242787232
291955,7676.416666666667,11146325.0,1452.0218852111987
291960,1718.4166666666667,2616623.0,1522.6941467436109
291970,2161.8333333333335,3371571.0,1559.588774959525
291980,4565.583333333333,3922906.0,859.2343439137022
291990,1343.0833333333333,3370078.0,2509.2099025873304
291992,1942.9166666666667,2308620.0,1188.2238901994424
291995,1043.4166666666667,2264536.0,2170.308441817746
292000,1264.4166666666667,1831303.0,1448.338232386476
292010,2954.5833333333335,5008657.0,1695.2160203074318
292020,2363.25,4594209.0,1944.0215804506506
292030,921.9166666666666,687703.0,745.9492000361566
292040,2204.8333333333335,2455448.0,1113.6660367374707
292045,1888.4166666666667,4937111.0,2614.418251621729
292050,2934.4166666666665,2629295.0,896.0196518331298
292060,7119.25,7749337.0,1088.5046879938195
292070,3245.8333333333335,4536445.0,1397.6210526315788
292080,1795.6666666666667,3479135.0,1937.517170967143
292090,2038.8333333333333,2144916.0,1052.031063516717
292100,4819.916666666667,4627449.0,960.0682584415359
292105,1796.0,3841876.0,2139.129175946548
292110,2328.0,2061006.0,885.3118556701031
292120,3637.0,4625601.0,1271.8177069012922
292130,1675.9166666666667,1959711.0,1169.3367808661926
292140,2853.0833333333335,2875548.0,1007.8738207202733
292145,1331.5,1257112.0,944.1321817499061
292150,8285.833333333334,17169350.0,2072.133159006336
292160,1432.9166666666667,3238130.0,2259.8173887758066
292170,4623.416666666667,6072875.0,1313.503721994917
292180,1164.9166666666667,1125340.0,966.0261821303383
292190,1354.9166666666667,2640907.0,1949.1287287041023
292200,3083.5,2994383.0,971.0987514188422
292205,2330.1666666666665,3808667.0,1634.5041127244117
292210,3750.6666666666665,6467924.0,1724.473160327053
292220,1111.3333333333333,1021476.0,919.1445710857829
292225,1837.4166666666667,5008337.0,2725.7491949748287
292230,4822.416666666667,8643643.0,1792.3882562339074
292240,2556.4166666666665,3369678.0,1318.1255011898165
292250,3125.0833333333335,4228623.0,1353.123276712621
292260,2163.5,2827836.0,1307.0654032817195
292265,1862.1666666666667,4363118.0,2343.0330260449296
292270,2384.5833333333335,2360626.0,989.9532413070068
292273,1209.0,1658248.0,1371.586435070306
292275,787.25,1101283.0,1398.898697999365
292280,1373.9166666666667,1418217.0,1032.2438284709165
292285,1269.4166666666667,2635382.0,2076.0575067288123
292290,3902.3333333333335,7921238.0,2029.8722132057742
292300,4567.833333333333,6016369.0,1317.1165760572117
292303,1655.4166666666667,2818062.0,1702.327913415555
292305,1577.5833333333333,3117599.0,1976.1865722888385
292310,4066.6666666666665,6704902.0,1648.746393442623
292320,3085.5833333333335,4988792.0,1616.8067626326733
292330,1339.75,1615246.0,1205.6323941033775
292335,2898.75,3303346.0,1139.57602414834
292340,2844.5833333333335,4735792.0,1664.8455837117328
292350,1292.0833333333333,2653936.0,2053.997549177685
292360,2434.5833333333335,2470963.0,1014.9428718124251
292370,6334.416666666667,10967661.0,1731.439780037625
292380,3919.0,7232042.0,1845.3794335289615
292390,2140.5,1997781.0,933.3244569025928
292400,11003.833333333334,16109423.0,1463.9828241673356
292405,2215.0,3882754.0,1752.9363431151241
292410,1249.5,2314807.0,1852.5866346538614
292420,2302.3333333333335,5082585.0,2207.5799913131605
292430,2127.4166666666665,4244882.0,1995.3223393004037
292440,5480.75,15796444.0,2882.1683163800576
292450,1979.3333333333333,3485123.0,1760.7559784439206
292460,2712.25,3348877.0,1234.7228315973823
292465,1234.1666666666667,2829047.0,2292.2730587440915
292467,1092.1666666666667,1030463.0,943.5034335418892
292470,1469.8333333333333,2505240.0,1704.4381449143896
292480,3466.0,7013077.0,2023.3920946335834
292490,1164.75,2241911.0,1924.8001717106674
292500,3026.1666666666665,3491447.0,1153.7523820014321
292510,6107.583333333333,7467989.0,1222.740418332401
292520,3476.75,4754103.0,1367.3985762565615
292525,3180.75,6396841.0,2011.110901516938
292530,10365.083333333334,10044276.0,969.0492277759464
292540,2167.0833333333335,2139385.0,987.2186118054219
292550,3346.5833333333335,4674944.0,1396.9304016534275
292560,2321.5,3616141.0,1557.6743484815852
292570,1994.6666666666667,4608517.0,2310.419618983957
292575,4117.25,3729007.0,905.7033213917057
292580,4085.1666666666665,7328708.0,1793.9801721675983
292590,4344.166666666667,5656498.0,1302.0904661423365
292593,1595.0833333333333,2836227.0,1778.105846089546
292595,3198.5,5790415.0,1810.353290604971
292600,5684.583333333333,7224755.0,1270.9383566664224
292610,2051.3333333333335,3022974.0,1473.6629834254143
292620,3678.5833333333335,8921927.0,2425.370364497202
292630,4132.416666666667,2875396.0,695.814636310472
292640,4232.5,7274160.0,1718.6438275251035
292650,2790.9166666666665,4788840.0,1715.86635215431
292660,6285.166666666667,5378091.0,855.6799342366949
292665,1272.8333333333333,3221324.0,2530.8293832656805
292670,1546.0,1440206.0,931.5692108667529
292680,1925.25,2689595.0,1397.0107778210622
292690,1043.6666666666667,855108.0,819.3305653145959
292700,5036.083333333333,4883466.0,969.6952327370808
292710,1616.4166666666667,3614392.0,2236.0521730164455
292720,4609.166666666667,6951979.0,1508.2941240282046
292730,2709.0833333333335,4471183.0,1650.44129318035
292740,154977.0,140313161.0,905.3805467908142
292750,3252.75,6194004.0,1904.2361079086927
292760,2147.6666666666665,4231647.0,1970.3462672668013
292770,2850.5,3404814.0,1194.4620242062797
292780,956.5,907264.0,948.5248301097752
292790,2051.4166666666665,2287337.0,1115.0036153877402
292800,6096.25,7355429.0,1206.549764199303
292805,1804.0833333333333,3007658.0,1667.1391750196315
292810,5121.666666666667,4343872.0,848.1364139277579
292820,3296.75,2534113.0,768.670053840904
292830,1691.1666666666667,3150798.0,1863.091357051345
292840,4830.75,10895731.0,2255.4946954406664
292850,1278.75,1487006.0,1162.8590420332355
292860,9355.583333333334,11467877.0,1225.7789377109925
292870,8576.5,7431393.0,866.4831807847024
292880,5901.25,10355443.0,1754.7880533785215
292890,3839.5,7760313.0,2021.17801797109
292895,1353.5,1262692.0,932.9087550794237
292900,1578.0833333333333,3098590.0,1963.5148122722712
292905,1814.1666666666667,2905228.0,1601.4118511713366
292910,2773.9166666666665,2700827.0,973.6510950220808
292920,5627.25,11260196.0,2001.0122173352881
292925,2800.75,2921576.0,1043.140587342676
292930,3140.5,3137285.0,998.9762776627925
292935,1200.5,3043038.0,2534.8088296543106
292937,1559.1666666666667,2473188.0,1586.2242650988776
292940,1357.0833333333333,1750119.0,1289.6179306109918
292950,5053.916666666667,5171254.0,1023.2171088429765
292960,2612.9166666666665,4447653.0,1702.1794291181632
292970,2404.4166666666665,4464929.0,1856.9697431809518
292975,2652.8333333333335,3789159.0,1428.3441603317208
292980,1768.9166666666667,2995886.0,1693.6275498186271
292990,5744.166666666667,7641454.0,1330.2980995212533
293000,1374.0,1648628.0,1199.8748180494906
293010,8308.25,6046864.0,727.8144013480577
293015,3846.1666666666665,7178022.0,1866.2794990683365
293020,6059.333333333333,13878838.0,2290.489272747277
293030,2310.1666666666665,2385335.0,1032.538056417286
293040,2363.0833333333335,4738826.0,2005.357125224812
293050,10913.166666666666,13379488.0,1225.9950213045404
293060,1766.1666666666667,2186628.0,1238.0643578371237
293070,12851.666666666666,12398965.0,964.7748670730126
293075,2054.6666666666665,5532289.0,2692.5481829980536
293076,2148.0,3561891.0,1658.236033519553
293077,2808.1666666666665,3610111.0,1285.57576117277
293080,2585.8333333333335,6040450.0,2335.978085723493
293090,1438.3333333333333,1830892.0,1272.9260718424102
293100,3000.75,2294931.0,764.7858035491128
293105,1986.5833333333333,2543690.0,1280.4345819874995
293110,1255.4166666666667,1741461.0,1387.1577829405908
293120,2671.0833333333335,2531402.0,947.70611175241
293130,2254.75,4860214.0,2155.5445171305023
293135,10217.5,9527480.0,932.4668460973819
293140,1374.0,1399865.0,1018.8245997088792
293150,2633.4166666666665,3291754.0,1249.9936077972218
293160,2133.9166666666665,2236843.0,1048.2335298941696
293170,2584.25,4174664.0,1615.425752152462
293180,2314.9166666666665,5869457.0,2535.49386227006
293190,8320.25,20345150.0,2445.2570535741115
293200,4216.833333333333,6279765.0,1489.2134698233272
293210,2897.9166666666665,4269904.0,1473.4391948238679
293220,1803.3333333333333,1555144.0,862.3719038817006
293230,1767.75,2308305.0,1305.7870173949937
293240,2259.1666666666665,5591394.0,2474.980745112505
293245,2465.5833333333335,3359396.0,1362.5156994626018
293250,3146.75,4475369.0,1422.2194327480734
293260,2111.3333333333335,2771093.0,1312.484843700663
293270,3313.5,4105758.0,1239.1000452693527
293280,2494.9166666666665,2644972.0,1060.14442700157
293290,8238.666666666666,10387782.0,1260.8571775368184
293300,3052.5833333333335,2421948.0,793.409298135459
293305,2448.6666666666665,3823694.0,1561.5412469371088
293310,1174.0,2077028.0,1769.1890971039181
293315,2258.25,2583063.0,1143.8339422118897
293317,1370.4166666666667,851639.0,621.4453025235633
293320,6734.333333333333,12038973.0,1787.70078701183
293325,801.5833333333334,819664.0,1022.556190872232
293330,22344.666666666668,26495454.0,1185.7618820300145
293340,1110.5833333333333,1915539.0,1724.8043820814887
293345,1695.4166666666667,1800084.0,1061.7354632587858
293350,3992.6666666666665,9813985.0,2458.002588078143
293360,8290.0,18184775.0,2193.5796139927625
310010,224.58333333333334,185525.0,826.0853432282004
310020,684.75,781304.0,1141.0062066447608
310030,895.9166666666666,1070125.0,1194.447028183425
310040,389.6666666666667,616258.0,1581.5004277159965
310050,737.3333333333334,888470.0,1204.9773960216999
310060,1829.5833333333333,3036063.0,1659.4286495103622
310070,106.33333333333333,126226.0,1187.0783699059562
310080,216.08333333333334,345978.0,1601.1322792132664
310090,2326.1666666666665,3996708.0,1718.1520384036685
310100,1787.9166666666667,3977396.0,2224.5980890235373
310110,1747.6666666666667,2034480.0,1164.1121495327102
310120,229.5,200449.0,873.4161220043572
310130,196.75,262146.0,1332.3811944091487
310140,80.33333333333333,95213.0,1185.2240663900416
310150,1731.5,2331742.0,1346.6601212821254
310160,2362.5833333333335,2593594.0,1097.7788437797608
310163,339.0,373332.0,1101.274336283186
310170,4336.666666666667,5652284.0,1303.3706379707917
310180,661.8333333333334,996258.0,1505.3004281037522
310190,611.75,500300.0,817.8177360032693
310200,692.6666666666666,1344187.0,1940.597208854668
310205,386.4166666666667,406413.0,1051.7481130040974
310210,1259.5833333333333,1424199.0,1130.690572279193
310220,560.0,721796.0,1288.9214285714286
310230,1040.5833333333333,1262975.0,1213.7182669976776
310240,502.4166666666667,825260.0,1642.580859180627
310250,467.0,884138.0,1893.2291220556745
310260,869.9166666666666,934697.0,1074.467286138519
310270,1362.9166666666667,2550411.0,1871.2890247630694
310280,931.25,809812.0,869.5967785234899
310285,886.6666666666666,1679257.0,1893.8988721804512
310290,539.0,583084.0,1081.7884972170687
310300,697.25,957723.0,1373.5718895661528
310310,101.41666666666667,117311.0,1156.7230895645027
310320,154.91666666666666,273560.0,1765.8526089295322
310330,124.5,93196.0,748.562248995984
310340,3065.5833333333335,3481299.0,1135.60736129611
310350,3579.5833333333335,4617715.0,1290.0146665114655
310360,216.83333333333334,203535.0,938.6702536510376
310370,451.5833333333333,290949.0,644.2863997047426
310375,272.75,312540.0,1145.884509624198
310380,91.0,125368.0,1377.6703296703297
310390,148.91666666666666,168593.0,1132.1298265249022
310400,2670.3333333333335,4418617.0,1654.7061540381974
310410,227.58333333333334,426493.0,1874.0080556572684
310420,1150.0833333333333,1769959.0,1538.983262082458
310430,457.0,558587.0,1222.2910284463894
310440,200.91666666666666,231090.0,1150.1783492326836
310445,576.6666666666666,460185.0,798.0086705202312
310450,2119.0833333333335,3785035.0,1786.166188210311
310460,504.0833333333333,696906.0,1382.5214084972724
310470,1694.6666666666667,1465640.0,864.8544453186466
310480,415.6666666666667,636621.0,1531.5661587810746
310490,1128.9166666666667,1723211.0,1526.4288772421937
310500,522.9166666666666,748230.0,1430.8780876494025
310510,592.9166666666666,793420.0,1338.1644413211525
310520,454.0,422704.0,931.0660792951542
310530,168.08333333333334,219475.0,1305.7511155180962
310540,1236.5,1543464.0,1248.252325111201
310550,471.4166666666667,708477.0,1502.867951210889
310560,4694.666666666667,5530816.0,1178.1062198239135
310570,512.1666666666666,863010.0,1685.0178978197202
310590,1480.8333333333333,2273662.0,1535.3935846933034
310600,554.0833333333334,881122.0,1590.2337193562942
310610,154.5,137283.0,888.5631067961165
310620,61224.333333333336,81942218.0,1338.3929810042848
310630,1765.25,2405504.0,1362.6987678799037
310640,403.8333333333333,444217.0,1100.0008254230293
310650,992.5,1698653.0,1711.489168765743
310660,639.5,1518945.0,2375.2071931196247
310665,694.5833333333334,1583692.0,2280.0604679064186
310670,21816.25,35759099.0,1639.1038331518937
310680,405.4166666666667,642290.0,1584.2713257965056
310690,711.8333333333334,1192403.0,1675.1154296417699
310700,199.91666666666666,289494.0,1448.0733639016257
310710,1347.25,1575018.0,1169.0614214139914
310720,422.9166666666667,626390.0,1481.11921182266
310730,4341.666666666667,7080040.0,1630.7193857965449
310740,1381.75,1937436.0,1402.1610276822869
310750,471.0833333333333,534092.0,1133.7526976826464
310760,183.16666666666666,270068.0,1474.4385805277525
310770,350.0,614322.0,1755.2057142857143
310780,1896.0,3305022.0,1743.1550632911392
310790,713.1666666666666,509174.0,713.9621406870765
310800,363.9166666666667,280551.0,770.9209983970688
310810,555.5,644419.0,1160.0702070207021
310820,252.16666666666666,270540.0,1072.8618638466623
310825,1278.1666666666667,3729434.0,2917.799452340592
310830,640.0833333333334,940317.0,1469.0540294232521
310840,577.5,613692.0,1062.6701298701298
310850,777.0833333333334,1595063.0,2052.6279892761395
310855,1208.6666666666667,2173886.0,1798.5819084390512
310860,3082.25,2833199.0,919.1983129207559
310870,459.0833333333333,542454.0,1181.6024686876021
310880,433.0833333333333,529928.0,1223.616701943429
310890,355.3333333333333,288442.0,811.7504690431521
310900,1099.4166666666667,1679262.0,1527.4118092928068
310910,351.1666666666667,432977.0,1232.967252017086
310920,770.4166666666666,791131.0,1026.8871822606816
310925,420.3333333333333,551588.0,1312.263283108644
310930,1913.8333333333333,2097615.0,1096.028041452582
310940,2954.1666666666665,3355589.0,1135.8834414668547
310945,504.6666666666667,552186.0,1094.1598414795244
310950,542.3333333333334,663955.0,1224.256299938537
310960,129.75,115908.0,893.3179190751445
310970,261.5833333333333,207448.0,793.0474673462887
310980,80.08333333333333,128750.0,1607.700312174818
310990,524.5,723667.0,1379.7273593898951
311000,1392.5,1124676.0,807.6667863554758
311010,365.8333333333333,349376.0,955.0141230068338
311020,345.1666666666667,556460.0,1612.1487204249154
311030,573.1666666666666,631634.0,1102.0075603373075
311040,107.16666666666667,71409.0,666.3359253499223
311050,954.8333333333334,1273390.0,1333.6254145575144
311060,818.9166666666666,1173110.0,1432.514500864964
311070,748.3333333333334,1079116.0,1442.0258351893094
311080,484.0833333333333,626250.0,1293.6822172490963
311090,636.6666666666666,617082.0,969.2387434554975
311100,435.5,513881.0,1179.9793340987371
311110,796.1666666666666,658505.0,827.0944107180239
311115,634.6666666666666,1213522.0,1912.0619747899161
311120,2025.3333333333333,2142852.0,1058.024358130349
311130,655.0833333333334,1282658.0,1958.0073781961582
311140,475.4166666666667,932620.0,1961.689745836985
311150,521.0,1029586.0,1976.172744721689
311160,1128.1666666666667,1096127.0,971.6002363716945
311170,364.75,321974.0,882.7251542152159
311180,373.0,389652.0,1044.6434316353887
311190,309.3333333333333,314998.0,1018.3125000000001
311200,616.75,726261.0,1177.5614106201865
311205,382.6666666666667,582791.0,1522.9729965156794
311210,534.75,546969.0,1022.8499298737728
311220,364.0,382311.0,1050.3049450549452
311230,2610.5833333333335,2282815.0,874.4463242570306
311240,363.1666666666667,423045.0,1164.8783845800826
311250,379.1666666666667,511527.0,1349.0821978021977
311260,634.5,806090.0,1270.4334121355398
311265,522.5,639731.0,1224.3655502392344
311270,1531.4166666666667,3204231.0,2092.3312836698046
311280,120.58333333333333,97307.0,806.9689011748445
311290,1024.0,1164993.0,1137.6884765625
311300,2626.0,4732972.0,1802.3503427265803
311310,269.5833333333333,306666.0,1137.5554868624422
311320,1377.0,2343484.0,1701.8765432098764
311330,1959.4166666666667,2003678.0,1022.5890358525071
311340,3413.8333333333335,3150544.0,922.8757506224674
311350,854.6666666666666,1050520.0,1229.1575663026522
311360,313.4166666666667,359850.0,1148.152087210848
311370,1836.3333333333333,2775478.0,1511.423851878744
311380,123.91666666666667,163117.0,1316.3443174176193
311390,604.0833333333334,561076.0,928.8056283625327
311400,419.9166666666667,463602.0,1104.0333399484025
311410,763.9166666666666,1231178.0,1611.6653212610452
311420,373.1666666666667,443866.0,1189.457793657883
311430,1073.8333333333333,1270449.0,1183.097004501009
311440,789.25,815911.0,1033.7801710484637
311450,513.0,428561.0,835.401559454191
311455,291.3333333333333,287956.0,988.4073226544623
311460,127.75,130809.0,1023.945205479452
311470,104.0,87745.0,843.7019230769231
311480,425.9166666666667,561075.0,1317.3351594599883
311490,86.66666666666667,126566.0,1460.376923076923
311500,119.75,179768.0,1501.1941544885178
311510,686.75,881604.0,1283.7335274845286
311520,286.0833333333333,203806.0,712.4008156131664
311530,2046.0833333333333,1564208.0,764.4889015598909
311535,206.91666666666666,251003.0,1213.0632299637537
311540,295.5833333333333,414499.0,1402.3084296588668
311545,1068.75,1450946.0,1357.6102923976607
311547,713.75,1069627.0,1498.601751313485
311550,1028.75,1376168.0,1337.7088699878493
311560,76.41666666666667,70933.0,928.2399127589966
311570,749.0,1195010.0,1595.4739652870494
311580,746.5,557667.0,747.0421969189551
311590,196.41666666666666,213823.0,1088.6194314806958
311600,893.5,1306199.0,1461.8903189703412
311610,1012.8333333333334,1895814.0,1871.7926608523942
311615,1440.4166666666667,3558618.0,2470.5476424645644
311620,201.08333333333334,438184.0,2179.1164525486943
311630,673.4166666666666,476745.0,707.9495111991091
311640,199.25,284047.0,1425.5809284818067
311650,853.6666666666666,1125093.0,1317.953533775869
311660,680.9166666666666,901403.0,1323.8081018235223
311670,499.4166666666667,535307.0,1071.8645085933588
311680,954.0833333333334,1224327.0,1283.2495414446676
311690,225.08333333333334,345655.0,1535.6756756756756
311700,1168.6666666666667,2384638.0,2040.4774671990872
311710,458.4166666666667,368629.0,804.1352481367023
311720,167.0,145425.0,870.8083832335329
311730,822.8333333333334,726591.0,883.0354466275065
311740,464.5833333333333,433703.0,933.5311210762333
311750,1589.3333333333333,2690091.0,1692.5908137583892
311760,208.16666666666666,315651.0,1516.337870296237
311770,814.6666666666666,1199202.0,1472.0155482815057
311780,354.5,490174.0,1382.719322990127
311783,1037.0833333333333,2593199.0,2500.473121735637
311787,209.58333333333334,298080.0,1422.2504970178925
311790,411.5,409670.0,995.5528554070473
311800,1269.4166666666667,1235095.0,972.9626468850521
311810,445.3333333333333,890365.0,1999.3226047904193
311820,252.5,449103.0,1778.6257425742574
311830,1835.75,1368271.0,745.3471333242544
311840,1892.1666666666667,2421364.0,1279.6779705804634
311850,153.0,222183.0,1452.1764705882354
311860,22176.083333333332,29705364.0,1339.5225637229298
311870,580.5,744003.0,1281.6589147286822
311880,3210.8333333333335,4334095.0,1349.8349338178043
311890,683.1666666666666,945155.0,1383.4910953891194
311900,261.75,429553.0,1641.0811843361987
311910,1561.6666666666667,1460202.0,935.027961579509
311920,900.6666666666666,1235296.0,1371.5351591413769
311930,1062.5833333333333,858543.0,807.9770998353071
311940,5002.916666666667,6996463.0,1398.4768218539184
311950,914.5833333333334,1558848.0,1704.4351708428246
311960,159.41666666666666,235740.0,1478.7663355985364
311970,109.0,131398.0,1205.48623853211
311980,72.75,104612.0,1437.9656357388317
311990,147.83333333333334,180175.0,1218.771138669673
311995,68.33333333333333,84969.0,1243.448780487805
312000,314.5833333333333,478003.0,1519.4797350993379
312010,399.0,860662.0,2157.0476190476193
312015,781.0833333333334,1530012.0,1958.8332444254772
312020,475.5833333333333,567447.0,1193.1599789731908
312030,1206.8333333333333,2580545.0,2138.277862173733
312040,249.16666666666666,362577.0,1455.1585284280936
312050,411.75,518432.0,1259.0941105039465
312060,276.5,228780.0,827.4141048824594
312070,225.5,438056.0,1942.5986696230598
312080,994.5833333333334,1330889.0,1338.1372434017594
312083,346.6666666666667,655691.0,1891.416346153846
312087,1168.8333333333333,2585187.0,2211.7670041351776
312090,4014.75,5405258.0,1346.3498349834983
312100,526.9166666666666,890776.0,1690.5443618535508
312110,406.0,559597.0,1378.3177339901479
312120,226.08333333333334,226897.0,1003.5989679321783
312125,701.75,1324298.0,1887.1364446027787
312130,314.3333333333333,434319.0,1381.7147401908803
312140,287.6666666666667,238849.0,830.297798377752
312150,246.0,224841.0,913.9878048780488
312160,3009.1666666666665,4077337.0,1354.9721406812519
312170,417.4166666666667,530356.0,1270.567378718307
312180,540.1666666666666,683983.0,1266.244369021907
312190,189.58333333333334,284282.0,1499.5094505494505
312200,1737.3333333333333,1234684.0,710.6776669224867
312210,549.6666666666666,756815.0,1376.8617343844755
312220,724.4166666666666,1494511.0,2063.0544115955367
312230,3067.0,2797868.0,912.2491033583307
312235,774.25,1036641.0,1338.896997093962
312240,207.33333333333334,334547.0,1613.5707395498391
312245,1272.0,2841249.0,2233.686320754717
312247,333.1666666666667,342072.0,1026.7293646823412
312250,244.0,327393.0,1341.7745901639344
312260,470.9166666666667,924066.0,1962.2707485400813
312270,258.1666666666667,472261.0,1829.2872821174951
312280,101.33333333333333,62578.0,617.546052631579
312290,229.08333333333334,253655.0,1107.2608221171336
312300,234.16666666666666,144635.0,617.6583629893239
312310,348.6666666666667,552340.0,1584.1491395793498
312320,482.5,445878.0,924.0994818652849
312330,382.0,468589.0,1226.6727748691098
312340,80.83333333333333,99686.0,1233.2288659793815
312350,90.91666666666667,96207.0,1058.1888175985334
312352,708.9166666666666,508431.0,717.1943105677677
312360,871.8333333333334,1266993.0,1453.251385968266
312370,838.5833333333334,1106637.0,1319.650601212362
312380,1093.8333333333333,1996912.0,1825.6090202651228
312385,457.6666666666667,353638.0,772.6977421704297
312390,605.6666666666666,749218.0,1237.0137589433132
312400,1125.1666666666667,774662.0,688.4864464523774
312410,4493.0,6017550.0,1339.3167148898285
312420,1772.75,1527642.0,861.735721336906
312430,3671.25,4870108.0,1326.5530813755533
312440,300.0,180865.0,602.8833333333333
312450,416.5833333333333,371290.0,891.2742548509702
312460,146.58333333333334,197541.0,1347.6361569073335
312470,107.33333333333333,121602.0,1132.9378881987577
312480,330.5833333333333,527210.0,1594.7869926896901
312490,800.0833333333334,1004830.0,1255.9066763878761
312500,384.25,726440.0,1890.5400130123617
312510,692.0833333333334,895379.0,1293.744491270319
312520,80.25,114548.0,1427.3894080996886
312530,289.6666666666667,488541.0,1686.5627157652473
312540,574.3333333333334,583065.0,1015.2031340684852
312550,291.0,486796.0,1672.8384879725086
312560,943.8333333333334,1935962.0,2051.16934487021
312570,833.3333333333334,779822.0,935.7864
312580,210.58333333333334,302843.0,1438.1147605856747
312590,735.0,635075.0,864.047619047619
312595,956.1666666666666,838274.0,876.7028063447796
312600,183.83333333333334,225857.0,1228.596554850408
312610,1639.8333333333333,2086110.0,1272.1475759731682
312620,1098.5833333333333,2695771.0,2453.8611848592886
312630,88.0,91538.0,1040.2045454545455
312640,138.0,201234.0,1458.2173913043478
312650,831.6666666666666,1085009.0,1304.6200400801604
312660,551.4166666666666,689228.0,1249.9223212936377
312670,2538.6666666666665,2419531.0,953.0715598739496
312675,667.0833333333334,937729.0,1405.7149281698937
312680,765.9166666666666,1432343.0,1870.1029267761942
312690,1224.5,1966032.0,1605.5794201714987
312695,492.5,451273.0,916.2903553299492
312700,732.5833333333334,1202802.0,1641.863724263451
312705,753.4166666666666,1633823.0,2168.551708881761
312707,585.0,1304463.0,2229.851282051282
312710,1472.25,1420927.0,965.1397520801494
312720,384.25,613375.0,1596.2914769030579
312730,598.3333333333334,643055.0,1074.7437325905291
312733,592.0833333333334,1226442.0,2071.4009852216745
312735,311.6666666666667,289021.0,927.3401069518716
312737,312.5833333333333,408921.0,1308.1983471074382
312738,202.0,307095.0,1520.2722772277227
312740,77.0,56306.0,731.2467532467532
312750,533.0,718316.0,1347.6848030018762
312760,535.1666666666666,509385.0,951.8249766427905
312770,11211.083333333334,11895716.0,1061.0674853010041
312780,1201.5833333333333,1385473.0,1153.0394618212083
312790,41.0,72045.0,1757.1951219512196
312800,1744.1666666666667,2051771.0,1176.3617773530816
312810,457.6666666666667,504095.0,1101.4457392571012
312820,872.5833333333334,1180090.0,1352.4095119854837
312825,689.0,963784.0,1398.8156748911465
312830,563.1666666666666,760118.0,1349.7212192956497
312840,443.5833333333333,686555.0,1547.7475108021792
312850,260.75,522635.0,2004.352828379674
312860,276.5,279655.0,1011.4104882459313
312870,1314.0833333333333,1760992.0,1340.0915720717865
312880,421.25,755210.0,1792.7833827893176
312890,496.1666666666667,657731.0,1325.6251259657372
312900,483.8333333333333,527679.0,1090.6214261109199
312910,336.0,275691.0,820.5089285714286
312920,291.0833333333333,407581.0,1400.2210134554825
312930,877.8333333333334,671557.0,765.0165179419024
312940,383.8333333333333,495856.0,1291.8523664785064
312950,894.6666666666666,847237.0,946.9862146050671
312960,961.6666666666666,1336448.0,1389.720623916811
312965,771.5,996252.0,1291.3182112767336
312970,421.0833333333333,692405.0,1644.3419750643184
312980,8366.25,9964199.0,1190.9994322426417
312990,170.33333333333334,208380.0,1223.3659491193737
313000,186.16666666666666,361290.0,1940.6803939122651
313005,1211.3333333333333,1910018.0,1576.789763346175
313010,2131.25,2829571.0,1327.6579472140763
313020,225.66666666666666,280197.0,1241.6410635155096
313030,352.3333333333333,540633.0,1534.4361400189216
313040,281.0833333333333,599773.0,2133.7906907797214
313050,495.5,511873.0,1033.0433905146317
313055,1061.75,1346835.0,1268.5048269366612
313060,265.1666666666667,224403.0,846.2715273412947
313065,874.0,1480086.0,1693.462242562929
313070,358.1666666666667,501953.0,1401.4509073987902
313080,119.66666666666667,156138.0,1304.774373259053
313090,2356.5833333333335,2236622.0,949.095229675731
313100,517.3333333333334,1015813.0,1963.5560567010307
313110,522.6666666666666,811165.0,1551.9738520408164
313115,1083.8333333333333,1749731.0,1614.391204059665
313120,1465.0833333333333,1521407.0,1038.4440020476652
313130,10280.583333333334,16173639.0,1573.2219150988512
313140,197.33333333333334,286706.0,1452.9020270270269
313150,394.0833333333333,244824.0,621.2493127511102
313160,393.1666666666667,919122.0,2337.7414158541756
313170,3620.75,5366510.0,1482.154249810122
313180,805.0,814663.0,1012.0037267080745
313190,1134.5,1641335.0,1446.7474658439842
313200,606.3333333333334,1333621.0,2199.4848818031883
313210,1693.25,2413250.0,1425.2177764653773
313220,463.5833333333333,543531.0,1172.4558691353586
313230,1545.0,4174665.0,2702.0485436893205
313240,2835.1666666666665,4189795.0,1477.7949562048088
313250,2426.8333333333335,2452484.0,1010.569603736007
313260,182.0,254429.0,1397.9615384615386
313270,2539.6666666666665,3391683.0,1335.4835280220502
313280,131.0,196156.0,1497.3740458015268
313290,348.75,426864.0,1223.9827956989247
313300,446.5833333333333,421098.0,942.9326366859489
313310,322.0833333333333,484800.0,1505.2005174644244
313320,682.3333333333334,586859.0,860.076697606253
313330,1776.4166666666667,2928862.0,1648.7471970727588
313340,532.75,736354.0,1382.175504458001
313350,736.9166666666666,1116257.0,1514.7669342983152
313360,521.8333333333334,749631.0,1436.533375918237
313370,555.1666666666666,798950.0,1439.1173821675175
313375,351.4166666666667,354642.0,1009.1780886886412
313380,2044.5,2607758.0,1275.4991440449987
313390,418.6666666666667,732378.0,1749.31050955414
313400,1781.5833333333333,2891766.0,1623.143832733056
313410,566.6666666666666,826229.0,1458.0511764705884
313420,2100.8333333333335,1932117.0,919.6907576358587
313430,342.0,472830.0,1382.5438596491229
313440,1675.0833333333333,2511998.0,1499.625690264166
313450,195.58333333333334,229136.0,1171.5517682147422
313460,869.9166666666666,1103737.0,1268.7847494970783
313470,1305.5833333333333,2449910.0,1876.4868832578031
313480,191.33333333333334,204196.0,1067.226480836237
313490,486.1666666666667,596404.0,1226.748028796709
313500,140.33333333333334,200509.0,1428.8052256532067
313505,4767.25,9537283.0,2000.5837747128849
313507,673.9166666666666,1473958.0,2187.151724990726
313510,4849.75,5359686.0,1105.1468632403732
313520,6783.916666666667,14237027.0,2098.6441460808037
313530,140.16666666666666,206860.0,1475.8145065398337
313535,1087.4166666666667,1160846.0,1067.5264004904589
313540,290.9166666666667,325819.0,1119.9736465196218
313545,511.5,922179.0,1802.8914956011731
313550,820.25,794231.0,968.279183175861
313560,1150.3333333333333,1548240.0,1345.9055346276443
313570,365.6666666666667,277170.0,757.9854147675478
313580,2460.5,3929573.0,1597.0627921154237
313590,378.0,352910.0,933.6243386243386
313600,2155.1666666666665,4578062.0,2124.2264326038203
313610,485.3333333333333,583140.0,1201.5247252747254
313620,2323.0,3703609.0,1594.3215669393026
313630,2921.5,4128638.0,1413.1911689200754
313640,337.6666666666667,421598.0,1248.5626850937808
313650,788.9166666666666,1101154.0,1395.7798669060949
313652,371.75,601150.0,1617.081371889711
313655,535.25,811975.0,1517.0014012143859
313657,551.1666666666666,1201256.0,2179.4786815845177
313660,425.0,725199.0,1706.350588235294
313665,1626.1666666666667,2624128.0,1613.6894537255303
313670,14322.25,19828691.0,1384.4675941280177
313680,463.75,797022.0,1718.6458221024259
313690,222.66666666666666,272206.0,1222.4820359281437
313695,769.0,1284492.0,1670.3407022106633
313700,1678.25,3007178.0,1791.8534187397586
313710,503.0,597371.0,1187.6163021868788
313720,1508.1666666666667,2133183.0,1414.4212620179026
313730,470.3333333333333,558401.0,1187.2452161587528
313740,466.9166666666667,447816.0,959.0919150455113
313750,670.9166666666666,905199.0,1349.1973667867346
313753,628.1666666666666,946555.0,1506.8532767312286
313760,1711.4166666666667,1980336.0,1157.1325899595852
313770,1903.1666666666667,1506097.0,791.3636920921272
313780,924.3333333333334,1454815.0,1573.9073205914171
313790,243.25,274135.0,1126.9681397738952
313800,422.25,504915.0,1195.7726465364121
313810,704.0,1253059.0,1779.9133522727273
313820,3168.0,3472695.0,1096.1789772727273
313830,106.75,116528.0,1091.5971896955502
313835,374.75,678080.0,1809.4196130753835
313840,1833.9166666666667,1793020.0,977.6998227836597
313850,386.1666666666667,364743.0,944.5222270176953
313860,928.4166666666666,1243047.0,1338.8891481913654
313862,265.1666666666667,486158.0,1833.4054054054052
313865,1119.6666666666667,1909419.0,1705.3459362905626
313867,622.9166666666666,768556.0,1233.8022742474918
313868,861.25,2086518.0,2422.662409288824
313870,251.75,314009.0,1247.304865938431
313880,606.9166666666666,930512.0,1533.1791844020322
313890,904.0833333333334,1239915.0,1371.4609641441607
313900,1115.5,1166209.0,1045.4585387718512
313910,163.33333333333334,181831.0,1113.2510204081632
313920,1365.5833333333333,1475795.0,1080.7066577164826
313925,714.5833333333334,742027.0,1038.4051311953351
313930,2082.25,4047761.0,1943.9361267859288
313940,1831.5833333333333,1749444.0,955.1539196505756
313950,1668.0833333333333,2165010.0,1297.9027826347606
313960,1606.4166666666667,1783071.0,1109.9679410696685
313970,530.3333333333334,1119800.0,2111.5021998742927
313980,361.25,495440.0,1371.4602076124568
313990,622.8333333333334,759088.0,1218.7658549638747
314000,3666.8333333333335,6919105.0,1886.942866233353
314010,599.0833333333334,1203697.0,2009.2313256363889
314015,718.6666666666666,1267878.0,1764.2087198515771
314020,110.66666666666667,104531.0,944.5572289156626
314030,291.3333333333333,441551.0,1515.621281464531
314040,249.75,192449.0,770.5665665665666
314050,595.3333333333334,896705.0,1506.223404255319
314053,697.5833333333334,639504.0,916.7420857723091
314055,1167.0,2441680.0,2092.2707797772064
314060,537.8333333333334,990329.0,1841.3306476603655
314070,1715.3333333333333,2136822.0,1245.7182277497086
314080,588.0833333333334,878741.0,1494.2457134759811
314085,998.5,1493761.0,1496.005007511267
314090,1837.6666666666667,2555226.0,1390.4730636676945
314100,1417.0833333333333,900716.0,635.6125845339607
314110,1506.5833333333333,2068627.0,1373.0584656230988
314120,96.75,102132.0,1055.6279069767443
314130,129.25,220415.0,1705.3384912959382
314140,1791.3333333333333,2170342.0,1211.5790844808337
314150,634.0,940612.0,1483.615141955836
314160,685.3333333333334,681746.0,994.7655642023345
314170,417.4166666666667,867531.0,2078.3333998802154
314180,2301.5833333333335,3127001.0,1358.6303631557985
314190,228.33333333333334,237076.0,1038.2890510948905
314200,1405.8333333333333,2276303.0,1619.1841138114999
314210,756.25,703609.0,930.3920661157025
314220,450.3333333333333,532791.0,1183.1036269430053
314225,535.75,814832.0,1520.9183387774149
314230,329.25,505664.0,1535.8056188306757
314240,314.6666666666667,306044.0,972.5974576271186
314250,124.08333333333333,98764.0,795.9489590329081
314260,339.5833333333333,416597.0,1226.7887116564418
314270,1620.0833333333333,3538422.0,2184.098760351834
314280,1054.4166666666667,1287274.0,1220.8399589030269
314290,2163.0833333333335,1978501.0,914.6670262356974
314300,552.6666666666666,569912.0,1031.2038600723765
314310,903.8333333333334,737940.0,816.4558362529965
314315,515.0,1187945.0,2306.6893203883496
314320,757.9166666666666,1001921.0,1321.9408466190216
314330,12926.5,10463136.0,809.4330251808301
314340,497.3333333333333,510912.0,1027.3029490616623
314345,643.5833333333334,722133.0,1122.0504985109412
314350,169.0,206461.0,1221.6627218934912
314360,145.75,178466.0,1224.4665523156089
314370,326.0833333333333,489041.0,1499.7423971377461
314380,246.16666666666666,246704.0,1002.1828029790115
314390,3631.3333333333335,4545075.0,1251.6270424086654
314400,1456.25,1339275.0,919.6738197424893
314410,667.8333333333334,749375.0,1122.0988270526577
314420,336.9166666666667,672066.0,1994.7543903042294
314430,2578.9166666666665,3142058.0,1218.3635247358388
314435,653.0833333333334,1362447.0,2086.176342988388
314437,246.0,424087.0,1723.9308943089432
314440,176.75,132278.0,748.3903818953324
314450,588.8333333333334,626682.0,1064.27738465893
314460,892.3333333333334,862677.0,966.7654090399701
314465,1207.0,1639408.0,1358.2502071251035
314467,483.3333333333333,820485.0,1697.5551724137931
314470,941.6666666666666,1203114.0,1277.643185840708
314480,1875.25,2487497.0,1326.4882015731237
314490,414.0833333333333,561112.0,1355.0702354598511
314500,481.4166666666667,607591.0,1262.0896659165655
314505,894.6666666666666,1356240.0,1515.9165424739197
314510,698.3333333333334,643513.0,921.4983293556086
314520,960.25,952983.0,992.4321791200208
314530,3120.8333333333335,5447645.0,1745.573831775701
314535,1255.5833333333333,2415535.0,1923.8348709099357
314537,507.25,1106095.0,2180.57171020207
314540,130.75,212349.0,1624.0841300191205
314545,998.25,2089481.0,2093.144002003506
314550,187.83333333333334,311207.0,1656.8251996450754
314560,1312.75,2036463.0,1551.295372310036
314570,97.66666666666667,90456.0,926.1706484641638
314580,148.75,157268.0,1057.2638655462185
314585,215.0,307158.0,1428.6418604651162
314587,846.5,630513.0,744.8470171293561
314590,1154.5,1797950.0,1557.3408401905588
314600,271.6666666666667,284347.0,1046.6760736196318
314610,2762.0,3952193.0,1430.9170890658943
314620,1015.1666666666666,1841088.0,1813.582006238713
314625,752.0833333333334,1973412.0,2623.9273130193906
314630,2725.8333333333335,5610067.0,2058.110791806787
314640,249.66666666666666,291666.0,1168.2216288384514
314650,267.5,404089.0,1510.6130841121496
314655,575.25,520343.0,904.5510647544546
314660,113.08333333333333,83509.0,738.473102431835
314670,589.0833333333334,1101227.0,1869.3908615079924
314675,911.5,1433086.0,1572.2281952825015
314690,737.3333333333334,692936.0,939.7866184448462
314700,2835.9166666666665,4031684.0,1421.6510828362377
314710,2314.3333333333335,3179191.0,1373.69624081809
314720,525.1666666666666,590418.0,1124.2488099016186
314730,716.4166666666666,1049054.0,1464.307083866465
314740,1148.8333333333333,1396184.0,1215.305962570724
314750,113.66666666666667,162997.0,1433.991202346041
314760,458.0833333333333,532387.0,1162.2055666727306
314770,199.16666666666666,285269.0,1432.312970711297
314780,122.33333333333333,158104.0,1292.4032697547684
314790,3209.1666666666665,4536988.0,1413.758919761101
314795,778.75,1547601.0,1987.2886035313002
314800,2338.9166666666665,2993632.0,1279.922471229558
314810,2696.5,2896843.0,1074.2974225848322
314820,388.75,643246.0,1654.6520900321543
314830,671.5,745229.0,1109.7974683544303
314840,421.5,874177.0,2073.9667852906286
314850,1059.5833333333333,1967358.0,1856.7279591034212
314860,1548.6666666666667,2301104.0,1485.8613861386139
314870,2814.0,4251242.0,1510.7469793887703
314875,996.75,968235.0,971.3920240782543
314880,341.25,383630.0,1124.1904761904761
314890,141.5,196781.0,1390.678445229682
314900,232.16666666666666,284397.0,1224.9691313711414
314910,638.0833333333334,839945.0,1316.3562753036435
314915,1097.0833333333333,1829668.0,1667.7566274211927
314920,147.83333333333334,344016.0,2327.052987598647
314930,1843.6666666666667,2444971.0,1326.1459048996564
314940,194.58333333333334,211179.0,1085.2882226980728
314950,118.75,204252.0,1720.016842105263
314960,276.3333333333333,443434.0,1604.7068757539205
314970,202.66666666666666,303703.0,1498.5345394736844
314980,451.75,685187.0,1516.7393469839512
314990,517.5833333333334,514403.0,993.8554178071163
314995,718.1666666666666,1580660.0,2200.9654212114183
315000,433.0,798436.0,1843.9630484988452
315010,135.0,183091.0,1356.2296296296297
315015,1012.6666666666666,1898318.0,1874.5734035549704
315020,244.91666666666666,436410.0,1781.8713848247703
315030,128.41666666666666,97202.0,756.9266709928619
315040,396.0833333333333,385622.0,973.5880496528508
315050,384.1666666666667,712863.0,1855.6086767895877
315053,418.3333333333333,563893.0,1347.9513944223108
315057,804.4166666666666,1021362.0,1269.6927380089091
315060,161.08333333333334,143504.0,890.8680807035695
315070,141.25,184363.0,1305.224778761062
315080,1392.1666666666667,2249377.0,1615.7382976176223
315090,259.0,395981.0,1528.88416988417
315100,361.0833333333333,548248.0,1518.3420263097162
315110,615.75,703604.0,1142.6780349167682
315120,4094.5833333333335,4281180.0,1045.5715884807164
315130,417.8333333333333,612426.0,1465.718388512166
315140,1106.0,1291380.0,1167.613019891501
315150,1177.5833333333333,1494806.0,1269.3844738518153
315160,425.75,550121.0,1292.1221374045801
315170,391.4166666666667,472718.0,1207.7104534809453
315180,3241.75,4682473.0,1444.4275468496953
315190,1013.5833333333334,739254.0,729.3470360930692
315200,1236.6666666666667,1162079.0,939.6865229110512
315210,2671.75,3418983.0,1279.6792364555067
315213,572.9166666666666,1218877.0,2127.4944
315217,1260.5833333333333,2690963.0,2134.696635155682
315220,3137.0,2518937.0,802.9764105833599
315230,1571.5833333333333,2706237.0,1721.9812291213746
315240,1130.9166666666667,1211295.0,1071.073612850932
315250,3440.1666666666665,4661036.0,1354.8866818468098
315260,87.75,73823.0,841.2877492877493
315270,234.41666666666666,316902.0,1351.8748666903662
315280,548.3333333333334,485481.0,885.3756838905774
315290,280.6666666666667,271012.0,965.6009501187648
315300,221.75,358429.0,1616.3652762119505
315310,466.0,489982.0,1051.4635193133047
315320,203.08333333333334,315882.0,1555.4304472712352
315330,160.41666666666666,146109.0,910.8093506493507
315340,1005.6666666666666,1423786.0,1415.7633410672854
315350,690.9166666666666,700925.0,1014.4855867808468
315360,508.5833333333333,775154.0,1524.1435359659185
315370,185.91666666666666,212718.0,1144.1577767817123
315380,57.083333333333336,37017.0,648.47299270073
315390,441.6666666666667,683497.0,1547.5403773584906
315400,1657.5833333333333,2187088.0,1319.443768538535
315410,553.5833333333334,412491.0,745.129007978323
315415,487.1666666666667,515561.0,1058.2846390694492
315420,292.4166666666667,298525.0,1020.8891422057566
315430,1181.9166666666667,1268856.0,1073.5579214552633
315440,381.75,562253.0,1472.83038637852
315445,852.8333333333334,1044236.0,1224.4315028336916
315450,994.1666666666666,1135776.0,1142.4402347024309
315460,15405.5,23539510.0,1527.9938982830806
315470,172.91666666666666,322992.0,1867.9055421686749
315480,299.4166666666667,356663.0,1191.1928750347897
315490,861.0,959556.0,1114.4668989547038
315500,162.25,260679.0,1606.6502311248073
315510,682.8333333333334,1472881.0,2157.0139126189893
315520,543.1666666666666,893809.0,1645.552009818963
315530,251.08333333333334,199352.0,793.9674742781281
315540,458.8333333333333,845642.0,1843.0265165274247
315550,428.9166666666667,466287.0,1087.127258597241
315560,2919.6666666666665,3095991.0,1060.391939719146
315570,813.8333333333334,752515.0,924.6549252508703
315580,772.9166666666666,944330.0,1221.7746630727763
315590,375.9166666666667,535103.0,1423.4617601418754
315600,945.0,884477.0,935.9544973544973
315610,332.8333333333333,397922.0,1195.5593390085128
315620,149.41666666666666,221882.0,1484.9882877858338
315630,207.58333333333334,270741.0,1304.2521075873142
315640,136.91666666666666,198482.0,1449.655508216677
315645,264.9166666666667,274974.0,1037.9641396665618
315650,904.9166666666666,1016623.0,1123.4437793535317
315660,1132.5,1181477.0,1043.2467991169979
315670,4906.333333333333,6190245.0,1261.6845573748217
315680,1231.9166666666667,1696132.0,1376.8236487857673
315690,637.75,665504.0,1043.5186201489612
315700,2900.9166666666665,2773416.0,956.0481457010716
315710,758.5,1372600.0,1809.6242584047461
315720,1728.6666666666667,3805683.0,2201.5134978789047
315725,842.5833333333334,885748.0,1051.2289585599842
315727,170.66666666666666,234038.0,1371.31640625
315730,213.33333333333334,174632.0,818.5875
315733,345.25,317882.0,920.729905865315
315737,539.25,1094704.0,2030.0491423273065
315740,368.5833333333333,568628.0,1542.7393172055167
315750,519.0833333333334,790474.0,1522.8267779739924
315760,591.0,960215.0,1624.7292724196277
315765,1064.5,2694360.0,2531.1038046031
315770,349.9166666666667,363734.0,1039.4874970231008
315780,11338.916666666666,21843936.0,1926.457054245335
315790,1692.1666666666667,1105353.0,653.2175711612331
315800,381.6666666666667,661873.0,1734.1650655021833
315810,675.8333333333334,1014902.0,1501.7045622688038
315820,1248.75,1196938.0,958.5089089089089
315830,276.0833333333333,463897.0,1680.2789012979174
315840,263.5,389484.0,1478.1176470588234
315850,494.5,511304.0,1033.9817997977755
315860,148.0,182433.0,1232.6554054054054
315870,208.58333333333334,278201.0,1333.7642828605672
315880,217.25,245949.0,1132.1012658227849
315890,784.1666666666666,676459.0,862.6469713071201
315895,1724.5833333333333,3064153.0,1776.7497463155353
315900,411.5833333333333,516796.0,1255.6290747114801
315910,279.1666666666667,400549.0,1434.8023880597013
315920,305.8333333333333,429742.0,1405.1509536784743
315930,323.0833333333333,259116.0,802.0098013928296
315935,286.0,423041.0,1479.1643356643356
315940,239.08333333333334,299029.0,1250.7312652492158
315950,596.25,761114.0,1276.5014675052412
315960,1056.4166666666667,922855.0,873.5710341563461
315970,244.16666666666666,280935.0,1150.5870307167236
315980,770.6666666666666,812675.0,1054.5090830449828
315990,1422.0833333333333,1584172.0,1113.9797245824789
316000,218.66666666666666,285608.0,1306.1341463414635
316010,320.9166666666667,529410.0,1649.6806024409243
316020,425.5,557588.0,1310.4300822561693
316030,1231.1666666666667,1500665.0,1218.8967104372546
316040,596.25,745075.0,1249.6016771488469
316045,1192.25,2016865.0,1691.6460473893899
316050,164.25,154050.0,937.8995433789954
316060,279.5,520296.0,1861.5241502683364
316070,2129.8333333333335,2275588.0,1068.4347758040535
316080,186.08333333333334,181818.0,977.078369905956
316090,149.66666666666666,267442.0,1786.9175946547884
316095,511.5,520696.0,1017.9784946236559
316100,808.5,998145.0,1234.5640074211503
316105,377.75,484045.0,1281.389808074123
316110,6371.0,10062363.0,1579.4008789828913
316120,302.8333333333333,331649.0,1095.153549807375
316130,365.5833333333333,447453.0,1223.9425575564167
316140,359.9166666666667,545325.0,1515.142394072702
316150,596.1666666666666,586735.0,984.1794800111826
316160,441.75,852914.0,1930.7617430673458
316165,347.1666666666667,406596.0,1171.183869419107
316170,436.5833333333333,870720.0,1994.395877075778
316180,243.5,292485.0,1201.170431211499
316190,666.4166666666666,1010995.0,1517.0613980242592
316200,909.0833333333334,1125914.0,1238.5157209643414
316210,976.0,1085154.0,1111.8381147540983
316220,110.0,104037.0,945.790909090909
316225,690.75,1118238.0,1618.8751357220413
316230,147.33333333333334,176856.0,1200.3800904977375
316240,3042.3333333333335,4754344.0,1562.7294839487236
316245,1790.0,5048442.0,2820.358659217877
316250,3200.1666666666665,2934664.0,917.0347377740743
316255,1377.0,1803924.0,1310.0392156862745
316257,456.6666666666667,471394.0,1032.2496350364963
316260,704.75,787845.0,1117.9070592408655
316265,530.9166666666666,1123696.0,2116.5204834405904
316270,1612.5,1576788.0,977.8530232558139
316280,1326.25,1961470.0,1478.9594721960414
316290,953.0833333333334,1365818.0,1433.0520241322024
316292,1930.9166666666667,2748588.0,1423.4627767467955
316294,203.25,239018.0,1175.980319803198
316295,1213.0833333333333,2622817.0,2162.1078518925606
316300,457.0,900694.0,1970.8840262582057
316310,162.08333333333334,181899.0,1122.2560411311053
316320,223.25,389402.0,1744.2418812989922
316330,466.3333333333333,752822.0,1614.3431022158686
316340,389.8333333333333,431436.0,1106.7191107310816
316350,674.1666666666666,832085.0,1234.2422744128555
316360,296.9166666666667,241225.0,812.4333426887454
316370,1449.0,1796146.0,1239.5762594893029
316380,732.0,852231.0,1164.25
316390,241.5,146846.0,608.0579710144928
316400,304.0,388486.0,1277.9144736842106
316410,566.3333333333334,884393.0,1561.6121247792819
316420,1106.5833333333333,2465645.0,2228.160253031102
316430,212.66666666666666,260965.0,1227.1081504702195
316440,176.91666666666666,270804.0,1530.686764013189
316443,147.33333333333334,119048.0,808.0180995475113
316447,984.0,2096714.0,2130.8069105691056
316450,965.5833333333334,1131484.0,1171.813929403642
316460,390.1666666666667,588112.0,1507.335326783426
316470,1865.9166666666667,2830888.0,1517.1567147514627
316480,86.25,65750.0,762.3188405797101
316490,93.16666666666667,89969.0,965.6779964221824
316500,268.0,297692.0,1110.7910447761194
316510,267.5833333333333,499073.0,1865.1124260355032
316520,437.25,588659.0,1346.275586049171
316530,384.8333333333333,371665.0,965.7817236899091
316540,338.8333333333333,427624.0,1262.048204623709
316550,683.4166666666666,1411597.0,2065.4998170954764
316553,920.6666666666666,1188573.0,1290.9916727009413
316555,1493.9166666666667,3805667.0,2547.4426284375522
316556,207.58333333333334,250869.0,1208.5218787635488
316557,449.1666666666667,453415.0,1009.4582560296845
316560,93.25,144282.0,1547.2600536193029
316570,467.9166666666667,329643.0,704.4908281389136
316580,99.0,99458.0,1004.6262626262626
316590,466.3333333333333,327855.0,703.048606147248
316600,440.8333333333333,327971.0,743.979584120983
316610,281.0833333333333,472377.0,1680.558553216721
316620,1111.25,1267660.0,1140.7514060742408
316630,635.6666666666666,407459.0,640.9947561615103
316640,54.75,63139.0,1153.2237442922374
316650,480.0833333333333,833387.0,1735.9215413990628
316660,16.166666666666668,24151.0,1493.8762886597938
316670,610.9166666666666,486017.0,795.5536761696904
316680,817.3333333333334,1309487.0,1602.1455954323
316690,453.1666666666667,690224.0,1523.1129091577786
316695,450.8333333333333,987771.0,2190.989279112754
316700,181.75,285701.0,1571.9449793672627
316710,1162.25,1553894.0,1336.9705312970532
316720,6895.833333333333,9037158.0,1310.5244229607251
316730,170.5,154415.0,905.6598240469208
316740,280.0,511036.0,1825.1285714285714
316750,143.66666666666666,191427.0,1332.4385150812066
316760,1425.0833333333333,806687.0,566.0630372492838
316770,732.6666666666666,1371620.0,1872.0928116469518
316780,179.0,127041.0,709.7262569832402
316790,201.66666666666666,176050.0,872.9752066115703
316800,2473.75,2326822.0,940.6051541182416
316805,488.8333333333333,644454.0,1318.3511762700307
316810,178.58333333333334,314586.0,1761.564162389174
316820,64.08333333333333,101690.0,1586.840052015605
316830,305.1666666666667,350045.0,1147.0617149098853
316840,1340.4166666666667,1811868.0,1351.7199875660554
316850,630.8333333333334,559914.0,887.5783355350065
316860,6715.666666666667,8220267.0,1224.0433315133766
316870,2614.5,3631933.0,1389.1501243067507
316880,305.6666666666667,344718.0,1127.7579062159214
316890,384.4166666666667,575321.0,1496.607847387817
316900,675.4166666666666,598538.0,886.175940777298
316905,201.25,111344.0,553.2621118012422
316910,124.66666666666667,105549.0,846.6497326203208
316920,593.8333333333334,687757.0,1158.165029469548
316930,2237.1666666666665,2625268.0,1173.4789540341205
316935,1320.4166666666667,1783592.0,1350.7796781319028
316940,2182.9166666666665,3075313.0,1408.809162053827
316950,787.0,1687766.0,2144.556543837357
316960,1769.5,2449090.0,1384.057643402091
316970,1412.3333333333333,1200667.0,850.1300448430494
316980,183.0,169000.0,923.4972677595629
316990,2829.3333333333335,2543908.0,899.1192271442035
317000,1354.25,2024888.0,1495.209894775706
317005,1066.5,1221366.0,1145.209563994374
317010,6451.166666666667,8360607.0,1295.9837238742346
317020,13607.5,16291437.0,1197.2395370200256
317030,294.4166666666667,643603.0,2186.027738465893
317040,3246.6666666666665,3023461.0,931.2508213552362
317043,342.6666666666667,488513.0,1425.6215953307392
317047,396.5,662856.0,1671.7679697351828
317050,363.6666666666667,578283.0,1590.1457378551786
317052,1122.25,1575429.0,1403.8128759189128
317057,676.75,1074389.0,1587.571481344662
317060,111.58333333333333,164559.0,1474.7632561613145
317065,519.3333333333334,940139.0,1810.280487804878
317070,2017.6666666666667,2813006.0,1394.1876755327935
317075,269.0,419183.0,1558.3011152416357
317080,2083.5833333333335,1663945.0,798.5977682678079
317090,2440.75,2701993.0,1107.0339035132645
317100,742.25,664800.0,895.6551027281913
317103,1028.9166666666667,1889423.0,1836.3226694743662
317107,588.3333333333334,753196.0,1280.2198300283285
317110,126.25,197386.0,1563.4534653465346
317115,505.3333333333333,540355.0,1069.3040897097626
317120,4942.666666666667,9377562.0,1897.2677367143242
317130,2710.8333333333335,3205028.0,1182.3035966799875
317140,328.9166666666667,439680.0,1336.7519635165947
317150,443.5,863940.0,1948.0045095828636
317160,1169.0833333333333,1078241.0,922.29610093378
317170,607.1666666666666,440371.0,725.2884984902553
317180,536.75,520537.0,969.7941313460643
317190,483.4166666666667,395806.0,818.7677986554042
317200,1444.5,1472718.0,1019.5347871235722
317210,477.3333333333333,876670.0,1836.5991620111733
317220,90.83333333333333,111159.0,1223.7688073394495
320010,2171.1666666666665,1937380.0,892.3221002533201
320013,637.25,627626.0,984.8976069046685
320016,1357.0,1155045.0,851.1753868828298
320020,1239.0833333333333,1347239.0,1087.2868383885939
320030,473.75,580398.0,1225.114511873351
320035,720.5833333333334,681248.0,945.4118191280212
320040,1446.25,2384929.0,1649.0433880726016
320050,757.75,637428.0,841.2114813592874
320060,3897.3333333333335,5468491.0,1403.1365891207663
320070,457.4166666666667,589640.0,1289.0654035343414
320080,1783.9166666666667,1857992.0,1041.5239874807305
320090,2598.0,2820199.0,1085.5269438029254
320100,1131.75,1341575.0,1185.3987187983212
320110,581.4166666666666,583583.0,1003.7259567149205
320115,840.4166666666666,597298.0,710.7165096678235
320120,7519.416666666667,10919898.0,1452.2267463123246
320130,18445.333333333332,28008061.0,1518.4361536793408
320140,1048.0,1092134.0,1042.1125954198474
320150,3156.0,2542383.0,805.5712927756654
320160,2159.25,2963007.0,1372.238971865231
320170,607.9166666666666,645512.0,1061.8429061000686
320180,292.8333333333333,214561.0,732.7068867387593
320190,936.6666666666666,980586.0,1046.8889679715303
320200,426.8333333333333,451202.0,1057.0917610308475
320210,1751.4166666666667,2028736.0,1158.3400104677166
320220,862.5833333333334,1255518.0,1455.5324123273112
320225,413.5,275685.0,666.7110036275695
320230,1737.5,1849113.0,1064.2376978417267
320240,5043.833333333333,4822932.0,956.2036810626838
320245,1118.75,719159.0,642.8236871508379
320250,496.25,453136.0,913.1204030226701
320255,870.4166666666666,836224.0,960.7168980373385
320260,316.3333333333333,302665.0,956.791359325606
320265,976.25,564450.0,578.1818181818181
320270,835.6666666666666,741993.0,887.9054646988433
320280,2450.0833333333335,3331368.0,1359.6957926601135
320290,386.8333333333333,327329.0,846.1757862990091
320300,1297.75,1121826.0,864.4392217299171
320305,2032.1666666666667,2425921.0,1193.7608463872714
320310,705.5833333333334,943569.0,1337.2892405810794
320313,568.1666666666666,488705.0,860.1437371663245
320316,720.1666666666666,648673.0,900.7262207822264
320320,6786.916666666667,6967029.0,1026.5381677983376
320330,1180.6666666666667,1188365.0,1006.5203274985884
320332,2763.5833333333335,3054906.0,1105.4148297801767
320334,455.5,446423.0,980.072447859495
320335,406.0833333333333,430796.0,1060.8561461112251
320340,1944.0833333333333,1544359.0,794.3893008701616
320350,1434.75,2075602.0,1446.6645757100541
320360,518.5,664924.0,1282.3992285438765
320370,922.0,855524.0,927.9002169197397
320380,1071.0,1552653.0,1449.7226890756303
320390,2472.4166666666665,2694918.0,1089.993461188446
320400,1173.1666666666667,990060.0,843.9210115073163
320405,1865.0833333333333,2529941.0,1356.476118135919
320410,1749.3333333333333,2085544.0,1192.1935975609756
320420,744.25,704940.0,947.1817265703728
320425,859.8333333333334,1305176.0,1517.940686179492
320430,1131.0833333333333,1413117.0,1249.348264937744
320435,838.75,700601.0,835.2918032786886
320440,525.5,761137.0,1448.405328258801
320450,696.75,925170.0,1327.8363832077503
320455,1302.25,1322949.0,1015.8947974659244
320460,597.9166666666666,672589.0,1124.8875261324042
320465,510.0,645039.0,1264.7823529411764
320470,1017.3333333333334,963657.0,947.2382044560943
320480,780.1666666666666,967450.0,1240.0555436872464
320490,6659.166666666667,8664256.0,1301.1021399073957
320495,398.3333333333333,508673.0,1277.0033472803348
320500,20453.75,29597335.0,1447.0370958870624
320501,1473.5833333333333,1719721.0,1167.0334219306678
320503,678.5,629552.0,927.858511422255
320506,610.6666666666666,494583.0,809.9066593886463
320510,4099.416666666667,5937233.0,1448.3116703596038
320515,605.1666666666666,524071.0,865.9944918755165
320517,816.25,725134.0,888.3724349157734
320520,12263.5,16570167.0,1351.1776409670974
320530,10957.916666666666,19422056.0,1772.4223126354616
330010,9124.666666666666,14026100.0,1537.1630013881786
330015,617.1666666666666,793541.0,1285.780718336484
330020,8788.666666666666,11262202.0,1281.4460289767126
330022,751.75,960400.0,1277.552377785168
330023,1386.8333333333333,1898312.0,1368.8104795096745
330025,1197.3333333333333,1062339.0,887.2541759465479
330030,4313.583333333333,7053181.0,1635.109479744219
330040,6798.5,11036828.0,1623.421048760756
330045,39241.0,49771488.0,1268.3542213501185
330050,997.4166666666666,1241000.0,1244.2142200685103
330060,1930.5,1706835.0,884.1414141414141
330070,9123.666666666666,11747093.0,1287.5407913485076
330080,3739.75,5182862.0,1385.8846179557456
330090,1211.0,1468404.0,1212.5549132947976
330093,826.75,1594415.0,1928.533413970366
330095,455.3333333333333,833875.0,1831.3506588579796
330100,36757.833333333336,57931280.0,1576.0254276866156
330110,943.0833333333334,1323800.0,1403.6935583635238
330115,956.3333333333334,959103.0,1002.896131056117
330120,1296.0833333333333,1676162.0,1293.2517199254164
330130,1811.0833333333333,2551042.0,1408.5724014171997
330140,1406.0,1993575.0,1417.9054054054054
330150,773.1666666666666,1001062.0,1294.7557663289504
330160,535.75,601749.0,1123.1899206719552
330170,50957.0,54129948.0,1062.2671664344448
330180,796.5833333333334,1426789.0,1791.1358928758239
330185,4144.666666666667,7390310.0,1783.0891105034582
330187,1565.0,1665867.0,1064.4517571884985
330190,15410.416666666666,23091354.0,1498.4250263620388
330200,7331.333333333333,7104644.0,969.0793852868965
330205,850.6666666666666,1166901.0,1371.7488244514107
330210,1307.8333333333333,1149165.0,878.6784758506436
330220,3716.4166666666665,3848936.0,1035.6578245173444
330225,1465.75,2782230.0,1898.1613508442776
330227,9224.25,14932894.0,1618.8735127517143
330230,665.75,752669.0,1130.5580172737514
330240,9187.5,13240237.0,1441.114231292517
330245,350.3333333333333,288091.0,822.3339676498573
330250,16222.0,21186914.0,1306.060535075823
330260,1755.5833333333333,2875421.0,1637.8721222765464
330270,6122.083333333333,7128037.0,1164.3155788470701
330280,888.5,1363733.0,1534.871131119865
330285,10916.833333333334,15276791.0,1399.3793377200348
330290,1404.25,2178946.0,1551.6795442406979
330300,1940.5833333333333,2963025.0,1526.8733628204577
330310,992.0833333333334,1007899.0,1015.9418731625367
330320,7273.666666666667,6723849.0,924.4098345630356
330330,15631.833333333334,19936389.0,1275.371133690866
330340,5191.5,6462113.0,1244.748723875566
330350,63622.75,91290356.0,1434.8696967672727
330360,3649.5833333333335,5807110.0,1591.1706815846558
330370,1904.5833333333333,2027037.0,1064.294202581492
330380,1823.0833333333333,2405150.0,1319.275951912968
330385,1784.5,2072259.0,1161.25469319137
330390,11051.25,16479211.0,1491.162628661916
330395,1464.0833333333333,2463793.0,1682.822926745973
330400,1592.5833333333333,2864945.0,1798.9294123803047
330410,1153.1666666666667,1339416.0,1161.5112010406128
330411,1049.0833333333333,2069422.0,1972.60020652951
330412,630.4166666666666,1021286.0,1620.0174487772638
330414,10717.25,15258658.0,1423.7475098556067
330415,1483.3333333333333,2301953.0,1551.8784269662922
330420,4168.416666666667,6424520.0,1541.2374802582915
330430,4161.0,6623111.0,1591.7113674597454
330440,1028.3333333333333,1382074.0,1343.9941653160454
330450,479.75,746007.0,1554.991141219385
330452,5329.5,7533606.0,1413.5671263720799
330455,247607.5,292873827.0,1182.8148460769564
330460,476.6666666666667,621037.0,1302.8748251748252
330470,1551.25,1232257.0,794.3639000805802
330475,4611.666666666667,5463056.0,1184.6164076617274
330480,2689.1666666666665,3657751.0,1360.1801053610166
330490,51330.333333333336,56928394.0,1109.0595034774758
330500,2868.9166666666665,4252737.0,1482.349435036454
330510,17473.0,21745871.0,1244.5413495106736
330513,524.8333333333334,568327.0,1082.8713877421403
330515,1117.0833333333333,1526243.0,1366.2749720253637
330520,4768.416666666667,7024335.0,1473.0958913685533
330530,611.9166666666666,605875.0,990.1266512324663
330540,1023.75,1063602.0,1038.9274725274724
330550,3570.0833333333335,3501250.0,980.7194043089563
330555,6686.25,10065705.0,1505.4335389792484
330560,1858.6666666666667,2274767.0,1223.870337159254
330570,1308.6666666666667,1155827.0,883.2096281202241
330575,2793.4166666666665,4172711.0,1493.7660570985354
330580,6945.0,9026768.0,1299.750611951044
330590,729.0833333333334,829033.0,1137.0894959423933
330600,4479.333333333333,7402838.0,1652.6651287393959
330610,4302.916666666667,5916588.0,1375.0180304057324
330615,848.5,790045.0,931.1078373600471
330620,1527.75,1770195.0,1158.6941580756013
330630,9685.5,17534201.0,1810.3557895823653
350010,316.4166666666667,326248.0,1031.0708454042665
350020,124.08333333333333,170463.0,1373.7783747481533
350030,1232.5,1549765.0,1257.4158215010143
350040,154.66666666666666,244457.0,1580.540948275862
350050,373.1666666666667,403911.0,1082.387673068334
350055,288.75,410782.0,1422.621645021645
350060,39.833333333333336,52216.0,1310.8619246861924
350070,876.25,1171335.0,1336.7589158345222
350075,162.91666666666666,152543.0,936.3253196930947
350080,149.25,205516.0,1376.9916247906197
350090,132.0,126132.0,955.5454545454545
350100,591.4166666666666,1279577.0,2163.5795406509797
350110,153.91666666666666,263511.0,1712.036816459123
350115,513.1666666666666,716703.0,1396.62812601494
350120,119.0,166201.0,1396.6470588235295
350130,1082.5,1375228.0,1270.4184757505773
350140,188.41666666666666,415014.0,2202.639540026537
350150,116.5,115452.0,991.0042918454935
350160,3509.0,5306751.0,1512.3257338273013
350170,878.1666666666666,1320718.0,1503.949136458531
350180,181.16666666666666,176351.0,973.4185832566698
350190,905.6666666666666,1198001.0,1322.7835848362165
350200,157.58333333333334,327012.0,2075.1686938127973
350210,1784.6666666666667,2631088.0,1474.2741875233469
350220,789.0833333333334,807061.0,1022.7829760270355
350230,296.8333333333333,396695.0,1336.4233576642337
350240,133.16666666666666,134003.0,1006.2803504380477
350250,782.25,817568.0,1045.1492489613295
350260,247.83333333333334,383670.0,1548.0968392737054
350270,1828.75,2520117.0,1378.0544087491455
350275,749.0,1182044.0,1578.1628838451268
350280,4696.916666666667,6134753.0,1306.1234497808846
350290,923.6666666666666,1230376.0,1332.0562973655722
350300,157.91666666666666,237069.0,1501.2284960422164
350310,253.58333333333334,373599.0,1473.279000985869
350315,167.08333333333334,274715.0,1644.1795511221944
350320,4450.083333333333,5737195.0,1289.2331604277074
350330,3915.5833333333335,6083235.0,1553.5961010492263
350335,107.41666666666667,196291.0,1827.379363847944
350340,269.5833333333333,353487.0,1311.234621329212
350350,281.1666666666667,370040.0,1316.087729697688
350360,328.3333333333333,422733.0,1287.5116751269036
350370,181.33333333333334,215692.0,1189.4779411764705
350380,1009.5,1160811.0,1149.887072808321
350390,3407.0,4112649.0,1207.1174053419431
350395,72.83333333333333,130354.0,1789.7574370709383
350400,2124.5,2155582.0,1014.6302659449282
350410,3280.0833333333335,4242129.0,1293.2991539849088
350420,146.66666666666666,150304.0,1024.8
350430,310.3333333333333,504845.0,1626.7830290010743
350440,690.4166666666666,912691.0,1321.9423053711528
350450,2241.4166666666665,2674725.0,1193.3189575045544
350460,218.66666666666666,281653.0,1288.047256097561
350470,78.16666666666667,160878.0,2058.140724946695
350480,156.41666666666666,151354.0,967.6334576451785
350490,572.1666666666666,561150.0,980.7457034663561
350500,200.41666666666666,252084.0,1257.7995841995842
350510,309.75,492880.0,1591.2187247780469
350520,706.0,1196414.0,1694.6373937677054
350530,788.4166666666666,1185791.0,1504.0156431666844
350535,640.5,872585.0,1362.3497267759562
350540,698.0,720395.0,1032.0845272206304
350550,2718.1666666666665,3992275.0,1468.7381200564107
350560,1358.4166666666667,2566922.0,1889.6425986135819
350570,9586.833333333334,12624554.0,1316.8638236470158
350580,402.0833333333333,383750.0,954.4041450777203
350590,1778.4166666666667,2628821.0,1478.1805913499836
350600,9064.0,10992921.0,1212.8112312444837
350610,2055.75,2833357.0,1378.2595159917305
350620,96.75,172785.0,1785.891472868217
350630,427.6666666666667,824389.0,1927.6438035853469
350635,2458.6666666666665,3488842.0,1418.9975596529284
350640,142.5,176788.0,1240.6175438596492
350650,2087.5,2606644.0,1248.6917365269462
350660,1672.6666666666667,1858573.0,1111.1436827421282
350670,650.1666666666666,1164291.0,1790.7577544219432
350680,246.5,358299.0,1453.5456389452333
350690,445.6666666666667,651925.0,1462.808526551982
350700,1391.3333333333333,1270652.0,913.262098706277
350710,1115.4166666666667,1475447.0,1322.7765409039969
350715,319.5,326921.0,1023.2269170579029
350720,33.916666666666664,43740.0,1289.6314496314496
350730,208.0,449463.0,2160.8798076923076
350740,411.0833333333333,583101.0,1418.4496249746605
350745,102.5,134507.0,1312.2634146341463
350750,3540.3333333333335,4467977.0,1262.0215610582807
350760,3969.5833333333335,4546369.0,1145.3013120604596
350770,284.3333333333333,543372.0,1911.0386869871045
350775,154.0,181411.0,1177.9935064935064
350780,521.0833333333334,451295.0,866.070686070686
350790,435.4166666666667,512758.0,1177.6260287081338
350800,1613.5,3138319.0,1945.0381158971181
350810,800.8333333333334,974909.0,1217.3681581685744
350820,157.0,216245.0,1377.3566878980891
350830,182.25,247613.0,1358.644718792867
350840,1024.1666666666667,1567996.0,1530.9969080553294
350850,2640.5,3194889.0,1209.9560689263396
350860,1539.5833333333333,3183837.0,2067.9861434370773
350870,947.75,1586560.0,1674.027960960169
350880,421.25,495188.0,1175.520474777448
350890,131.41666666666666,184160.0,1401.3443246670895
350900,1981.5833333333333,2739167.0,1382.3122923588041
350910,390.1666666666667,446807.0,1145.1695856471592
350920,4752.416666666667,9169349.0,1929.4076347121638
350925,1472.25,1873719.0,1272.6907794192562
350930,393.6666666666667,746631.0,1896.6071126164268
350940,871.3333333333334,1290185.0,1480.7019892884468
350945,306.6666666666667,463094.0,1510.0891304347824
350950,34330.166666666664,47536138.0,1384.6754215194605
350960,2398.25,3781925.0,1576.9519441259251
350970,914.5833333333334,775250.0,847.6537585421412
350980,265.5,274335.0,1033.276836158192
350990,567.6666666666666,576262.0,1015.1415149735761
350995,338.25,793160.0,2344.8928307464894
351000,827.25,685045.0,828.0991236022968
351010,73.5,128912.0,1753.904761904762
351015,231.58333333333334,393492.0,1699.1378193594817
351020,3079.0833333333335,3532215.0,1147.1644699450594
351030,920.75,1606038.0,1744.271517784415
351040,2166.5,3829595.0,1767.6413570274638
351050,4910.916666666667,5288587.0,1076.90424394631
351060,19670.583333333332,30415121.0,1546.2236419018247
351070,239.58333333333334,206331.0,861.2076521739131
351080,1180.75,1798882.0,1523.5079398687276
351090,86.58333333333333,116588.0,1346.5409047160733
351100,627.25,763187.0,1216.7190115583899
351110,1795.0833333333333,2370741.0,1320.6857620351889
351120,173.91666666666666,252087.0,1449.4700527072353
351130,156.25,235647.0,1508.1408
351140,604.3333333333334,858360.0,1420.3419746276888
351150,552.6666666666666,923059.0,1670.1911942098916
351160,290.3333333333333,337798.0,1163.4833524684273
351170,539.0,921542.0,1709.725417439703
351190,239.66666666666666,295880.0,1234.547983310153
351200,618.75,792868.0,1281.4028282828283
351210,374.25,665959.0,1779.4495657982632
351220,1256.4166666666667,1862575.0,1482.4500895403594
351230,568.4166666666666,836525.0,1471.6757073742854
351240,501.1666666666667,502431.0,1002.522780179581
351250,180.16666666666666,327490.0,1817.7058279370954
351260,258.4166666666667,355674.0,1376.3585940019348
351270,147.75,234898.0,1589.834179357022
351280,1370.5,1725924.0,1259.3389273987596
351290,312.5,461730.0,1477.536
351300,5704.333333333333,8587676.0,1505.465318763513
351310,1120.75,1938865.0,1729.9710015614544
351320,242.33333333333334,308223.0,1271.8968363136175
351330,71.75,110574.0,1541.1010452961673
351340,2545.0,2066893.0,812.1387033398821
351350,5447.083333333333,6621692.0,1215.6399296259467
351360,1472.9166666666667,1320411.0,896.4600848656294
351370,551.5,595328.0,1079.4705349048052
351380,16108.0,22990596.0,1427.2781226719642
351385,53.75,81517.0,1516.5953488372093
351390,425.75,682545.0,1603.1591309453904
351400,326.25,539264.0,1652.9164750957855
351410,828.1666666666666,1208857.0,1459.6784061179312
351420,58.833333333333336,77147.0,1311.2804532577902
351430,342.75,594925.0,1735.7403355215172
351440,802.5833333333334,843118.0,1050.505243484581
351450,314.5,292482.0,929.9904610492846
351460,258.5833333333333,292563.0,1131.4070254592332
351470,368.1666666666667,660196.0,1793.1987324581257
351480,952.1666666666666,1182863.0,1242.2856642744619
351490,793.5,1889560.0,2381.2980466288595
351492,119.08333333333333,271064.0,2276.254723582925
351495,51.333333333333336,76383.0,1487.9805194805194
351500,13285.833333333334,16781658.0,1263.124230069623
351510,3712.8333333333335,5494273.0,1479.8059882389907
351512,120.83333333333333,139515.0,1154.6068965517243
351515,552.25,651630.0,1179.9547306473517
351518,796.9166666666666,1232930.0,1547.125379065147
351519,107.91666666666667,117837.0,1091.9258687258687
351520,199.91666666666666,342225.0,1711.8382659441436
351530,89.5,136748.0,1527.9106145251396
351535,647.25,802877.0,1240.4434144457318
351540,525.5833333333334,696069.0,1324.3741874108132
351550,1677.0,2702726.0,1611.6434108527133
351560,106.0,132500.0,1250.0
351565,68.75,81987.0,1192.5381818181818
351570,8003.75,13143897.0,1642.2173356239264
351580,53.166666666666664,59100.0,1111.5987460815047
351590,90.16666666666667,145964.0,1618.8243992606283
351600,522.0833333333334,774460.0,1483.4030327214684
351610,195.16666666666666,280130.0,1435.33731853117
351620,7121.25,9265970.0,1301.1718448306126
351630,10682.083333333334,15144119.0,1417.7121192027148
351640,6574.0,11255872.0,1712.1801034377852
351650,47.0,75346.0,1603.1063829787233
351660,134.16666666666666,146902.0,1094.9217391304348
351670,1660.25,1853801.0,1116.579430808613
351680,82.41666666666667,102516.0,1243.8746208291202
351685,137.0,174797.0,1275.890510948905
351690,261.1666666666667,333498.0,1276.9546904913848
351700,448.9166666666667,564999.0,1258.5832559866344
351710,165.16666666666666,295996.0,1792.1049445005046
351720,309.5,462711.0,1495.02746365105
351730,347.1666666666667,391914.0,1128.8929428708593
351740,1254.0,1574278.0,1255.4051036682615
351750,365.0833333333333,537178.0,1471.3846153846155
351760,1053.6666666666667,1175884.0,1115.9924074659916
351770,799.4166666666666,1218610.0,1524.3740227249036
351780,274.5833333333333,377902.0,1376.2743550834598
351790,458.75,524780.0,1143.9346049046321
351800,90.75,120315.0,1325.7851239669421
351810,378.25,347068.0,917.5624586913417
351820,709.5,691156.0,974.1451726568006
351830,1427.0,2437621.0,1708.2137351086194
351840,3258.75,5008567.0,1536.9595703874186
351850,387.0,497415.0,1285.3100775193798
351860,1113.75,1378047.0,1237.3037037037036
351870,8704.166666666666,8733133.0,1003.3278697941599
351880,50908.0,63730110.0,1251.868272177261
351885,359.8333333333333,605328.0,1682.24548402038
351890,172.16666666666666,177045.0,1028.3349467570185
351900,469.3333333333333,475600.0,1013.3522727272727
351905,106.08333333333333,230452.0,2172.3676355066773
351907,7323.0,12144196.0,1658.363512221767
351910,371.25,652820.0,1758.4377104377104
351920,246.83333333333334,323905.0,1312.2417285617826
351925,335.3333333333333,528803.0,1576.9473161033798
351930,1517.9166666666667,2164135.0,1425.727147954982
351940,353.3333333333333,484519.0,1371.2801886792454
351950,532.8333333333334,956897.0,1795.8654989052236
351960,1513.0,1663828.0,1099.6880370125577
351970,3081.0833333333335,5161903.0,1675.3532577827061
351980,261.8333333333333,389463.0,1487.4462126034375
351990,376.4166666666667,576875.0,1532.5437237104272
352000,1084.75,1836804.0,1693.2970730583083
352010,628.3333333333334,629605.0,1002.023872679045
352020,470.8333333333333,653061.0,1387.0322123893807
352030,2157.5833333333335,2804525.0,1299.8455061604418
352040,782.1666666666666,1062736.0,1358.707862774345
352042,693.75,849396.0,1224.3545945945946
352044,349.4166666666667,460941.0,1319.1729072263295
352050,2644.75,2642424.0,999.1205217884489
352060,188.66666666666666,273199.0,1448.0512367491167
352070,180.91666666666666,200832.0,1110.0801473975127
352080,90.0,114735.0,1274.8333333333333
352090,482.25,800660.0,1660.2592016588906
352100,1167.25,1224063.0,1048.672520882416
352110,167.83333333333334,259057.0,1543.537239324727
352115,156.5,175570.0,1121.85303514377
352120,372.1666666666667,676190.0,1816.9010300044781
352130,528.1666666666666,760272.0,1439.4547175765226
352140,383.9166666666667,636201.0,1657.1330583894073
352150,276.0,445431.0,1613.8804347826087
352160,347.0,410925.0,1184.221902017291
352170,1365.5,1315310.0,963.2442328817283
352180,747.5833333333334,777633.0,1040.195741834801
352190,401.4166666666667,522902.0,1302.6414780984014
352200,82.41666666666667,141975.0,1722.649140546006
352210,7250.833333333333,10377694.0,1431.2415584415585
352215,341.8333333333333,277385.0,811.4627011214043
352220,6718.416666666667,8803157.0,1310.302328177522
352230,4965.083333333333,5837837.0,1175.778251456001
352240,3832.0,3059261.0,798.3457724425888
352250,10450.5,14196850.0,1358.4852399406727
352260,1606.5833333333333,2019543.0,1257.0421702370456
352265,466.8333333333333,490016.0,1049.6594073545164
352270,461.75,599156.0,1297.5766107200866
352280,1045.0833333333333,1265056.0,1210.4833745315366
352290,392.75,679971.0,1731.3074474856778
352300,271.25,452162.0,1666.9566820276498
352310,15882.083333333334,14925282.0,939.7559304247449
352320,2757.8333333333335,3520937.0,1276.7040551157309
352330,912.8333333333334,1337394.0,1465.10206317327
352340,2023.5833333333333,2786470.0,1376.997899765268
352350,762.9166666666666,1302939.0,1707.8392135445113
352360,516.6666666666666,1007565.0,1950.125806451613
352370,507.8333333333333,1191269.0,2345.7873318017723
352380,242.41666666666666,269151.0,1110.2825713303541
352390,4650.083333333333,6436008.0,1384.0629379401803
352400,1463.6666666666667,2094617.0,1431.0751537235253
352410,1114.25,1703531.0,1528.8588736818488
352420,225.41666666666666,256375.0,1137.3382624768947
352430,2241.0833333333335,2529834.0,1128.8442345591789
352440,6103.083333333333,6789743.0,1112.510288515368
352450,144.08333333333334,220429.0,1529.8716020821282
352460,958.4166666666666,1240553.0,1294.377532388488
352470,1019.25,1815009.0,1780.729948491538
352480,1142.4166666666667,1554236.0,1360.4808519950398
352490,192.75,297748.0,1544.7367055771724
352500,2537.0,1648939.0,649.9562475364604
352510,1361.9166666666667,1643196.0,1206.5319708743805
352520,932.0,1236946.0,1327.1952789699571
352530,2217.5833333333335,2598692.0,1171.857652850325
352540,147.16666666666666,227006.0,1542.5096262740658
352550,306.5,388177.0,1266.4828711256118
352560,157.83333333333334,260891.0,1652.9524815205912
352570,442.6666666666667,401893.0,907.890813253012
352580,262.0833333333333,319583.0,1219.3945945945948
352585,68.25,143459.0,2101.96336996337
352590,4662.5,5864309.0,1257.7606434316353
352600,630.4166666666666,1009496.0,1601.315532055519
352610,969.9166666666666,1169344.0,1205.6128533379156
352620,1950.0833333333333,1602675.0,821.8494936113841
352630,296.9166666666667,362999.0,1222.5618860510804
352640,812.0833333333334,1391357.0,1713.3180092355053
352650,146.33333333333334,235908.0,1612.127562642369
352660,466.8333333333333,832583.0,1783.469475187433
352670,2487.5,3030105.0,1218.132663316583
352680,1183.75,1611750.0,1361.5628299894404
352690,8821.5,16143007.0,1829.9616845207731
352700,150.16666666666666,145652.0,969.9356270810212
352710,1593.75,1621223.0,1017.2379607843137
352720,2727.1666666666665,2326801.0,853.193546415694
352725,85.5,181815.0,2126.4912280701756
352730,965.0833333333334,1713630.0,1775.6290475779292
352740,720.0833333333334,968402.0,1344.8471241754426
352750,56.833333333333336,90159.0,1586.3753665689148
352760,440.4166666666667,659243.0,1496.8620624408704
352770,202.66666666666666,274899.0,1356.4095394736842
352780,145.0,154197.0,1063.4275862068966
352790,124.0,156421.0,1261.4596774193549
352800,276.25,304465.0,1102.1357466063348
352810,294.75,324922.0,1102.364715860899
352820,93.5,114533.0,1224.951871657754
352830,74.41666666666667,105581.0,1418.7816349384098
352840,1580.0833333333333,1576104.0,997.4815674278783
352850,3150.0833333333335,3159080.0,1002.8560091002882
352860,235.41666666666666,344382.0,1462.861592920354
352870,270.9166666666667,468823.0,1730.506305752076
352880,486.3333333333333,533659.0,1097.311172035641
352885,87.83333333333333,141784.0,1614.2390891840607
352890,178.58333333333334,278367.0,1558.7512832477835
352900,5329.5,6956996.0,1305.3749882728212
352910,68.08333333333333,97220.0,1427.9559363525093
352920,1016.6666666666666,1917826.0,1886.3862295081967
352930,2007.4166666666667,3048475.0,1518.6060027398396
352940,7704.666666666667,10091485.0,1309.788656225664
352950,104.25,127525.0,1223.2613908872902
352960,100.16666666666667,140659.0,1404.2495840266222
352965,53.666666666666664,63934.0,1191.3167701863354
352970,1071.3333333333333,1524019.0,1422.5441817050405
352980,472.4166666666667,489221.0,1035.571000176398
352990,1692.0833333333333,2105362.0,1244.242501846836
353000,75.41666666666667,96524.0,1279.8762430939225
353010,769.9166666666666,885573.0,1150.2192878017102
353020,850.0,1070954.0,1259.9458823529412
353030,1168.3333333333333,1252393.0,1071.948359486448
353040,160.0,190091.0,1188.06875
353050,1827.25,2389074.0,1307.4696948967028
353060,19694.416666666668,32967290.0,1673.9409223426267
353070,2994.0,4196927.0,1401.7792251169005
353080,1229.0833333333333,1665229.0,1354.8544308088685
353090,207.25,508833.0,2455.165259348613
353100,50.833333333333336,63777.0,1254.6295081967212
353110,2881.0833333333335,3048708.0,1058.1811239984959
353120,127.25,171578.0,1348.353634577603
353130,631.4166666666666,613139.0,971.0529233205755
353140,842.1666666666666,1514934.0,1798.8529586384327
353150,449.75,472160.0,1049.8276820455808
353160,156.83333333333334,197597.0,1259.9171094580233
353170,176.83333333333334,264114.0,1493.5758718190386
353180,3436.5,5147812.0,1497.9810854066639
353190,1125.4166666666667,1676019.0,1489.2430951499443
353200,305.75,439917.0,1438.812755519215
353205,163.91666666666666,292726.0,1785.8220640569396
353210,254.08333333333334,532402.0,2095.3834043948837
353215,118.5,173472.0,1463.8987341772151
353220,127.25,128497.0,1009.7996070726915
353230,326.0833333333333,344176.0,1055.484794275492
353240,954.0,1379784.0,1446.314465408805
353250,289.1666666666667,378364.0,1308.4634005763687
353260,279.9166666666667,426541.0,1523.814230425722
353270,240.41666666666666,348272.0,1448.618370883882
353280,160.08333333333334,190825.0,1192.0353982300885
353282,839.8333333333334,1498827.0,1784.6719587219686
353284,84.5,126171.0,1493.1479289940828
353286,38.5,43828.0,1138.3896103896104
353290,300.3333333333333,411249.0,1369.3085460599334
353300,564.5833333333334,730865.0,1294.521033210332
353310,120.58333333333333,186847.0,1549.5259156876295
353320,260.3333333333333,538561.0,2068.7362355953906
353325,143.16666666666666,220302.0,1538.779976717113
353330,124.91666666666667,196648.0,1574.2334889926617
353340,1012.6666666666666,1516829.0,1497.856155365372
353350,895.1666666666666,846374.0,945.4932042450196
353360,207.33333333333334,354619.0,1710.3810289389066
353370,194.16666666666666,378940.0,1951.6223175965665
353380,96.5,181237.0,1878.103626943005
353390,1454.25,2315851.0,1592.4710331786143
353400,92.66666666666667,112721.0,1216.413669064748
353410,199.5,193094.0,967.889724310777
353420,55.583333333333336,37823.0,680.4737631184407
353430,837.5,1118316.0,1335.302686567164
353440,24846.916666666668,34682938.0,1395.8648658619613
353450,90.16666666666667,119067.0,1320.5212569316081
353460,973.3333333333334,901847.0,926.5551369863014
353470,2667.3333333333335,3395167.0,1272.8694076480879
353475,355.5,527912.0,1484.98452883263
353480,633.0833333333334,1318100.0,2082.0323812031065
353490,357.3333333333333,512186.0,1433.3563432835822
353500,366.3333333333333,416823.0,1137.8243858052776
353510,213.66666666666666,282755.0,1323.3463338533543
353520,290.0833333333333,457508.0,1577.1605860384948
353530,881.1666666666666,1168453.0,1326.0295063362967
353540,727.75,847302.0,1164.2761937478529
353550,2003.75,2651357.0,1323.1975046787275
353560,743.0,793361.0,1067.7806191117093
353570,145.5,234807.0,1613.7938144329896
353580,738.4166666666666,779035.0,1055.007335515179
353590,142.16666666666666,191832.0,1349.345838218054
353600,518.25,552482.0,1066.0530631934394
353610,142.75,167572.0,1173.8844133099824
353620,770.1666666666666,818009.0,1062.119454663493
353625,112.41666666666667,204598.0,1819.9970348406225
353630,455.1666666666667,644734.0,1416.4789454412303
353640,448.6666666666667,618543.0,1378.6248142644872
353650,2188.8333333333335,3675001.0,1678.9770806365643
353657,77.83333333333333,121645.0,1562.8907922912206
353660,387.6666666666667,317610.0,819.286328460877
353670,1411.6666666666667,1770798.0,1254.4023612750884
353680,259.9166666666667,358031.0,1377.483808913113
353690,46.25,71320.0,1542.054054054054
353700,791.1666666666666,1465070.0,1851.7842848114599
353710,878.75,905748.0,1030.723186344239
353715,85.25,159718.0,1873.524926686217
353720,767.0833333333334,1016332.0,1324.9303639326452
353730,1540.8333333333333,2076644.0,1347.7408328826393
353740,600.0,602548.0,1004.2466666666667
353750,202.0,247394.0,1224.7227722772277
353760,3973.3333333333335,3632260.0,914.1593959731543
353770,99.0,83871.0,847.1818181818181
353780,2187.5,2601113.0,1189.0802285714285
353790,733.1666666666666,665401.0,907.571266196863
353800,5961.416666666667,7430852.0,1246.4909627185932
353810,328.0,504503.0,1538.1189024390244
353820,409.0,446943.0,1092.7701711491443
353830,190.0,250616.0,1319.0315789473684
353850,549.5,653070.0,1188.4804367606916
353860,965.1666666666666,1111413.0,1151.524434467277
353870,9377.75,13269199.0,1414.9661699234891
353880,943.4166666666666,1906462.0,2020.8059358713895
353890,810.8333333333334,1286487.0,1586.6232271325796
353900,200.58333333333334,311736.0,1554.1470710427918
353910,928.0,1727134.0,1861.135775862069
353920,510.5833333333333,397260.0,778.0512485718949
353930,1368.4166666666667,1854787.0,1355.425613543633
353940,252.58333333333334,372308.0,1474.0006598482348
353950,1319.75,1120808.0,849.2578139799205
353960,182.41666666666666,241514.0,1323.9689355870262
353970,207.5,404819.0,1950.934939759036
353980,5034.25,8589379.0,1706.1884093956398
353990,186.16666666666666,253890.0,1363.7779767233662
354000,379.5833333333333,394113.0,1038.2779363336992
354010,118.66666666666667,146133.0,1231.4578651685392
354020,1397.8333333333333,1559223.0,1115.4570168117325
354025,136.16666666666666,226107.0,1660.5165238678092
354030,82.83333333333333,115355.0,1392.61569416499
354040,204.25,431905.0,2114.589963280294
354050,260.1666666666667,290026.0,1114.7700192184495
354060,994.8333333333334,1342278.0,1349.2491204556877
354070,1144.8333333333333,1552843.0,1356.3921968263212
354075,928.6666666666666,881269.0,948.9615936826992
354080,267.5,288075.0,1076.9158878504672
354085,136.08333333333334,199845.0,1468.5486834047763
354090,706.25,1367022.0,1935.606371681416
354100,6133.75,6645911.0,1083.4988383941309
354105,346.0,582988.0,1684.936416184971
354110,126.66666666666667,172823.0,1364.3921052631579
354120,370.75,375264.0,1012.1753202966959
354130,798.1666666666666,523238.0,655.5498016287326
354140,5043.833333333333,5537516.0,1097.8784654528633
354150,1012.0,982847.0,971.1926877470356
354160,896.0833333333334,896823.0,1000.8254440621222
354165,185.83333333333334,337633.0,1816.859192825112
354170,559.5833333333334,913045.0,1631.651526433358
354180,119.16666666666667,151765.0,1273.5524475524476
354190,430.6666666666667,651684.0,1513.1981424148605
354200,320.0833333333333,506813.0,1583.3782869044521
354210,262.1666666666667,539258.0,2056.9281627463442
354220,1033.25,1388314.0,1343.6380353254294
354230,342.75,574478.0,1676.0846097738877
354240,407.0833333333333,542302.0,1332.1645854657115
354250,123.83333333333333,126536.0,1021.8250336473756
354260,2848.25,3576847.0,1255.8051435091722
354270,314.8333333333333,478204.0,1518.9115934356803
354280,328.8333333333333,366305.0,1113.953370501774
354290,369.1666666666667,824526.0,2233.4790067720087
354300,1491.5833333333333,1889165.0,1266.5500865970166
354310,205.25,299491.0,1459.1522533495736
354320,192.66666666666666,231093.0,1199.4446366782008
354323,110.16666666666667,116616.0,1058.5416036308623
354325,425.5833333333333,649205.0,1525.4474251028003
354330,3406.8333333333335,4904823.0,1439.7014823149552
354340,11400.666666666666,16362010.0,1435.1801064265248
354350,543.0,739063.0,1361.073664825046
354360,113.66666666666667,160758.0,1414.2932551319648
354370,415.75,749071.0,1801.7342152736019
354380,174.33333333333334,196788.0,1128.8030592734226
354390,3599.5833333333335,5074074.0,1409.6281514064128
354400,492.5833333333333,960627.0,1950.1816951446456
354410,1897.6666666666667,2238734.0,1179.729843667662
354420,454.6666666666667,733913.0,1614.1781524926685
354425,920.9166666666666,1059930.0,1150.9510451542847
354430,498.6666666666667,852080.0,1708.716577540107
354440,103.25,169344.0,1640.135593220339
354450,81.0,130968.0,1616.888888888889
354460,230.25,282313.0,1226.115092290988
354470,116.33333333333333,172289.0,1480.9942693409744
354480,318.5,415443.0,1304.3736263736264
354490,199.91666666666666,287874.0,1439.9699874947896
354500,640.3333333333334,497508.0,776.9515877147319
354510,198.41666666666666,321124.0,1618.4325913481732
354515,60.833333333333336,108738.0,1787.4739726027397
354520,2130.1666666666665,3505625.0,1645.704561458415
354530,1429.8333333333333,1619984.0,1132.9879939386876
354540,414.5,452915.0,1092.6779252110978
354550,212.0,380254.0,1793.6509433962265
354560,399.8333333333333,610505.0,1526.8987077949146
354570,111.66666666666667,83052.0,743.7492537313433
354580,2679.8333333333335,3992955.0,1490.0012438584488
354600,690.4166666666666,1113542.0,1612.8550392275197
354610,71.58333333333333,138488.0,1934.6402793946452
354620,91.91666666666667,162893.0,1772.181323662738
354625,48.75,40822.0,837.374358974359
354630,617.9166666666666,553430.0,895.6385704652731
354640,1049.9166666666667,1654977.0,1576.293674101119
354650,311.1666666666667,554330.0,1781.4568826995178
354660,697.3333333333334,1120375.0,1606.656309751434
354670,331.1666666666667,458975.0,1385.9335681932562
354680,2126.0,2683294.0,1262.1326434619002
354690,131.91666666666666,175264.0,1328.596336070752
354700,277.3333333333333,435607.0,1570.6983173076924
354710,131.25,181843.0,1385.4704761904761
354720,35.833333333333336,28751.0,802.353488372093
354730,3820.8333333333335,6149162.0,1609.3771864776445
354740,35.083333333333336,44935.0,1280.8076009501187
354750,661.3333333333334,944001.0,1427.420866935484
354760,662.3333333333334,765167.0,1155.2596879718167
354765,33.75,44222.0,1310.2814814814815
354770,821.0,817775.0,996.0718635809988
354780,19814.583333333332,29004508.0,1463.796008831879
354790,308.6666666666667,555068.0,1798.2764578833692
354800,880.5833333333334,1022855.0,1161.5652503075612
354805,295.0833333333333,473076.0,1603.1945778028808
354810,112.41666666666667,193703.0,1723.0808005930319
354820,254.91666666666666,296396.0,1162.7172278522394
354830,107.08333333333333,129274.0,1207.2280155642025
354840,181.08333333333334,266160.0,1469.8205246203404
354850,7654.916666666667,12355108.0,1614.009471037133
354860,385.8333333333333,474372.0,1229.4738660907128
354870,22518.5,33322681.0,1479.7913271310256
354880,1086.6666666666667,1422076.0,1308.6588957055214
354890,5335.083333333333,7465714.0,1399.3622092750818
354900,91.33333333333333,79462.0,870.021897810219
354910,1050.8333333333333,1152789.0,1097.0236320380652
354920,72.25,104058.0,1440.249134948097
354925,53.5,80693.0,1508.2803738317757
354930,78.66666666666667,105430.0,1340.2118644067796
354940,683.6666666666666,561952.0,821.9678205753291
354950,546.75,1136531.0,2078.703246456333
354960,360.9166666666667,532409.0,1475.1577003001617
354970,1671.6666666666667,3040156.0,1818.6376869391825
354980,9732.583333333334,14173411.0,1456.2845767225213
354990,19840.75,33157444.0,1671.1789624888172
354995,961.5,1444627.0,1502.4721788871555
355000,554.0,729663.0,1317.0812274368232
355010,760.5,646095.0,849.5660749506903
355020,1254.5833333333333,1314398.0,1047.6769179674527
355030,424694.0833333333,500125149.0,1177.6127067149707
355040,1206.0833333333333,1605642.0,1331.2861189801702
355050,318.75,341296.0,1070.7325490196079
355060,2024.25,2812530.0,1389.418303075213
355070,2613.5833333333335,3964098.0,1516.7291394318145
355080,154.83333333333334,174973.0,1130.0731969860065
355090,360.9166666666667,524305.0,1452.7037635649965
355100,9230.083333333334,11893980.0,1288.6102509005877
355110,194.5,157494.0,809.7377892030848
355120,168.33333333333334,295543.0,1755.70099009901
355130,129.5,239127.0,1846.5405405405406
355140,784.1666666666666,1062475.0,1354.9096705632307
355150,1417.5833333333333,2363901.0,1667.5569925342427
355160,541.3333333333334,527256.0,973.9950738916256
355170,3099.6666666666665,3985171.0,1285.6772771265728
355180,930.5833333333334,986774.0,1060.3821975463418
355190,591.1666666666666,658943.0,1114.6484352974346
355200,342.25,328936.0,961.0986121256392
355210,1033.5833333333333,1334039.0,1290.6932193824075
355220,14945.833333333334,15633114.0,1045.9847672149428
355230,192.0,282863.0,1473.2447916666667
355240,7528.25,11407137.0,1515.2441802543751
355250,11644.083333333334,10480398.0,900.0620916202076
355255,124.25,161187.0,1297.2796780684105
355260,454.5,644516.0,1418.07700770077
355270,378.3333333333333,454492.0,1201.3004405286345
355280,8924.0,13085701.0,1466.3492828328103
355290,247.0,258077.0,1044.8461538461538
355300,304.25,479079.0,1574.6228430566969
355310,294.9166666666667,520879.0,1766.1904492794574
355320,153.75,176521.0,1148.1040650406503
355330,881.6666666666666,1767888.0,2005.1659735349717
355340,1441.3333333333333,1593529.0,1105.5936632747457
355350,422.4166666666667,571604.0,1353.1757743144603
355360,441.9166666666667,593572.0,1343.1763152932301
355365,45.5,51548.0,1132.923076923077
355370,1846.6666666666667,2028625.0,1098.533393501805
355380,876.9166666666666,1026712.0,1170.820488453863
355385,535.4166666666666,898757.0,1678.6122957198445
355390,272.5,300647.0,1103.2917431192661
355395,488.6666666666667,635112.0,1299.6834924965892
355400,3218.75,3627140.0,1126.8784466019417
355410,4938.583333333333,5928966.0,1200.539830923173
355420,192.08333333333334,242740.0,1263.7223427331887
355430,1167.3333333333333,1306583.0,1119.2886921758995
355440,168.58333333333334,231595.0,1373.7716262975778
355450,812.25,1046552.0,1288.4604493690367
355460,138.58333333333334,202562.0,1461.6620565243534
355465,119.5,167617.0,1402.652719665272
355470,238.25,242176.0,1016.4784889821616
355475,109.16666666666667,212682.0,1948.2320610687023
355480,1509.75,2387204.0,1581.1915880112601
355490,193.66666666666666,395480.0,2042.0654044750431
355495,167.91666666666666,284422.0,1693.8282878411912
355500,1516.75,2171133.0,1431.4376133179496
355510,313.3333333333333,339301.0,1082.8755319148936
355520,44.916666666666664,58050.0,1292.3933209647496
355530,45.333333333333336,75333.0,1661.7573529411764
355535,187.58333333333334,174804.0,931.8738338516215
355540,4515.416666666667,5770434.0,1277.9405370489987
355550,190.33333333333334,334317.0,1756.4816112084063
355560,125.33333333333333,108619.0,866.6409574468086
355570,35.166666666666664,52737.0,1499.6303317535546
355580,313.9166666666667,389581.0,1241.0331829041677
355590,74.0,102852.0,1389.8918918918919
355600,318.9166666666667,369313.0,1158.0235171152337
355610,403.0,586358.0,1454.9826302729527
355620,1435.1666666666667,2449950.0,1707.083962373708
355630,755.6666666666666,1244047.0,1646.290692545214
355635,239.25,299550.0,1252.037617554859
355640,754.5833333333334,1001902.0,1327.755273329652
355645,1441.25,2358058.0,1636.1200346921075
355650,2075.9166666666665,2175918.0,1048.1721327927423
355660,291.75,375285.0,1286.3239074550129
355670,1034.1666666666667,1630517.0,1576.6481869460113
355680,323.3333333333333,297177.0,919.1041237113402
355690,91.5,62051.0,678.1530054644809
355695,36.916666666666664,43980.0,1191.331828442438
355700,2776.4166666666665,4031774.0,1452.1501935948615
355710,2086.9166666666665,2502507.0,1199.1408377590544
355715,65.5,51442.0,785.3740458015267
355720,522.1666666666666,634713.0,1215.5371848068944
355730,271.3333333333333,332648.0,1225.97542997543
410010,348.4166666666667,408329.0,1171.9559913896196
410020,326.5833333333333,266446.0,815.8591477417709
410030,624.0833333333334,908151.0,1455.1758579249565
410040,3314.9166666666665,3917989.0,1181.9268458231732
410045,242.91666666666666,236648.0,974.1941680960549
410050,575.1666666666666,638941.0,1110.879745001449
410060,645.5833333333334,738570.0,1144.0351103653027
410070,504.3333333333333,677849.0,1344.0495703899537
410080,398.0833333333333,426728.0,1071.9564580280512
410090,398.6666666666667,432432.0,1084.695652173913
410100,284.5833333333333,238554.0,838.2571010248903
410105,98.25,135388.0,1377.9949109414758
410110,896.3333333333334,1328844.0,1482.5332837486053
410115,131.25,193485.0,1474.1714285714286
410120,1227.5833333333333,1295426.0,1055.2652229991177
410130,595.5,441155.0,740.8144416456759
410140,2687.0,2996109.0,1115.0387048753257
410150,2228.5,2631644.0,1180.9037469149653
410160,1003.25,893223.0,890.3294293545976
410165,328.4166666666667,422614.0,1286.8226338492768
410170,380.5833333333333,296480.0,779.0146704620101
410180,3980.5,6538350.0,1642.595151362894
410185,103.5,132610.0,1281.256038647343
410190,581.25,522035.0,898.1247311827957
410200,740.0833333333334,767214.0,1036.658934804639
410210,617.75,748355.0,1211.4204775394578
410220,96.0,102035.0,1062.8645833333333
410230,583.5,813308.0,1393.8440445586975
410240,945.25,811868.0,858.8923565194393
410250,827.75,734342.0,887.1543340380549
410260,472.5,648016.0,1371.462433862434
410270,123.41666666666667,196015.0,1588.2376772451046
410275,189.08333333333334,203769.0,1077.6676950198325
410280,564.3333333333334,820146.0,1453.3006497341996
410290,905.5,798341.0,881.6576477084484
410300,242.25,344722.0,1423.001031991744
410302,89.0,143619.0,1613.6966292134832
410304,551.0833333333334,614753.0,1115.5354604566762
410305,573.5,718769.0,1253.3025283347863
410310,695.5,1049229.0,1508.5966930265995
410315,149.83333333333334,128754.0,859.3147942157952
410320,205.08333333333334,238862.0,1164.7070296627387
410322,146.75,283138.0,1929.3901192504259
410330,360.5,387698.0,1075.4452149791955
410335,274.5833333333333,364155.0,1326.2094081942337
410337,182.08333333333334,234275.0,1286.6361556064073
410340,107.58333333333333,187174.0,1739.8048024786988
410345,373.4166666666667,486692.0,1303.3483597411291
410347,166.25,237110.0,1426.2255639097743
410350,344.25,448703.0,1303.4219317356572
410360,1457.8333333333333,2016155.0,1382.980450440151
410370,2674.25,3916247.0,1464.4281574273161
410380,263.8333333333333,345813.0,1310.7252053063803
410390,682.4166666666666,818096.0,1198.8218341677862
410395,329.0,309469.0,940.6352583586627
410400,1562.0833333333333,2496040.0,1597.8917044545212
410405,275.4166666666667,272097.0,987.9467473524961
410410,537.6666666666666,987026.0,1835.7582145071297
410420,3341.0833333333335,4971154.0,1487.886863043424
410425,867.1666666666666,1163462.0,1341.6821064770324
410430,2916.0,3940128.0,1351.20987654321
410440,1018.5833333333334,1032130.0,1013.2995173034443
410442,800.5833333333334,673918.0,841.7836993858645
410445,572.75,471394.0,823.0362287210825
410450,430.6666666666667,455700.0,1058.1269349845202
410460,623.0,889839.0,1428.3130016051364
410465,766.0833333333334,1019804.0,1331.1919939084084
410470,446.5833333333333,350460.0,784.7583504385146
410480,5795.0,7114596.0,1227.7128559102675
410490,3436.0,4519145.0,1315.2342840512224
410500,491.25,523758.0,1066.1740458015267
410510,413.6666666666667,479150.0,1158.299758259468
410520,1445.4166666666667,1231560.0,852.0449697319111
410530,221.58333333333334,311902.0,1407.6058668672433
410540,878.75,1359931.0,1547.5743954480797
410550,1324.1666666666667,1579842.0,1193.0839521711769
410560,339.3333333333333,362006.0,1066.8153241650296
410570,577.1666666666666,506482.0,877.531619982674
410580,7044.333333333333,9018778.0,1280.288364169782
410590,363.75,477700.0,1313.2646048109966
410600,533.25,464080.0,870.2859821847163
410610,225.25,385485.0,1711.3651498335182
410620,541.1666666666666,526671.0,973.2140437326764
410630,479.3333333333333,508288.0,1060.4061196105704
410640,785.8333333333334,569057.0,724.1446447507954
410645,452.4166666666667,443878.0,981.1265426413704
410650,675.0,867684.0,1285.4577777777777
410655,286.4166666666667,273613.0,955.2970613907477
410657,144.5,233732.0,1617.522491349481
410660,664.5,764264.0,1150.1339352896914
410670,225.41666666666666,221018.0,980.4865064695009
410680,635.6666666666666,437232.0,687.8321971683273
410685,195.75,151532.0,774.109833971903
410690,33700.833333333336,43901240.0,1302.6752058554437
410700,1004.9166666666666,1014891.0,1009.925532797081
410710,215.91666666666666,245228.0,1135.7529911231186
410712,252.41666666666666,281039.0,1113.3931990756025
410715,193.83333333333334,361743.0,1866.2579535683576
410720,692.9166666666666,925241.0,1335.2846662657848
410725,159.0,117784.0,740.7798742138365
410730,174.66666666666666,188268.0,1077.8702290076337
410740,242.75,401856.0,1655.4315139031926
410750,571.75,692879.0,1211.8565806733711
410752,69.83333333333333,84417.0,1208.835322195704
410753,62.5,94636.0,1514.176
410754,475.3333333333333,904698.0,1903.2917251051895
410755,167.5,203828.0,1216.8835820895522
410760,888.5833333333334,809077.0,910.5246178373816
410765,3123.3333333333335,3974195.0,1272.4210245464246
410770,293.9166666666667,269947.0,918.4474057272469
410773,563.0833333333334,720208.0,1279.043362438952
410775,569.9166666666666,1023017.0,1795.029097821319
410780,88.5,106954.0,1208.5197740112994
410785,206.0,309308.0,1501.495145631068
410790,128.33333333333334,90509.0,705.264935064935
410800,1082.4166666666667,1927509.0,1780.7458618831317
410810,67.0,104399.0,1558.1940298507463
410820,152.16666666666666,164011.0,1077.8378970427163
410830,11255.583333333334,14864869.0,1320.6662471217987
410832,384.0833333333333,550811.0,1434.0924278585378
410840,1793.8333333333333,1739933.0,969.9524296199945
410845,394.25,502860.0,1275.4850982878884
410850,1001.0833333333334,1149072.0,1147.8285191043037
410855,236.25,310312.0,1313.489947089947
410860,1463.0833333333333,2087159.0,1426.548271344763
410865,660.6666666666666,747292.0,1131.1180625630677
410870,556.4166666666666,863193.0,1551.3428186311219
410880,800.8333333333334,1193534.0,1490.3650364203954
410890,227.75,236600.0,1038.8583973655325
410895,358.0833333333333,275157.0,768.4161042587853
410900,190.5,211939.0,1112.5406824146983
410910,77.5,131865.0,1701.483870967742
410920,194.5,290845.0,1495.3470437017995
410930,368.9166666666667,298544.0,809.2450869663429
410940,6487.0,7454016.0,1149.0698319716355
410950,1075.25,2529723.0,2352.6835619623344
410960,1891.75,1752392.0,926.3338178934848
410965,400.6666666666667,758699.0,1893.5915141430949
410970,805.4166666666666,633766.0,786.8796689084326
410975,380.0,646901.0,1702.371052631579
410980,1915.8333333333333,2972718.0,1551.6579382340149
410990,409.75,507919.0,1239.5826723611958
411000,123.08333333333333,133896.0,1087.8483412322275
411005,94.33333333333333,126602.0,1342.070671378092
411007,772.1666666666666,840033.0,1087.8907835096052
411010,952.4166666666666,717705.0,753.5619914253216
411020,804.8333333333334,588388.0,731.0681300476289
411030,183.5,313659.0,1709.3133514986375
411040,90.25,118137.0,1308.9972299168976
411050,505.25,325875.0,644.9777337951509
411060,353.8333333333333,370255.0,1046.4107395195479
411065,110.83333333333333,145569.0,1313.4045112781955
411070,2393.0833333333335,2942326.0,1229.512553539715
411080,556.9166666666666,448183.0,804.7577435283556
411090,147.16666666666666,246906.0,1677.730464326161
411095,329.8333333333333,405554.0,1229.5725113693786
411100,286.4166666666667,296872.0,1036.50392784405
411110,44.416666666666664,46813.0,1053.9512195121952
411120,387.25,338242.0,873.4460942543576
411125,1843.0833333333333,1940890.0,1053.0668716372022
411130,194.91666666666666,222788.0,1142.9910218041898
411140,853.9166666666666,669240.0,783.7298721577047
411150,614.5833333333334,390785.0,635.8535593220339
411155,246.16666666666666,325650.0,1322.8842247799594
411160,66.25,94857.0,1431.8037735849057
411170,213.58333333333334,292371.0,1368.884900507218
411180,1690.0833333333333,2398194.0,1418.9797347270846
411190,331.3333333333333,462652.0,1396.3340040241449
411200,1242.25,1173025.0,944.2745019118535
411210,543.1666666666666,606043.0,1115.7588217244554
411220,221.75,178535.0,805.1183765501692
411230,251.41666666666666,296922.0,1180.9956910838582
411240,349.25,528729.0,1513.898353614889
411250,632.0833333333334,505275.0,799.3803559657217
411260,74.16666666666667,106815.0,1440.202247191011
411270,714.1666666666666,1107989.0,1551.4431738623105
411275,430.6666666666667,590087.0,1370.171052631579
411280,256.75,245414.0,955.8481012658228
411290,234.75,414820.0,1767.0713525026624
411295,378.4166666666667,517956.0,1368.7452103060998
411300,217.66666666666666,332521.0,1527.6615620214395
411310,228.08333333333334,239182.0,1048.660577274388
411320,1886.1666666666667,2397010.0,1270.8367942034108
411325,642.4166666666666,846274.0,1317.328836424958
411330,977.25,861002.0,881.0457917625992
411340,176.58333333333334,199097.0,1127.4959886739027
411342,247.75,196882.0,794.6801210898083
411345,433.0833333333333,756061.0,1745.7633249951896
411350,550.5,494463.0,898.2070844686649
411360,118.0,178226.0,1510.3898305084747
411370,14726.833333333334,25786780.0,1751.0064394925362
411373,485.0833333333333,626885.0,1292.3243428964097
411375,328.9166666666667,350610.0,1065.9538890296426
411380,274.1666666666667,458616.0,1672.7635258358662
411390,531.5,666485.0,1253.969896519285
411400,820.5,1085975.0,1323.5527117611214
411410,459.75,504343.0,1096.994018488309
411420,619.25,664199.0,1072.5861929753735
411430,1098.4166666666667,1278986.0,1164.3905621728245
411435,92.0,85813.0,932.75
411440,876.0833333333334,1074655.0,1226.6584229049747
411450,892.3333333333334,1058598.0,1186.3257377661562
411460,698.0,1005632.0,1440.733524355301
411470,244.41666666666666,326015.0,1333.8493010569384
411480,916.0,1242711.0,1356.6713973799126
411490,514.3333333333334,737947.0,1434.7640959170446
411500,253.0,252419.0,997.703557312253
411510,619.75,666485.0,1075.4094392900363
411520,5530.833333333333,8050740.0,1455.6106674702426
411530,152.5,199064.0,1305.3377049180328
411535,91.58333333333333,155759.0,1700.7352138307554
411540,715.9166666666666,1232229.0,1721.1905482481668
411545,412.1666666666667,691893.0,1678.6728669632025
411550,137.5,106765.0,776.4727272727273
411560,197.66666666666666,197699.0,1000.1635750421585
411570,1130.4166666666667,991100.0,876.7563582749723
411573,311.75,257556.0,826.1619887730553
411575,498.1666666666667,587328.0,1178.9789227166275
411580,756.75,917235.0,1212.0713577799802
411585,77.0,82624.0,1073.0389610389611
411590,124.5,213239.0,1712.7630522088352
411600,57.25,67829.0,1184.7860262008733
411605,436.25,666504.0,1527.802865329513
411610,775.0833333333334,1218144.0,1571.6297172347058
411620,1024.0,1305464.0,1274.8671875
411630,129.25,184266.0,1425.6557059961315
411640,124.75,150270.0,1204.569138276553
411650,41.583333333333336,49718.0,1195.6232464929858
411660,215.16666666666666,258214.0,1200.0650658404338
411670,417.75,539209.0,1290.7456612806702
411680,504.0,616364.0,1222.9444444444443
411690,936.4166666666666,936600.0,1000.1957817922934
411695,173.41666666666666,284882.0,1642.7602114368094
411700,301.3333333333333,269417.0,894.08296460177
411705,960.75,1610511.0,1676.3060109289618
411710,354.9166666666667,385757.0,1086.8945761915943
411720,228.5,232761.0,1018.6477024070022
411721,247.41666666666666,260175.0,1051.5661839003033
411722,165.0,210144.0,1273.6
411725,293.0833333333333,337871.0,1152.8154677281775
411727,317.0833333333333,259026.0,816.9019710906703
411729,130.33333333333334,153413.0,1177.081841432225
411730,1993.0,2255558.0,1131.7400903161063
411740,77.5,64604.0,833.6
411745,137.0,210735.0,1538.2116788321168
411750,1133.3333333333333,1954764.0,1724.7917647058825
411760,2051.3333333333335,1904872.0,928.6018849528762
411770,689.8333333333334,625741.0,907.0901183860835
411780,1024.4166666666667,906693.0,885.0822419262995
411790,475.4166666666667,576218.0,1212.0273444347063
411800,168.75,230547.0,1366.2044444444443
411810,383.25,449333.0,1172.4279191128505
411820,4642.416666666667,5530334.0,1191.2618786910552
411830,122.25,114938.0,940.1881390593047
411840,2182.25,2479370.0,1136.1530530415855
411845,74.16666666666667,103432.0,1394.5887640449437
411850,1532.3333333333333,1446876.0,944.2305851642376
411860,175.75,191131.0,1087.5163584637269
411870,148.08333333333334,124662.0,841.8368036015756
411880,624.4166666666666,949169.0,1520.089149873215
411885,233.25,316915.0,1358.6923901393354
411890,196.91666666666666,207479.0,1053.638595006348
411900,136.41666666666666,111432.0,816.8503359804521
411910,339.0833333333333,535661.0,1579.732612435488
411915,3718.3333333333335,5253041.0,1412.740744060959
411920,376.0833333333333,395735.0,1052.2534899180146
411925,139.16666666666666,162093.0,1164.740119760479
411930,1617.5,1021887.0,631.7693972179289
411940,1083.0,1110148.0,1025.067405355494
411950,4461.083333333333,7331773.0,1643.4960865260682
411960,2068.0,1574117.0,761.1784332688588
411965,84.08333333333333,149688.0,1780.2338949454906
411970,249.75,244118.0,977.4494494494495
411980,437.6666666666667,515445.0,1177.7113480578826
411990,9618.416666666666,11531326.0,1198.8798572183573
411995,877.8333333333334,824948.0,939.7546990696791
412000,560.8333333333334,1016229.0,1811.9982169390787
412010,155.5,199225.0,1281.1897106109325
412015,246.33333333333334,299168.0,1214.4844384303112
412020,122.33333333333333,141225.0,1154.4277929155314
412030,156.75,204648.0,1305.5693779904307
412033,167.0,246500.0,1476.0479041916167
412035,233.0,268586.0,1152.7296137339056
412040,84.75,88767.0,1047.3982300884957
412050,381.3333333333333,316303.0,829.4659090909091
412060,2585.4166666666665,1891235.0,731.5010475423046
412065,159.08333333333334,144784.0,910.114195914091
412070,331.1666666666667,383968.0,1159.4403623553094
412080,429.25,650366.0,1515.1217239370997
412085,27.5,48108.0,1749.3818181818183
412090,1936.0833333333333,1829158.0,944.7723496750313
412100,496.6666666666667,388269.0,781.7496644295302
412110,209.83333333333334,294881.0,1405.3105639396347
412120,573.9166666666666,504701.0,879.3977058225643
412125,162.41666666666666,195130.0,1201.4161108260648
412130,167.5,161082.0,961.6835820895523
412135,103.41666666666667,110857.0,1071.945205479452
412140,326.25,359395.0,1101.5938697318009
412150,1312.1666666666667,1316064.0,1002.9701511494982
412160,135.83333333333334,146732.0,1080.235582822086
412170,1729.3333333333333,1643719.0,950.4928681572861
412175,546.0,679023.0,1243.631868131868
412180,531.1666666666666,825929.0,1554.9337935362412
412190,936.1666666666666,1290435.0,1378.424425850098
412200,423.25,298785.0,705.9303012404016
412210,145.0,184073.0,1269.4689655172415
412215,1223.9166666666667,1200415.0,980.7979846122421
412217,430.75,662342.0,1537.6482878699942
412220,1830.0,1621627.0,886.1349726775957
412230,705.25,948499.0,1344.9117334278624
412240,1485.5833333333333,1917078.0,1290.454703539575
412250,532.75,397751.0,746.599718442046
412260,199.08333333333334,297385.0,1493.7714524905819
412265,318.5833333333333,307790.0,966.1208475019619
412270,212.33333333333334,392517.0,1848.5886970172683
412280,106.91666666666667,88348.0,826.3257989088074
412290,245.5,295449.0,1203.4582484725051
412300,390.3333333333333,387329.0,992.3031596925705
412310,232.0,314636.0,1356.1896551724137
412320,185.5,150227.0,809.8490566037735
412330,360.0833333333333,317967.0,883.0372598935433
412340,185.66666666666666,197669.0,1064.644524236984
412350,546.75,603164.0,1103.180612711477
412360,76.58333333333333,167561.0,2187.9564744287272
412370,129.58333333333334,135772.0,1047.758199356913
412380,302.3333333333333,237373.0,785.1367144432195
412382,140.75,160062.0,1137.2078152753108
412385,771.1666666666666,647612.0,839.7821482602119
412390,656.75,708261.0,1078.4331937571374
412395,179.58333333333334,243361.0,1355.1424593967517
412400,238.5,218118.0,914.5408805031446
412402,372.1666666666667,367670.0,987.9175996417375
412405,436.9166666666667,354832.0,812.1274079725348
412410,1714.4166666666667,2125825.0,1239.9698634132114
412420,142.16666666666666,216273.0,1521.2637749120752
412430,114.25,159403.0,1395.2122538293218
412440,548.0,475400.0,867.5182481751825
412450,60.333333333333336,58888.0,976.0441988950275
412460,303.6666666666667,338000.0,1113.0625686059275
412470,477.6666666666667,512021.0,1071.9211444521982
412480,249.91666666666666,285713.0,1143.2330776925642
412490,403.5833333333333,491331.0,1217.4214329960769
412500,504.0833333333333,508022.0,1007.8135228963465
412510,339.75,259677.0,764.317880794702
412520,143.5,124014.0,864.2090592334495
412530,120.91666666666667,126720.0,1047.9944865609923
412535,153.91666666666666,139147.0,904.041147807255
412540,310.6666666666667,267026.0,859.5257510729613
412545,169.0,209003.0,1236.7041420118344
412550,7248.833333333333,9903063.0,1366.1595659071575
412555,45.333333333333336,52661.0,1161.639705882353
412560,1305.0,1247323.0,955.8030651340996
412570,646.9166666666666,707118.0,1093.0588689939457
412575,366.0,463866.0,1267.3934426229507
412580,349.4166666666667,587567.0,1681.5654662532793
412590,58.083333333333336,54083.0,931.1276901004304
412600,442.0,628386.0,1421.6877828054298
412610,170.5,221768.0,1300.692082111437
412620,382.6666666666667,428448.0,1119.637630662021
412625,764.5,683768.0,894.3989535644212
412627,253.58333333333334,281462.0,1109.938876109103
412630,867.8333333333334,1077606.0,1241.7199923180333
412635,92.16666666666667,115946.0,1258.003616636528
412640,201.41666666666666,270566.0,1343.314853123707
412650,455.1666666666667,546390.0,1200.4174295129988
412660,588.5833333333334,732909.0,1245.2085516069658
412665,146.16666666666666,203216.0,1390.30330672748
412667,599.0,707574.0,1181.2587646076795
412670,149.66666666666666,170816.0,1141.3095768374164
412680,474.3333333333333,693573.0,1462.205903021785
412690,248.33333333333334,285887.0,1151.2228187919463
412700,766.8333333333334,840162.0,1095.6252988480765
412710,1592.75,2256660.0,1416.8325223669754
412720,235.66666666666666,270376.0,1147.2814710042433
412730,493.3333333333333,582154.0,1180.041891891892
412740,337.4166666666667,376245.0,1115.0753272412942
412750,1581.6666666666667,2521963.0,1594.4971548998944
412760,1054.25,1348746.0,1279.3417121176192
412770,1531.0,2118473.0,1383.7184846505552
412780,410.0,314722.0,767.6146341463415
412785,848.5833333333334,1360046.0,1602.7253265245997
412788,534.9166666666666,495759.0,926.7966973048763
412790,272.1666666666667,365202.0,1341.8322106552357
412795,174.25,220015.0,1262.6398852223817
412796,726.5,699549.0,962.9029593943565
412800,1048.0833333333333,1468297.0,1400.935358193528
412810,2823.6666666666665,4076826.0,1443.8056900011807
412820,1792.9166666666667,1811453.0,1010.3386474552638
412830,58.75,77478.0,1318.7744680851065
412840,556.9166666666666,767991.0,1379.0052371689362
412850,867.1666666666666,1103960.0,1273.0655391120508
412853,605.6666666666666,711399.0,1174.5718216840946
412855,280.25,382592.0,1365.1810883140054
412860,261.9166666666667,342783.0,1308.7483296213807
412862,197.66666666666666,248283.0,1256.0691399662733
412863,674.3333333333334,858856.0,1273.6371725160652
412865,199.0,195271.0,981.2613065326633
412870,233.5,234452.0,1004.0770877944326
412880,149.66666666666666,169984.0,1135.750556792873
420005,109.66666666666667,196167.0,1788.756838905775
420010,1213.75,1693275.0,1395.0772399588054
420020,78.41666666666667,114860.0,1464.739638682253
420030,19.166666666666668,33077.0,1725.7565217391302
420040,57.416666666666664,67418.0,1174.188679245283
420050,254.91666666666666,372809.0,1462.4740111147435
420055,30.916666666666668,47448.0,1534.7061994609164
420060,19.5,22775.0,1167.948717948718
420070,236.33333333333334,321714.0,1361.2722143864598
420075,16.75,16435.0,981.1940298507462
420080,132.83333333333334,162565.0,1223.8268506900877
420090,97.83333333333333,82249.0,840.7052810902896
420100,669.4166666666666,975901.0,1457.8379185858334
420110,124.41666666666667,170231.0,1368.2330877427996
420120,110.33333333333333,172796.0,1566.1268882175227
420125,107.91666666666667,169455.0,1570.2393822393822
420127,32.75,54863.0,1675.206106870229
420130,959.0833333333334,1567415.0,1634.2844730211139
420140,797.5,738019.0,925.4156739811913
420150,144.25,283703.0,1966.745233968804
420160,17.583333333333332,28298.0,1609.3649289099528
420165,29.75,40850.0,1373.109243697479
420170,63.25,99659.0,1575.6363636363637
420180,35.5,55662.0,1567.943661971831
420190,54.25,84026.0,1548.8663594470047
420195,328.9166666666667,285493.0,867.9797314416012
420200,1082.25,1636870.0,1512.4693924693925
420205,380.3333333333333,625796.0,1645.3882559158633
420207,338.25,484708.0,1432.9874353288988
420208,86.5,96210.0,1112.2543352601156
420209,45.583333333333336,65575.0,1438.5740402193783
420210,652.9166666666666,993668.0,1521.8910019144864
420213,369.1666666666667,412390.0,1117.0835214446952
420215,54.083333333333336,74997.0,1386.6933744221878
420220,81.58333333333333,161324.0,1977.4136874361595
420230,1520.0,2494636.0,1641.207894736842
420240,3357.9166666666665,6060627.0,1804.877131157712
420243,185.33333333333334,253200.0,1366.1870503597122
420245,314.8333333333333,689655.0,2190.5399682371626
420250,190.16666666666666,304802.0,1602.8150744960562
420253,130.83333333333334,172953.0,1321.9337579617834
420257,36.916666666666664,53176.0,1440.4334085778783
420260,431.5,686812.0,1591.6848203939744
420270,43.0,84162.0,1957.2558139534883
420280,296.0833333333333,528177.0,1783.8795384182383
420285,23.166666666666668,25979.0,1121.3956834532373
420287,131.5,100355.0,763.1558935361217
420290,1443.5833333333333,2622683.0,1816.7866997633205
420300,1562.75,2462079.0,1575.4784834426491
420310,176.83333333333334,299435.0,1693.3176248821865
420315,210.58333333333334,338078.0,1605.4356944994063
420320,1174.3333333333333,1223845.0,1042.1615100766394
420325,100.16666666666667,151196.0,1509.4442595673877
420330,232.08333333333334,363606.0,1566.704488330341
420340,205.5,217381.0,1057.8150851581509
420350,494.8333333333333,751277.0,1518.2425058942406
420360,309.8333333333333,310334.0,1001.6159225389995
420370,530.8333333333334,1046952.0,1972.2800627943484
420380,1301.8333333333333,1691188.0,1299.0818077070799
420390,295.8333333333333,366569.0,1239.1064788732394
420395,180.33333333333334,230914.0,1280.4842883548984
420400,265.6666666666667,462693.0,1741.629861982434
420410,222.58333333333334,398077.0,1788.4402845376262
420415,105.33333333333333,122089.0,1159.0727848101267
420417,221.33333333333334,264032.0,1192.9156626506024
420419,40.583333333333336,32468.0,800.0328542094455
420420,3078.0833333333335,3432169.0,1115.0344640875003
420425,176.83333333333334,329177.0,1861.5098963242224
420430,714.25,937284.0,1312.263213160658
420435,58.833333333333336,112444.0,1911.229461756374
420440,193.58333333333334,206610.0,1067.292294446836
420445,74.66666666666667,75032.0,1004.8928571428571
420450,205.33333333333334,338277.0,1647.452922077922
420455,698.5,750417.0,1074.3264137437366
420460,3022.0833333333335,4988518.0,1650.6884323728111
420470,89.66666666666667,104317.0,1163.3866171003717
420475,4.833333333333333,4863.0,1006.1379310344828
420480,1338.9166666666667,1607309.0,1200.454845335159
420490,106.33333333333333,168894.0,1588.344827586207
420500,390.5,573260.0,1468.0153649167735
420510,27.75,37198.0,1340.4684684684685
420515,9.75,17335.0,1777.948717948718
420517,361.6666666666667,608962.0,1683.7658986175115
420519,78.75,135439.0,1719.8603174603174
420520,26.666666666666668,19428.0,728.55
420530,219.66666666666666,359382.0,1636.0333839150228
420535,40.416666666666664,63275.0,1565.5670103092784
420540,6566.583333333333,7852167.0,1195.7766469117628
420543,77.08333333333333,147392.0,1912.1124324324326
420545,345.25,557249.0,1614.0448950036205
420550,974.3333333333334,1611569.0,1654.0222374273008
420555,100.33333333333333,162783.0,1622.4219269102991
420560,137.33333333333334,216509.0,1576.5218446601941
420570,641.5,700078.0,1091.3141075604053
420580,458.75,593501.0,1293.7351498637602
420590,563.5833333333334,695894.0,1234.76681945882
420600,317.6666666666667,566440.0,1783.1269674711436
420610,71.0,89463.0,1260.0422535211267
420620,215.41666666666666,270146.0,1254.062669245648
420630,338.6666666666667,592955.0,1750.851377952756
420640,81.75,75084.0,918.4587155963303
420650,926.3333333333334,1428648.0,1542.261245052177
420660,87.08333333333333,86995.0,998.9856459330144
420665,156.25,251101.0,1607.0464
420670,330.5833333333333,524174.0,1585.6032266196119
420675,57.916666666666664,88061.0,1520.4776978417267
420680,73.75,128423.0,1741.328813559322
420690,163.0,263883.0,1618.9141104294479
420700,962.75,1817051.0,1887.3549727343548
420710,341.4166666666667,666529.0,1952.2450573590431
420720,459.5833333333333,851818.0,1853.4571169537626
420730,1102.0,1554193.0,1410.3384754990925
420740,76.41666666666667,65479.0,856.8680479825517
420750,446.0,835855.0,1874.1143497757848
420757,14.25,34369.0,2411.8596491228072
420760,52.75,76086.0,1442.3886255924172
420765,93.75,170856.0,1822.464
420768,731.9166666666666,1010228.0,1380.2500284640785
420770,96.08333333333333,138581.0,1442.300086730269
420775,71.33333333333333,102031.0,1430.3411214953271
420780,163.5,206798.0,1264.8195718654433
420785,65.16666666666667,100369.0,1540.1892583120205
420790,409.3333333333333,467443.0,1141.961726384365
420800,120.58333333333333,162364.0,1346.4879060124397
420810,517.1666666666666,681383.0,1317.530776667741
420820,3256.25,4237768.0,1301.4258733205374
420830,990.3333333333334,1310795.0,1323.5897004375631
420840,81.16666666666667,104246.0,1284.3449691991786
420845,502.8333333333333,740845.0,1473.341067285383
420850,213.75,312042.0,1459.8456140350877
420860,54.75,74359.0,1358.1552511415525
420870,298.9166666666667,358426.0,1199.083356565375
420880,352.75,536370.0,1520.5386250885897
420890,1491.0833333333333,2382918.0,1598.111887330241
420895,45.583333333333336,50878.0,1116.1535648994516
420900,378.5,668456.0,1766.0660501981506
420910,7171.083333333333,11562976.0,1612.444795649193
420915,188.66666666666666,473117.0,2507.6872791519436
420917,90.41666666666667,141544.0,1565.463594470046
420920,4.75,10953.0,2305.8947368421054
420930,5377.333333333333,7296817.0,1356.9582816761717
420940,572.6666666666666,560416.0,978.6076833527358
420945,39.583333333333336,46401.0,1172.2357894736842
420950,56.5,75470.0,1335.7522123893805
420960,320.8333333333333,484233.0,1509.2976623376624
420970,645.75,826566.0,1280.0092915214866
420980,128.83333333333334,89975.0,698.3829236739973
420985,58.25,86145.0,1478.8841201716739
420990,49.25,84882.0,1723.492385786802
421000,117.91666666666667,156081.0,1323.6551236749117
421003,22.583333333333332,26125.0,1156.8265682656827
421005,16.166666666666668,25598.0,1583.3814432989689
421010,852.75,1061732.0,1245.0683084139548
421020,123.83333333333333,211404.0,1707.1655450874832
421030,273.25,248838.0,910.6605672461117
421040,173.66666666666666,334489.0,1926.0403071017276
421050,287.25,411652.0,1433.0791993037424
421055,45.75,63592.0,1389.9890710382513
421060,146.5,236407.0,1613.6996587030717
421070,156.33333333333334,229357.0,1467.1023454157782
421080,189.91666666666666,364439.0,1918.9416410706451
421085,34.166666666666664,41528.0,1215.4536585365854
421090,48.833333333333336,76293.0,1562.3139931740614
421100,126.08333333333333,146916.0,1165.2293456708526
421105,526.6666666666666,933980.0,1773.3797468354433
421110,511.0,672185.0,1315.430528375734
421120,215.41666666666666,355166.0,1648.7396518375242
421125,110.5,84272.0,762.6425339366516
421130,1937.25,2443764.0,1261.4603174603174
421140,61.75,80676.0,1306.4939271255062
421145,131.75,141337.0,1072.7666034155598
421150,168.33333333333334,295025.0,1752.6237623762374
421160,186.5,353560.0,1895.7640750670241
421165,64.16666666666667,107563.0,1676.3064935064933
421170,450.1666666666667,720193.0,1599.83635690485
421175,295.6666666666667,394667.0,1334.837655016911
421180,93.66666666666667,157218.0,1678.4839857651245
421185,113.91666666666667,192444.0,1689.3401609363568
421187,55.5,84006.0,1513.6216216216217
421189,106.08333333333333,158223.0,1491.4972505891594
421190,2328.0,3362361.0,1444.3131443298969
421200,294.5,547232.0,1858.1731748726656
421205,63.666666666666664,88006.0,1382.2931937172775
421210,265.0833333333333,391614.0,1477.3241119144925
421220,430.4166666666667,534414.0,1241.6201355275896
421223,89.08333333333333,106995.0,1201.0664172123481
421225,337.1666666666667,561017.0,1663.9159663865546
421227,186.75,308790.0,1653.4939759036145
421230,148.33333333333334,191831.0,1293.2426966292135
421240,26.25,52021.0,1981.752380952381
421250,496.6666666666667,932584.0,1877.6859060402685
421260,17.666666666666668,14570.0,824.7169811320754
421265,315.6666666666667,740137.0,2344.678986272439
421270,52.666666666666664,78176.0,1484.3544303797469
421280,466.0833333333333,701018.0,1504.0615054532452
421290,152.75,220421.0,1443.0180032733224
421300,33.416666666666664,55159.0,1650.6433915211971
421310,61.25,83817.0,1368.4408163265307
421315,45.416666666666664,47958.0,1055.9559633027523
421320,57.583333333333336,76596.0,1330.176555716353
421330,160.41666666666666,198124.0,1235.0587012987014
421335,138.41666666666666,231288.0,1670.9548464780255
421340,440.8333333333333,690831.0,1567.1024574669188
421350,311.5833333333333,430813.0,1382.657395025408
421360,578.3333333333334,565640.0,978.0518731988471
421370,144.0,262746.0,1824.625
421380,334.5833333333333,505929.0,1512.1165628891656
421390,24.083333333333332,33688.0,1398.809688581315
421400,103.75,216602.0,2087.7301204819278
421410,39.166666666666664,49726.0,1269.6000000000001
421415,35.5,33330.0,938.8732394366198
421420,249.66666666666666,458424.0,1836.144192256342
421430,22.583333333333332,25992.0,1150.937269372694
421440,149.08333333333334,271311.0,1819.8613750698714
421450,57.083333333333336,66528.0,1165.4540145985402
421460,43.916666666666664,60220.0,1371.2333965844402
421470,64.83333333333333,135726.0,2093.4601542416453
421480,769.3333333333334,1231691.0,1600.984835355286
421490,24.416666666666668,32838.0,1344.901023890785
421500,545.0,644955.0,1183.4036697247707
421505,138.5,197928.0,1429.0830324909748
421507,105.58333333333333,139250.0,1318.863456985004
421510,101.66666666666667,176225.0,1733.3606557377047
421520,165.25,276133.0,1671.001512859304
421530,55.75,84556.0,1516.6995515695066
421535,129.25,195558.0,1513.0212765957447
421540,56.25,83646.0,1487.04
421545,196.33333333333334,321320.0,1636.60441426146
421550,867.4166666666666,1236444.0,1425.4326063983092
421555,19.083333333333332,24081.0,1261.886462882096
421560,20.166666666666668,32266.0,1599.9669421487602
421565,231.5,254218.0,1098.133909287257
421567,108.5,111359.0,1026.3502304147466
421568,111.08333333333333,179962.0,1620.0630157539385
421569,37.166666666666664,59793.0,1608.780269058296
421570,261.9166666666667,322757.0,1232.2888959592744
421575,82.58333333333333,132238.0,1601.2674066599395
421580,1070.0833333333333,1837959.0,1717.5849232925787
421590,50.666666666666664,50588.0,998.4473684210527
421600,133.41666666666666,157465.0,1180.2498438475952
421605,223.66666666666666,362460.0,1620.5365126676602
421610,274.0,396003.0,1445.2664233576643
421620,837.25,1134943.0,1355.5604658106897
421625,22.75,30469.0,1339.2967032967033
421630,393.3333333333333,449506.0,1142.8118644067797
421635,55.166666666666664,112587.0,2040.8519637462236
421640,235.75,292700.0,1241.5694591728527
421650,653.8333333333334,919445.0,1406.2375732857506
421660,3125.0,5248087.0,1679.38784
421670,243.16666666666666,219456.0,902.492117888965
421680,445.0,483550.0,1086.629213483146
421690,374.5833333333333,475460.0,1269.3036707452725
421700,109.58333333333333,205357.0,1873.9802281368823
421710,37.666666666666664,55544.0,1474.6194690265488
421715,47.916666666666664,71528.0,1492.7582608695652
421720,454.3333333333333,497139.0,1094.2164343360234
421725,45.166666666666664,85707.0,1897.5719557195573
421730,92.0,158253.0,1720.141304347826
421740,114.25,152414.0,1334.0393873085338
421750,168.33333333333334,235482.0,1398.9029702970297
421755,40.416666666666664,62631.0,1549.6329896907218
421760,182.33333333333334,263658.0,1446.0219378427787
421770,610.3333333333334,773452.0,1267.2616056799561
421775,49.666666666666664,65193.0,1312.6107382550335
421780,234.91666666666666,459874.0,1957.6048244058177
421790,194.0,291879.0,1504.5309278350514
421795,45.416666666666664,57931.0,1275.5449541284404
421800,825.5833333333334,1516678.0,1837.0986171393963
421810,193.08333333333334,396432.0,2053.1652999568405
421820,203.41666666666666,298149.0,1465.7058582548136
421825,653.5,1238396.0,1895.0206579954092
421830,781.75,1216306.0,1555.8759194115767
421835,34.916666666666664,69047.0,1977.4797136038187
421840,41.75,77573.0,1858.0359281437127
421850,85.5,114341.0,1337.3216374269007
421860,65.25,96977.0,1486.2375478927204
421870,1505.75,2289784.0,1520.6933421882782
421875,36.0,43361.0,1204.4722222222222
421880,138.75,187113.0,1348.5621621621622
421885,51.0,72016.0,1412.078431372549
421890,338.1666666666667,575411.0,1701.5603745687529
421895,180.33333333333334,270227.0,1498.4861367837339
421900,286.3333333333333,497614.0,1737.88358556461
421910,66.16666666666667,94492.0,1428.0906801007557
421915,64.16666666666667,63285.0,986.2597402597402
421917,139.08333333333334,173364.0,1246.4757339724385
421920,128.16666666666666,114299.0,891.7997399219767
421930,549.1666666666666,845175.0,1539.0136570561458
421935,179.41666666666666,291754.0,1626.125406409661
421940,49.583333333333336,96448.0,1945.1697478991596
421950,545.9166666666666,648361.0,1187.6556250954054
421960,31.916666666666668,29590.0,927.1018276762402
421970,483.25,584478.0,1209.4733574754268
421985,41.583333333333336,66806.0,1606.5571142284568
422000,620.0833333333334,1200599.0,1936.1897594409352
430003,165.0,242733.0,1471.1090909090908
430005,71.41666666666667,72884.0,1020.5460910151692
430010,761.0,779304.0,1024.0525624178713
430020,225.83333333333334,269492.0,1193.3225092250923
430030,216.83333333333334,170110.0,784.5196003074558
430040,1712.25,1326277.0,774.5813987443422
430045,189.66666666666666,262709.0,1385.108963093146
430047,34.75,36737.0,1057.179856115108
430050,169.41666666666666,142214.0,839.4333497294639
430055,66.66666666666667,72190.0,1082.85
430057,13.75,14659.0,1066.1090909090908
430060,6535.75,7999623.0,1223.9793443751673
430063,363.1666666666667,375377.0,1033.6218448829738
430064,373.5,367244.0,983.2503346720214
430066,38.75,51119.0,1319.2
430070,22.333333333333332,24195.0,1083.358208955224
430080,198.0,307114.0,1551.080808080808
430085,229.16666666666666,210240.0,917.4109090909092
430087,175.41666666666666,308523.0,1758.8009501187648
430090,55.833333333333336,79767.0,1428.6626865671642
430100,173.0,250261.0,1446.5953757225434
430105,293.3333333333333,505038.0,1721.7204545454547
430107,35.583333333333336,32371.0,909.7236533957845
430110,761.0833333333334,936061.0,1229.9060549655096
430120,375.0833333333333,506622.0,1350.6918462563876
430130,851.75,610068.0,716.2524214851776
430140,335.0833333333333,365927.0,1092.0477493160906
430150,125.33333333333333,135903.0,1084.3324468085107
430155,35.75,30395.0,850.2097902097902
430160,6794.416666666667,8255498.0,1215.0414678719046
430163,827.25,1440015.0,1740.725294650952
430165,16.5,19155.0,1160.909090909091
430170,91.33333333333333,101313.0,1109.2664233576643
430175,300.6666666666667,291624.0,969.9246119733924
430180,293.25,254835.0,869.002557544757
430185,98.33333333333333,119818.0,1218.4881355932205
430187,260.0833333333333,334260.0,1285.2034604293497
430190,565.5833333333334,729847.0,1290.4322970384558
430192,9.333333333333334,11788.0,1263.0
430195,9.166666666666666,10247.0,1117.8545454545456
430200,415.0833333333333,308010.0,742.0437663119856
430205,279.0833333333333,542621.0,1944.297402209615
430210,1273.8333333333333,1881815.0,1477.2850974748137
430215,75.83333333333333,83076.0,1095.5076923076924
430220,64.0,80746.0,1261.65625
430222,51.833333333333336,74210.0,1431.7041800643087
430223,105.16666666666667,147987.0,1407.1664025356577
430225,6.666666666666667,5175.0,776.25
430230,847.1666666666666,1597671.0,1885.8992720834153
430235,79.5,125128.0,1573.937106918239
430237,180.33333333333334,352278.0,1953.4824399260629
430240,268.5,440712.0,1641.3854748603353
430245,307.5833333333333,283844.0,922.8198320238419
430250,188.08333333333334,106804.0,567.8546743464776
430258,40.166666666666664,47841.0,1191.0622406639004
430260,239.58333333333334,390333.0,1629.216
430265,54.5,71511.0,1312.1284403669724
430270,1318.6666666666667,1648849.0,1250.3910515672396
430280,1631.5833333333333,1530107.0,937.8049951478625
430290,1159.5,1926987.0,1661.9120310478654
430300,3819.9166666666665,4901912.0,1283.251030781649
430310,3175.5833333333335,4769354.0,1501.8828036843624
430320,287.25,351402.0,1223.3315926892951
430330,184.91666666666666,206471.0,1116.5624155024786
430340,197.66666666666666,235450.0,1191.1467116357505
430350,3200.6666666666665,4301744.0,1344.014996875651
430355,21.5,21797.0,1013.8139534883721
430360,223.83333333333334,252999.0,1130.3008190618018
430367,56.666666666666664,71163.0,1255.8176470588237
430370,66.25,65288.0,985.4792452830188
430380,124.75,117128.0,938.9018036072144
430390,481.4166666666667,438546.0,910.948935433616
430400,448.1666666666667,401715.0,896.3518036444775
430410,182.75,221404.0,1211.5129958960329
430420,1051.6666666666667,991590.0,942.8748019017432
430430,89.58333333333333,88529.0,988.2306976744187
430435,525.0833333333334,666229.0,1268.8062212347245
430440,1266.25,2024231.0,1598.6029615004936
430450,2823.0,2028796.0,718.6666666666666
430460,9523.25,13808026.0,1449.9279132649044
430461,35.916666666666664,37740.0,1050.7656612529004
430462,62.5,90260.0,1444.16
430463,1611.6666666666667,2264922.0,1405.3290589451913
430465,213.5,187126.0,876.4683840749415
430466,1622.75,1646325.0,1014.5278077337853
430467,152.33333333333334,207167.0,1359.9584245076585
430468,492.25,854412.0,1735.727780599289
430469,15.666666666666666,21655.0,1382.2340425531916
430470,1488.8333333333333,1441582.0,968.2628456285682
430471,244.83333333333334,413824.0,1690.227365554799
430480,90.75,144147.0,1588.396694214876
430485,19.916666666666668,13329.0,669.2384937238494
430490,89.91666666666667,161715.0,1798.498609823911
430495,112.0,184146.0,1644.1607142857142
430500,304.5,231536.0,760.3809523809524
430510,7460.083333333333,10709465.0,1435.5690843489238
430511,29.083333333333332,31880.0,1096.1604584527222
430512,303.25,214514.0,707.3833470733719
430513,175.91666666666666,209314.0,1189.8474656560873
430515,137.83333333333334,201388.0,1461.0979443772671
430517,461.9166666666667,476198.0,1030.9175536712971
430520,211.83333333333334,241546.0,1140.26435877262
430530,136.0,184908.0,1359.6176470588234
430535,1115.6666666666667,1779001.0,1594.5631909172391
430537,205.08333333333334,423272.0,2063.9024786672085
430540,144.83333333333334,227242.0,1568.9896432681242
430543,179.33333333333334,186155.0,1038.039033457249
430544,251.66666666666666,209429.0,832.1682119205299
430545,680.6666666666666,1038732.0,1526.0509304603331
430550,107.08333333333333,127069.0,1186.6365758754864
430558,17.75,26926.0,1516.9577464788733
430560,54.0,66439.0,1230.351851851852
430570,273.0,328667.0,1203.9084249084249
430580,300.6666666666667,250989.0,834.7749445676275
430583,11.833333333333334,12810.0,1082.5352112676055
430585,55.25,71251.0,1289.6108597285067
430587,45.416666666666664,56881.0,1252.4256880733947
430590,757.0,1259984.0,1664.443857331572
430593,4.25,7883.0,1854.8235294117646
430595,29.166666666666668,36004.0,1234.422857142857
430597,76.0,108664.0,1429.7894736842106
430600,289.6666666666667,285572.0,985.8642117376294
430605,349.75,458284.0,1310.3187991422444
430607,248.5,204765.0,824.0040241448692
430610,1485.1666666666667,1305481.0,879.0131298395241
430613,22.5,17971.0,798.7111111111111
430620,230.5,303482.0,1316.6247288503255
430630,30.083333333333332,28410.0,944.3767313019391
430632,92.75,85066.0,917.1536388140162
430635,253.91666666666666,230744.0,908.7390876271743
430637,208.66666666666666,284779.0,1364.755591054313
430640,181.08333333333334,299698.0,1655.0280717901517
430642,137.83333333333334,180465.0,1309.2986698911727
430645,22.333333333333332,30259.0,1354.8805970149253
430650,727.0,592065.0,814.39477303989
430655,78.16666666666667,104148.0,1332.3837953091684
430660,1938.0,2007860.0,1036.047471620227
430670,193.41666666666666,269662.0,1394.2024989228782
430673,92.75,96593.0,1041.433962264151
430675,25.75,47318.0,1837.5922330097087
430676,1651.3333333333333,2618006.0,1585.3891804602342
430680,218.16666666666666,252051.0,1155.3139801375096
430690,1014.5,765083.0,754.1478560867422
430692,101.25,324102.0,3201.0074074074073
430693,200.58333333333334,155377.0,774.62567511425
430695,124.25,188339.0,1515.8068410462777
430697,154.5,156527.0,1013.1197411003236
430700,1399.0833333333333,1792875.0,1281.4640538447793
430705,76.0,106243.0,1397.9342105263158
430710,637.0833333333334,709421.0,1113.5450621321124
430720,170.08333333333334,195738.0,1150.8358647721705
430730,373.0,581539.0,1559.0857908847186
430740,115.66666666666667,155152.0,1341.371757925072
430745,92.41666666666667,85831.0,928.7394048692515
430750,488.9166666666667,494406.0,1011.2275438895517
430755,112.91666666666667,152084.0,1346.869372693727
430760,744.4166666666666,906956.0,1218.3445650957126
430770,2303.5833333333335,3578778.0,1553.5700177260064
430780,379.75,533061.0,1403.7156023699802
430781,93.33333333333333,73001.0,782.1535714285715
430783,125.08333333333333,133318.0,1065.8334443704198
430786,3.3333333333333335,10952.0,3285.6
430790,1168.0,2151151.0,1841.7388698630136
430800,285.8333333333333,343754.0,1202.6379008746358
430805,129.66666666666666,168560.0,1299.948586118252
430807,97.25,167448.0,1721.8303341902313
430810,88.16666666666667,163998.0,1860.0907372400754
430820,238.16666666666666,405566.0,1702.8663400979706
430825,30.916666666666668,39122.0,1265.4016172506738
430830,782.0833333333334,752302.0,961.9205114544485
430840,415.1666666666667,503815.0,1213.524688879968
430843,29.5,42613.0,1444.5084745762713
430845,133.58333333333334,153363.0,1148.0698689956332
430850,628.5833333333334,699025.0,1112.0641654514118
430860,154.16666666666666,235989.0,1530.7394594594596
430865,192.08333333333334,174629.0,909.1314533622559
430870,95.75,91759.0,958.3185378590078
430880,468.3333333333333,596663.0,1274.0135231316726
430885,43.666666666666664,109786.0,2514.1832061068703
430890,162.83333333333334,152992.0,939.5619242579324
430900,1052.0833333333333,1643022.0,1561.684277227723
430905,205.58333333333334,266139.0,1294.555330360762
430910,522.0833333333334,886329.0,1697.6772545889862
430912,178.91666666666666,369171.0,2063.3684210526317
430915,174.66666666666666,144207.0,825.6125954198474
430920,9159.666666666666,13392996.0,1462.1706757887844
430925,17.666666666666668,27257.0,1542.8490566037735
430930,2793.0,3375399.0,1208.5209452201934
430940,211.33333333333334,309209.0,1463.1340694006308
430950,275.6666666666667,248981.0,903.1958887545344
430955,35.083333333333336,38056.0,1084.731591448931
430957,94.25,132999.0,1411.129973474801
430960,342.4166666666667,358274.0,1046.3100511073253
430965,668.1666666666666,1191394.0,1783.0790720878026
430970,75.08333333333333,93069.0,1239.542730299667
430975,218.16666666666666,199088.0,912.550038197097
430980,96.16666666666667,136685.0,1421.3344887348353
430990,158.83333333333334,238232.0,1499.8866736621196
430995,210.66666666666666,380624.0,1806.759493670886
431000,96.58333333333333,90422.0,936.207075064711
431010,431.9166666666667,561818.0,1300.7555469805131
431020,1911.75,1846002.0,965.6084739113378
431030,45.75,44147.0,964.9617486338798
431033,752.25,888874.0,1181.6204719175805
431036,18.416666666666668,33010.0,1792.3981900452488
431040,254.41666666666666,324603.0,1275.8716017032427
431041,166.91666666666666,151125.0,905.3919121318023
431043,88.33333333333333,141323.0,1599.8830188679246
431046,8.166666666666666,7435.0,910.4081632653061
431050,502.75,554606.0,1103.1447041272997
431053,150.25,209452.0,1394.0232945091514
431055,293.4166666666667,309664.0,1055.3729054245953
431057,41.75,36343.0,870.4910179640718
431060,1431.3333333333333,1549534.0,1082.5808104331627
431065,130.75,135582.0,1036.9560229445506
431070,85.41666666666667,101910.0,1193.0926829268292
431075,45.5,60908.0,1338.6373626373627
431080,137.33333333333334,230688.0,1679.7669902912621
431085,246.16666666666666,342818.0,1392.6255924170616
431087,187.16666666666666,212324.0,1134.4113980409618
431090,55.25,67762.0,1226.4615384615386
431100,1118.6666666666667,1235767.0,1104.678486293206
431110,448.25,437440.0,975.8839933073062
431112,298.5833333333333,523556.0,1753.4669271560147
431113,175.58333333333334,208469.0,1187.2937826293307
431115,408.0,779598.0,1910.7794117647059
431120,722.0,668647.0,926.1038781163435
431123,139.16666666666666,150825.0,1083.7724550898204
431125,405.8333333333333,306170.0,754.422997946612
431127,17.583333333333332,31568.0,1795.3364928909955
431130,1083.0,1447706.0,1336.7553093259464
431140,1031.6666666666667,1605107.0,1555.838772213247
431142,201.33333333333334,244533.0,1214.567880794702
431150,347.3333333333333,419029.0,1206.4174664107486
431160,164.25,139499.0,849.3089802130899
431162,104.66666666666667,183491.0,1753.0987261146497
431164,9.083333333333334,8555.0,941.834862385321
431170,125.0,114985.0,919.88
431171,292.4166666666667,288168.0,985.4705044172129
431173,147.25,111538.0,757.4736842105264
431175,306.5,323443.0,1055.278955954323
431177,290.75,437355.0,1504.2304385210662
431179,27.25,35146.0,1289.7614678899083
431180,444.6666666666667,608626.0,1368.7241379310344
431190,83.5,136138.0,1630.3952095808384
431198,145.58333333333334,139210.0,956.2220950200343
431200,17.666666666666668,14367.0,813.2264150943396
431205,47.5,65245.0,1373.578947368421
431210,246.5,184213.0,747.314401622718
431213,78.83333333333333,162301.0,2058.786469344609
431215,95.66666666666667,183771.0,1920.951219512195
431217,55.25,80651.0,1459.7466063348415
431220,152.5,220161.0,1443.6786885245901
431225,558.1666666666666,845330.0,1514.4759629740222
431230,296.5,535233.0,1805.1703204047217
431235,4.083333333333333,11757.0,2879.265306122449
431237,131.08333333333334,177050.0,1350.6675143038779
431238,10.5,10223.0,973.6190476190476
431240,1672.8333333333333,2652900.0,1585.872272591412
431242,107.66666666666667,139577.0,1296.3808049535603
431244,59.333333333333336,63826.0,1075.7191011235955
431245,341.1666666666667,449692.0,1318.1006350757204
431247,64.5,111871.0,1734.4341085271317
431250,643.5833333333334,778480.0,1209.6024860805385
431260,53.083333333333336,103591.0,1951.4788069073782
431261,89.75,195853.0,2182.2061281337046
431262,85.75,233894.0,2727.6268221574346
431265,242.5,274480.0,1131.8762886597938
431267,72.5,143426.0,1978.2896551724139
431270,603.6666666666666,557977.0,924.3130866924351
431275,22.666666666666668,21180.0,934.4117647058823
431280,13.333333333333334,20931.0,1569.8249999999998
431290,45.083333333333336,60755.0,1347.615526802218
431295,5.75,7327.0,1274.2608695652175
431300,18.5,32690.0,1767.027027027027
431301,9.583333333333334,14157.0,1477.2521739130434
431303,119.66666666666667,217301.0,1815.8857938718663
431306,450.5833333333333,710337.0,1576.48307749214
431308,13.333333333333334,5772.0,432.9
431310,164.91666666666666,201491.0,1221.7746336533603
431320,81.0,109159.0,1347.641975308642
431330,359.6666666666667,548860.0,1526.0240963855422
431333,42.416666666666664,47017.0,1108.4557956777996
431335,4.083333333333333,2958.0,724.4081632653061
431337,843.6666666666666,1183264.0,1402.5254839984198
431339,147.25,122803.0,833.9762308998302
431340,5870.833333333333,7895051.0,1344.7922214336409
431342,213.66666666666666,180648.0,845.4664586583464
431344,109.58333333333333,157824.0,1440.2190114068442
431346,31.25,25737.0,823.584
431349,146.5,151385.0,1033.344709897611
431350,1332.3333333333333,2170080.0,1628.7815861896422
431360,104.16666666666667,81854.0,785.7984
431365,759.0,1204172.0,1586.524374176548
431370,1631.3333333333333,1765229.0,1082.077441765427
431380,365.25,347555.0,951.5537303216975
431390,771.0,1262258.0,1637.1699092088197
431395,455.6666666666667,552513.0,1212.5376737381125
431400,43.583333333333336,55458.0,1272.4588910133843
431402,319.75,387535.0,1211.9937451133699
431403,58.916666666666664,82656.0,1402.930693069307
431405,1451.25,2011567.0,1386.092678725237
431406,211.41666666666666,192479.0,910.424911312574
431407,178.25,215106.0,1206.765778401122
431410,4916.916666666667,7742258.0,1574.6164771282815
431413,11.25,18221.0,1619.6444444444444
431415,176.33333333333334,249105.0,1412.6937618147447
431417,187.75,241153.0,1284.4367509986685
431420,558.1666666666666,571453.0,1023.8035234398328
431430,95.0,116453.0,1225.821052631579
431440,8532.666666666666,9127305.0,1069.6896241893899
431442,12.666666666666666,19083.0,1506.5526315789475
431445,20.25,15219.0,751.5555555555555
431446,98.5,96057.0,975.1979695431472
431447,171.25,173634.0,1013.9211678832116
431449,191.5,207583.0,1083.9843342036554
431450,1041.5,1271108.0,1220.4589534325492
431454,10.416666666666666,12479.0,1197.9840000000002
431455,140.91666666666666,135779.0,963.5410999408634
431460,777.5,602375.0,774.7588424437299
431470,498.0,631260.0,1267.5903614457832
431475,10.416666666666666,15567.0,1494.432
431477,101.0,138307.0,1369.3762376237623
431478,14.0,8331.0,595.0714285714286
431480,1080.0,1289362.0,1193.8537037037038
431490,43144.0,70905179.0,1643.4539912849991
431500,179.91666666666666,163773.0,910.2714219546086
431505,97.0,167027.0,1721.9278350515465
431507,56.833333333333336,43822.0,771.0615835777126
431510,462.8333333333333,385828.0,833.6218941303565
431513,62.333333333333336,97014.0,1556.374331550802
431514,29.166666666666668,49616.0,1701.12
431515,196.0,184965.0,943.6989795918367
431517,17.333333333333332,35094.0,2024.6538461538462
431520,69.33333333333333,102266.0,1474.9903846153848
431530,768.0833333333334,731332.0,952.1518932407507
431531,52.583333333333336,67256.0,1279.0364500792393
431532,154.16666666666666,152413.0,988.6248648648649
431535,29.0,28813.0,993.551724137931
431540,1082.5,3213552.0,2968.639260969977
431545,13.333333333333334,20373.0,1527.975
431550,785.4166666666666,1046549.0,1332.476180371353
431555,206.58333333333334,235222.0,1138.6300927793466
431560,5891.916666666667,5318388.0,902.6583879043321
431570,2167.5833333333335,2142580.0,988.464880242974
431575,49.0,54692.0,1116.1632653061224
431580,160.83333333333334,326968.0,2032.961658031088
431590,196.58333333333334,153368.0,780.167867740568
431595,99.0,119538.0,1207.4545454545455
431600,390.4166666666667,440448.0,1128.14855923159
431610,449.6666666666667,606442.0,1348.6478873239437
431620,105.66666666666667,112626.0,1065.8611987381703
431630,258.1666666666667,260001.0,1007.1052291801161
431640,2699.25,3241384.0,1200.84616097064
431642,137.25,139906.0,1019.351548269581
431643,51.583333333333336,80448.0,1559.573505654281
431645,864.4166666666666,1349152.0,1560.7658343777114
431647,29.916666666666668,30136.0,1007.3314763231198
431650,37.5,49531.0,1320.8266666666666
431660,134.91666666666666,163752.0,1213.7269919703522
431670,349.3333333333333,460395.0,1317.9246183206108
431673,25.583333333333332,36238.0,1416.469055374593
431675,26.333333333333332,43169.0,1639.3291139240507
431680,2749.4166666666665,3402657.0,1237.5923377686177
431690,7211.583333333333,9352560.0,1296.8802505228857
431695,45.75,58620.0,1281.311475409836
431697,144.58333333333334,175409.0,1213.2034582132565
431700,613.6666666666666,504291.0,821.7669744703966
431710,4641.75,5802981.0,1250.1709484569396
431720,1221.0,1212785.0,993.2719082719083
431725,9.0,12873.0,1430.3333333333333
431730,1005.9166666666666,903112.0,897.8000165686356
431740,1306.6666666666667,1072224.0,820.5795918367346
431750,2589.3333333333335,2633669.0,1017.1224253347065
431755,15.416666666666666,25705.0,1667.3513513513515
431760,1623.9166666666667,2364473.0,1456.0309950223225
431770,832.5,1184780.0,1423.1591591591591
431775,29.416666666666668,29177.0,991.8526912181303
431780,569.0833333333334,708746.0,1245.4168985210133
431790,258.5833333333333,280872.0,1086.1952948759265
431795,36.916666666666664,35896.0,972.352144469526
431800,1379.8333333333333,993059.0,719.6948906872811
431805,24.833333333333332,31504.0,1268.6174496644296
431810,964.9166666666666,818657.0,848.4224889886865
431820,778.8333333333334,886301.0,1137.9854483201368
431830,2714.3333333333335,1932336.0,711.9007736706374
431840,1171.5833333333333,1647742.0,1406.423216444982
431842,82.75,93060.0,1124.5921450151056
431843,103.25,129138.0,1250.7312348668281
431844,26.583333333333332,43218.0,1625.755485893417
431845,195.5,288016.0,1473.227621483376
431846,162.5,327101.0,2012.9292307692308
431848,18.666666666666668,27447.0,1470.375
431849,15.25,18175.0,1191.8032786885246
431850,1324.4166666666667,1126720.0,850.7292518718932
431860,188.91666666666666,163287.0,864.3334803705338
431861,15.166666666666666,27311.0,1800.7252747252749
431862,193.33333333333334,340257.0,1759.9499999999998
431870,7486.666666666667,11431164.0,1526.8696349065003
431880,1336.0833333333333,1321241.0,988.8911619784195
431890,943.3333333333334,767725.0,813.8427561837456
431900,269.75,357154.0,1324.0185356811862
431910,93.83333333333333,96951.0,1033.2255772646538
431912,225.58333333333334,231752.0,1027.3454008127078
431915,521.4166666666666,582401.0,1116.9589260028768
431920,603.3333333333334,953073.0,1579.6790055248619
431930,224.75,199097.0,885.8598442714127
431935,17.166666666666668,21552.0,1255.4563106796115
431936,75.33333333333333,73301.0,973.0221238938053
431937,37.583333333333336,41410.0,1101.8181818181818
431940,807.5833333333334,1192276.0,1476.3504282323804
431950,580.1666666666666,720406.0,1241.7224935363402
431960,874.4166666666666,673400.0,770.1134089392929
431970,58.75,63404.0,1079.2170212765957
431971,6.583333333333333,8656.0,1314.8354430379748
431973,250.16666666666666,360015.0,1439.1005996002666
431975,2.4166666666666665,5525.0,2286.206896551724
431980,349.5833333333333,415871.0,1189.6190703218117
431990,1795.8333333333333,3119934.0,1737.3182366589328
432000,3853.5833333333335,3973300.0,1031.0663235516727
432010,611.75,914695.0,1495.210461789947
432020,516.4166666666666,527561.0,1021.5801194126191
432023,119.75,162454.0,1356.6096033402923
432026,345.9166666666667,249339.0,720.8065526379186
432030,80.58333333333333,120339.0,1493.3485005170633
432032,107.58333333333333,128090.0,1190.6119287374129
432035,297.8333333333333,311800.0,1046.8942361499721
432040,142.83333333333334,271769.0,1902.7001166861141
432045,47.583333333333336,60947.0,1280.847635726795
432050,166.08333333333334,215353.0,1296.6562970396387
432055,150.58333333333334,93290.0,619.5240730492528
432057,79.16666666666667,67137.0,848.0463157894736
432060,54.166666666666664,48614.0,897.4892307692309
432065,55.083333333333336,61102.0,1109.2647503782148
432067,402.8333333333333,621536.0,1542.9110467521723
432070,467.8333333333333,477338.0,1020.3163519771999
432080,1504.3333333333333,1575487.0,1047.299135829825
432085,124.75,189045.0,1515.3907815631262
432090,331.4166666666667,467392.0,1410.2851395524265
432100,139.16666666666666,133881.0,962.0191616766467
432110,377.0833333333333,271605.0,720.2784530386741
432120,944.5833333333334,1124807.0,1190.7970004411115
432130,1079.8333333333333,1313537.0,1216.425682975768
432132,53.416666666666664,67471.0,1263.1076443057723
432135,350.8333333333333,368359.0,1049.9543942992875
432140,701.25,1373004.0,1957.9379679144386
432143,541.5,862920.0,1593.573407202216
432145,200.5,297298.0,1482.783042394015
432146,35.166666666666664,34965.0,994.2654028436019
432147,115.66666666666667,94636.0,818.178674351585
432149,99.91666666666667,87916.0,879.8932443703086
432150,974.4166666666666,1191126.0,1222.3990421619774
432160,1611.5,1825631.0,1132.8768228358672
432162,9.083333333333334,5525.0,608.256880733945
432163,3.25,3114.0,958.1538461538462
432166,215.41666666666666,270387.0,1255.1814313346229
432170,346.9166666666667,565568.0,1630.2704780206582
432180,712.6666666666666,946397.0,1327.965855940131
432183,106.0,110216.0,1039.7735849056603
432185,203.91666666666666,245878.0,1205.7768696362893
432190,668.5833333333334,988943.0,1479.1619095101582
432195,248.66666666666666,289467.0,1164.0764075067025
432200,1032.25,1427639.0,1383.0360862194236
432210,110.83333333333333,130413.0,1176.6586466165413
432215,328.5,270725.0,824.1248097412481
432218,47.333333333333336,68206.0,1440.9718309859154
432220,1437.0833333333333,1728813.0,1203.0012177442738
432225,27.25,50640.0,1858.348623853211
432230,167.75,218847.0,1304.602086438152
432232,123.33333333333333,123980.0,1005.2432432432432
432234,22.833333333333332,18902.0,827.8248175182482
432235,8.25,7939.0,962.3030303030303
432237,182.08333333333334,137683.0,756.153775743707
432240,6079.5,8552275.0,1406.7398634756148
432250,2004.5833333333333,2882002.0,1437.706256495531
432252,126.33333333333333,184510.0,1460.5013192612137
432253,187.75,158909.0,846.3861517976032
432254,38.666666666666664,56065.0,1449.9568965517242
432255,22.416666666666668,38954.0,1737.724907063197
432260,1727.6666666666667,2127034.0,1231.1599459772333
432270,619.75,704068.0,1136.0516337232755
432280,283.8333333333333,410625.0,1446.7116852613037
432285,4.0,6661.0,1665.25
432290,62.75,54447.0,867.6812749003984
432300,9532.666666666666,13981021.0,1466.643226799077
432310,369.25,637239.0,1725.765741367637
432320,29.416666666666668,50211.0,1706.8895184135977
432330,15.25,16546.0,1084.983606557377
432335,15.583333333333334,27457.0,1761.946524064171
432340,31.0,46385.0,1496.2903225806451
432345,372.0,426443.0,1146.3521505376343
432350,75.91666666666667,96578.0,1272.15806805708
432360,12.916666666666666,20028.0,1550.5548387096776
432370,115.5,155183.0,1343.5757575757575
432375,183.75,174259.0,948.3482993197279
432377,8.916666666666666,10354.0,1161.1962616822432
432380,364.1666666666667,665133.0,1826.4521739130435
500020,774.9166666666666,1509944.0,1948.5243574577912
500025,267.9166666666667,374775.0,1398.8491446345256
500060,2754.6666666666665,5189151.0,1883.7673039690224
500070,1369.8333333333333,1622074.0,1184.1396763596545
500080,457.5,540981.0,1182.472131147541
500085,584.1666666666666,741410.0,1269.1754636233952
500090,598.75,970089.0,1620.1903966597076
500100,1075.4166666666667,1729850.0,1608.5393258426966
500110,1914.75,2362691.0,1233.9422901162031
500124,845.5833333333334,1338007.0,1582.3478860747018
500150,353.4166666666667,508292.0,1438.2230605989153
500190,998.75,1026087.0,1027.3712140175219
500200,776.9166666666666,963120.0,1239.6696342379064
500210,1611.75,1601713.0,993.7726074143012
500215,509.25,882396.0,1732.7363770250367
500220,634.6666666666666,887873.0,1398.9595588235295
500230,648.3333333333334,848848.0,1309.277120822622
500240,1266.4166666666667,2636334.0,2081.727182996644
500260,751.0,1021395.0,1360.046604527297
500270,27244.333333333332,35204603.0,1292.1807470666683
500280,408.8333333333333,527569.0,1290.4256013045251
500290,709.6666666666666,982334.0,1384.2188821042744
500295,601.0,847268.0,1409.7637271214642
500310,286.25,377922.0,1320.2515283842795
500315,1644.4166666666667,3659339.0,2225.3113059342218
500320,5679.0,6821880.0,1201.2466983623876
500325,1201.9166666666667,1765217.0,1468.6683768980101
500330,1896.1666666666667,1832144.0,966.235738771205
500345,542.9166666666666,613690.0,1130.3576362240983
500348,932.25,1502240.0,1611.4132475194422
500350,303.9166666666667,606914.0,1996.9750479846448
500370,7973.666666666667,13322197.0,1670.774256929058
500375,635.5833333333334,841766.0,1324.3991084305756
500380,774.9166666666666,676703.0,873.2590601139908
500390,140.0,197268.0,1409.057142857143
500400,411.5833333333333,485700.0,1180.076938651549
500410,821.1666666666666,1186790.0,1445.2486299979705
500430,758.4166666666666,883426.0,1164.8293594110537
500440,282.5833333333333,373240.0,1320.8139191978769
500450,274.6666666666667,319483.0,1163.1662621359224
500460,781.9166666666666,1017121.0,1300.8048598529256
500470,559.3333333333334,452596.0,809.1704410011919
500480,1091.0,2734766.0,2506.659945004583
500490,205.16666666666666,229451.0,1118.3639317627944
500500,1039.3333333333333,865903.0,833.1330981398332
500510,229.91666666666666,346531.0,1507.2026096411744
500515,603.5833333333334,970251.0,1607.484743890653
500520,1162.9166666666667,1531766.0,1317.1760659261913
500525,393.5,745799.0,1895.2960609911054
500540,735.8333333333334,616539.0,837.8785956964892
500560,2685.5,4817351.0,1793.837646620741
500568,995.8333333333334,886852.0,890.5626778242678
500570,1735.5,2150243.0,1238.9760875828292
500580,1101.6666666666667,1259160.0,1142.9591527987895
500600,799.9166666666666,972191.0,1215.3653505573498
500620,1979.5833333333333,2440933.0,1233.0539254893706
500625,114.75,148956.0,1298.0915032679738
500627,175.91666666666666,218838.0,1243.9867361440076
500630,1437.6666666666667,1689626.0,1175.2557384651054
500635,1361.9166666666667,4130672.0,3032.9843969895364
500640,565.8333333333334,926537.0,1637.4733431516936
500660,4812.333333333333,5065017.0,1052.5075154117892
500690,493.5833333333333,390968.0,792.1013000168833
500710,892.6666666666666,931570.0,1043.5810306198657
500720,1218.9166666666667,1515995.0,1243.7232515211595
500730,201.66666666666666,243253.0,1206.213223140496
500740,1242.5,1686634.0,1357.4519114688128
500750,236.41666666666666,366715.0,1551.138526612619
500755,154.41666666666666,182093.0,1179.231516459795
500769,760.5833333333334,834995.0,1097.8349950695738
500770,366.6666666666667,457969.0,1249.0063636363636
500780,260.8333333333333,266383.0,1021.276677316294
500790,2596.6666666666665,3195419.0,1230.5849807445443
500793,603.75,633167.0,1048.7238095238095
500795,1248.4166666666667,2578077.0,2065.077364661905
500797,182.41666666666666,171703.0,941.2681589767018
500800,601.9166666666666,483809.0,803.7807005399419
500830,3369.5,3993474.0,1185.1829648315775
500840,333.6666666666667,367690.0,1101.968031968032
510010,655.0,773745.0,1181.2900763358778
510020,590.75,742447.0,1256.787134997884
510025,1742.0833333333333,2607666.0,1496.866395599139
510030,728.9166666666666,802519.0,1100.9749628444038
510035,434.25,604457.0,1391.9562464018422
510040,716.1666666666666,979533.0,1367.7444728880614
510050,830.6666666666666,916253.0,1103.0333065810594
510060,244.08333333333334,253175.0,1037.2482075793787
510080,370.4166666666667,428833.0,1157.704386951631
510100,191.41666666666666,238993.0,1248.5485415759688
510120,72.25,110443.0,1528.6228373702422
510125,753.1666666666666,994720.0,1320.716972781589
510130,402.4166666666667,483949.0,1202.6067508800993
510140,1079.5,1135365.0,1051.7508105604447
510160,756.75,1319405.0,1743.515031384209
510170,1532.8333333333333,1961589.0,1279.714472110471
510180,3287.3333333333335,4102469.0,1247.962583654431
510183,0.0,0.0,0.0
510185,452.4166666666667,759448.0,1678.6472646896298
510190,482.8333333333333,570685.0,1181.9502934069728
510250,6030.916666666667,7446747.0,1234.7620455707397
510260,949.4166666666666,3842409.0,4047.1261300798737
510263,564.0833333333334,787898.0,1396.775890087162
510267,769.25,991661.0,1289.1270718232045
510268,325.3333333333333,551352.0,1694.7295081967213
510269,260.1666666666667,229399.0,881.7386290839205
510270,829.25,1587605.0,1914.507084715104
510279,517.3333333333334,663699.0,1282.923324742268
510285,306.4166666666667,262103.0,855.3810171335327
510300,1329.5833333333333,1664368.0,1251.7966781573175
510305,285.0,377151.0,1323.3368421052633
510310,252.41666666666666,283515.0,1123.2023770221197
510320,838.75,786340.0,937.5141579731744
510325,1379.9166666666667,1205521.0,873.6186967812065
510330,791.0,2217201.0,2803.0353982300885
510335,1935.8333333333333,3410048.0,1761.5400774860095
510336,153.91666666666666,285605.0,1855.582024905252
510337,406.5833333333333,279909.0,688.4418938307031
510340,19958.916666666668,18392429.0,921.5143941513192
510343,315.3333333333333,437064.0,1386.0380549682875
510345,407.0833333333333,674979.0,1658.0855680655068
510350,787.0833333333334,1058106.0,1344.3379565907887
510360,608.4166666666666,1084781.0,1782.9574030954666
510370,608.6666666666666,1246269.0,2047.5394304490692
510380,131.0,144677.0,1104.4045801526718
510385,451.0,1575592.0,3493.552106430155
510390,401.5833333333333,599370.0,1492.5171197343848
510395,218.16666666666666,410471.0,1881.4560733384264
510410,1668.5,2746889.0,1646.3224453101589
510420,900.6666666666666,782876.0,869.2183567727609
510450,57.666666666666664,53189.0,922.3526011560695
510452,196.66666666666666,349615.0,1777.7033898305085
510454,332.25,612004.0,1841.9984951091046
510455,272.1666666666667,355314.0,1305.5015309246785
510460,649.1666666666666,695011.0,1070.6202824133504
510480,1282.0833333333333,1602798.0,1250.1511862203445
510490,740.0,948254.0,1281.4243243243243
510500,354.5,310924.0,877.0775740479548
510510,1039.5833333333333,1421418.0,1367.2958717434872
510515,1238.5833333333333,1511979.0,1220.732557357196
510517,287.0,258486.0,900.6480836236934
510520,503.4166666666667,486721.0,966.8352921701704
510523,387.25,518247.0,1338.275016139445
510525,1583.5833333333333,2757750.0,1741.4618744408779
510530,208.5,363241.0,1742.1630695443646
510550,839.6666666666666,1144341.0,1362.8515283842796
510558,795.9166666666666,1295914.0,1628.203120092137
510560,311.0,367400.0,1181.3504823151125
510562,1524.6666666666667,1502631.0,985.5472234368167
510590,1017.1666666666666,1845242.0,1814.0999508438474
510600,376.5833333333333,578328.0,1535.723832706351
510610,951.8333333333334,1429444.0,1501.779723340921
510615,942.5,1282040.0,1360.2546419098144
510617,386.4166666666667,1144008.0,2960.5555315937027
510618,423.5833333333333,534631.0,1262.1625024591776
510619,142.91666666666666,183985.0,1287.3586005830905
510620,168.0,115585.0,688.0059523809524
510621,379.9166666666667,450066.0,1184.6440008773852
510622,926.6666666666666,986694.0,1064.7776978417266
510623,792.5,918094.0,1158.4782334384859
510624,220.25,335417.0,1522.8921679909195
510625,478.1666666666667,564561.0,1180.6782851167654
510626,330.5833333333333,308069.0,931.8951348626166
510627,123.33333333333333,115831.0,939.1702702702703
510628,457.6666666666667,513739.0,1122.5178441369264
510629,475.8333333333333,525858.0,1105.1306479859895
510630,614.4166666666666,862216.0,1403.308286993083
510631,201.66666666666666,430646.0,2135.4347107438016
510637,946.1666666666666,920671.0,973.0537255592743
510642,2164.25,3291314.0,1520.7642370336143
510645,254.0,237692.0,935.7952755905512
510650,3165.5,3204853.0,1012.4318433106935
510665,357.3333333333333,446009.0,1248.1595149253733
510670,120.91666666666667,164496.0,1360.407994486561
510675,1633.9166666666667,1814958.0,1110.802060488601
510677,735.6666666666666,1070143.0,1454.6574535568645
510680,123.08333333333333,152248.0,1236.9505754908598
510682,465.5833333333333,452509.0,971.9183819581172
510685,176.41666666666666,259284.0,1469.7250826641475
510700,1528.25,3047919.0,1994.3850809749713
510704,1806.0833333333333,1999157.0,1106.9018594564666
510706,714.3333333333334,1778206.0,2489.3224451703218
510710,681.8333333333334,699686.0,1026.1833292593496
510715,167.16666666666666,205367.0,1228.516450648056
510718,602.25,1072027.0,1780.0365296803652
510719,128.16666666666666,139278.0,1086.6944083224969
510720,255.16666666666666,310163.0,1215.5310254735468
510724,195.75,332915.0,1700.7151979565772
510726,211.66666666666666,287553.0,1358.5181102362205
510729,75.5,78030.0,1033.5099337748345
510730,853.5,862862.0,1010.9689513766842
510735,432.4166666666667,944888.0,2185.133166313355
510740,225.58333333333334,265245.0,1175.8182489841151
510757,196.33333333333334,228258.0,1162.60441426146
510760,8415.833333333334,7845436.0,932.2233092385384
510770,1550.9166666666667,2277434.0,1468.443823545215
510774,109.5,163095.0,1489.4520547945206
510775,119.16666666666667,137562.0,1154.3664335664334
510776,104.16666666666667,159314.0,1529.4144
510777,648.9166666666666,806480.0,1242.8098112238347
510779,236.41666666666666,608382.0,2573.3464927740574
510780,1319.1666666666667,1466412.0,1111.6199620972836
510785,351.0,392033.0,1116.903133903134
510787,549.6666666666666,579774.0,1054.773802304427
510788,135.41666666666666,150124.0,1108.6080000000002
510790,2735.5,2953097.0,1079.5456040943154
510792,1866.8333333333333,2275951.0,1219.15061155254
510794,318.25,274401.0,862.2183817753339
510795,2006.8333333333333,2476815.0,1234.1906818370567
510800,323.3333333333333,327923.0,1014.1948453608248
510805,440.0,524828.0,1192.790909090909
510810,156.08333333333334,135195.0,866.1719167111585
510820,176.91666666666666,185810.0,1050.2684879886954
510830,304.75,689946.0,2263.9737489745694
510835,187.66666666666666,311872.0,1661.8401420959149
510840,14883.0,16176062.0,1086.8818114627427
510850,328.0,325645.0,992.8201219512196
510860,437.0833333333333,357686.0,818.3473784556721
510880,239.25,197800.0,826.7502612330198
510885,144.0,190715.0,1324.4097222222222
510890,215.33333333333334,265187.0,1231.518575851393
510895,387.75,520429.0,1342.1766602192133
520005,810.6666666666666,855678.0,1055.5238486842106
520010,714.4166666666666,733938.0,1027.32485710953
520013,730.75,674599.0,923.159767362299
520015,153.83333333333334,147901.0,961.4366197183098
520017,454.9166666666667,567941.0,1248.4506319838797
520020,165.75,273099.0,1647.656108597285
520025,14668.666666666666,21505336.0,1466.0729900468118
520030,1947.75,2769328.0,1421.8087536901553
520050,122.25,115668.0,946.1595092024539
520055,398.9166666666667,577037.0,1446.510131606434
520060,407.3333333333333,440241.0,1080.7880523731587
520080,663.6666666666666,723254.0,1089.785032646911
520082,350.9166666666667,252510.0,719.57254808834
520085,316.75,303706.0,958.8192580899763
520090,291.4166666666667,290074.0,995.3926222476408
520110,7506.5,6077219.0,809.5942183441018
520120,33.166666666666664,61635.0,1858.3417085427136
520130,1219.1666666666667,1164078.0,954.8144907723854
520140,9888.25,7714588.0,780.1772811164766
520145,183.08333333333334,230203.0,1257.367319071461
520150,207.25,289371.0,1396.2412545235222
520160,219.41666666666666,194368.0,885.8397265476643
520170,1600.9166666666667,2319860.0,1449.0822966009057
520180,761.0833333333334,1020565.0,1340.937260483959
520215,508.1666666666667,503941.0,991.6844867169564
520235,159.0,173863.0,1093.4779874213837
520250,368.8333333333333,337640.0,915.4270221418889
520260,220.58333333333334,172480.0,781.9267094824329
520280,240.83333333333334,264636.0,1098.8346020761246
520310,239.83333333333334,199571.0,832.1236970118138
520320,536.3333333333334,786471.0,1466.3847110006213
520330,1250.6666666666667,1759587.0,1406.9192430703624
520340,740.4166666666666,744304.0,1005.2501969611706
520350,1001.1666666666666,940292.0,939.1962710171467
520355,469.8333333333333,378615.0,805.8495920539199
520357,304.0833333333333,474700.0,1561.0852288298165
520360,165.58333333333334,194255.0,1173.155510820332
520380,376.4166666666667,526835.0,1399.6059331414656
520390,272.9166666666667,252725.0,926.0152671755725
520393,124.75,100119.0,802.557114228457
520396,394.4166666666667,389199.0,986.7711810690894
520400,720.4166666666666,1057099.0,1467.343898207056
520410,410.1666666666667,527060.0,1284.9898415278342
520420,144.08333333333334,200965.0,1394.7831116252169
520425,304.0,296436.0,975.1184210526316
520430,245.75,195327.0,794.8199389623601
520440,642.6666666666666,619999.0,964.728734439834
520450,2745.9166666666665,2226235.0,810.7438317501745
520455,199.75,190620.0,954.2928660826033
520460,369.0833333333333,578204.0,1566.5947166403253
520465,351.0,601965.0,1715.0
520470,766.25,648819.0,846.7458401305057
520480,231.41666666666666,247851.0,1071.0162045372704
520485,671.9166666666666,1052290.0,1566.1019471660672
520490,1527.6666666666667,1344417.0,880.046039711979
520495,677.9166666666666,899451.0,1326.7869698832208
520500,385.25,439290.0,1140.2725502920182
520505,255.25,394817.0,1546.7855044074438
520510,1915.5833333333333,2349461.0,1226.4989776830382
520520,338.9166666666667,310851.0,917.1900663880009
520530,826.8333333333334,1026575.0,1241.5742793791574
520540,619.25,780561.0,1260.4941461445296
520545,326.3333333333333,418869.0,1283.561797752809
520547,249.75,324007.0,1297.3253253253254
520549,4986.833333333333,7493875.0,1502.7321947795863
520551,1964.6666666666667,2491198.0,1268.0003393281302
520552,367.5833333333333,448910.0,1221.2468827930174
520570,130.08333333333334,126673.0,973.7834721332479
520580,911.4166666666666,775326.0,850.6822711895401
520590,323.3333333333333,339621.0,1050.3742268041237
520620,2932.8333333333335,3651150.0,1244.9224299596522
520630,170.58333333333334,202158.0,1185.0981924767952
520640,810.5833333333334,792675.0,977.9068572016038
520650,301.75,378031.0,1252.7953603976803
520660,94.5,78533.0,831.0370370370371
520670,415.5833333333333,578260.0,1391.4417485462202
520680,207.91666666666666,157792.0,758.9194388777555
520690,85.25,82530.0,968.0938416422288
520710,150.41666666666666,129001.0,857.624376731302
520725,523.75,690677.0,1318.7150357995226
520735,184.75,203843.0,1103.345060893099
520740,666.8333333333334,829290.0,1243.6240939765057
520750,163.75,149847.0,915.0961832061068
520753,417.25,448782.0,1075.5710005991612
520760,557.4166666666666,868058.0,1557.287486918822
520780,528.75,488466.0,923.8127659574468
520790,1211.8333333333333,1306113.0,1077.799202310549
520800,6474.916666666667,6909714.0,1067.1510315448074
520810,501.0833333333333,478369.0,954.6695493098288
520815,137.5,166591.0,1211.570909090909
520830,738.3333333333334,962793.0,1304.0085778781038
520840,906.0833333333334,670766.0,740.2917318127471
520850,199.83333333333334,170601.0,853.7164303586321
520860,2035.5833333333333,2135022.0,1048.8502067384452
520870,29603.0,31394990.0,1060.5340674931595
520880,1940.9166666666667,2199703.0,1133.3320166587953
520890,1301.5,1577488.0,1212.0537840952748
520910,1028.25,1075770.0,1046.2144420131292
520915,169.25,168027.0,992.7740029542098
520920,1267.5,1177664.0,929.1234714003945
520929,206.75,156586.0,757.3688029020557
520940,447.75,759202.0,1695.5935231714127
520945,228.0,166897.0,732.0043859649123
520960,362.1666666666667,259146.0,715.5434882650713
520970,728.0833333333334,685454.0,941.4499256037541
520980,234.83333333333334,193421.0,823.652235628105
520990,1360.0,1418302.0,1042.8691176470588
520993,365.8333333333333,455746.0,1245.7749430523918
520995,680.8333333333334,625115.0,918.1615667074662
521000,1972.6666666666667,2274020.0,1152.7644474484623
521010,1377.5,1815859.0,1318.227949183303
521015,273.1666666666667,203943.0,746.5881635143379
521020,516.4166666666666,366041.0,708.8094239147975
521030,140.41666666666666,139937.0,996.5839762611276
521040,2124.0833333333335,2046580.0,963.5121032602299
521056,239.5,191287.0,798.6931106471816
521060,309.5833333333333,246017.0,794.6713324360701
521080,216.75,244268.0,1126.957324106113
521090,644.4166666666666,479076.0,743.4258373205743
521100,605.4166666666666,569058.0,939.9443909153476
521120,1371.0833333333333,1162614.0,847.9528353491764
521130,224.91666666666666,245784.0,1092.7780659503521
521140,411.5,504489.0,1225.9756986634266
521150,3429.5,3141084.0,915.9014433590902
521160,185.0,177399.0,958.9135135135135
521170,389.5833333333333,439021.0,1126.8988235294119
521180,2496.0,2880658.0,1154.1097756410256
521190,2124.6666666666665,2427318.0,1142.4465014119862
521200,228.41666666666666,296903.0,1299.8307187157973
521205,250.08333333333334,270483.0,1081.5714761746085
521210,111.66666666666667,98446.0,881.6059701492537
521220,927.25,810428.0,874.0124022647614
521225,96.83333333333333,119005.0,1228.9672977624784
521230,584.25,619212.0,1059.8408215661104
521250,10109.833333333334,8701765.0,860.7228935524819
521260,191.5,183134.0,956.313315926893
521270,922.6666666666666,918027.0,994.9714595375723
521280,641.5,708214.0,1103.9968823070928
521290,147.08333333333334,244360.0,1661.3711048158639
521295,439.6666666666667,511423.0,1163.2062168309324
521300,758.9166666666666,933670.0,1230.2668277149446
521305,253.91666666666666,293604.0,1156.3006235641615
521308,1726.5833333333333,2500765.0,1448.3894010328684
521310,2357.3333333333335,2951261.0,1251.9489536199094
521340,144.58333333333334,171932.0,1189.1550432276656
521350,927.9166666666666,1284764.0,1384.5682981589582
521370,218.33333333333334,193823.0,887.7389312977099
521375,280.8333333333333,344327.0,1226.0902077151336
521377,627.3333333333334,800806.0,1276.5239107332625
521380,1176.3333333333333,1524077.0,1295.616605270615
521385,212.5,316043.0,1487.2611764705882
521390,218.08333333333334,185141.0,848.946121513183
521400,957.1666666666666,1398512.0,1461.0955946369495
521405,457.6666666666667,603222.0,1318.037873270211
521410,287.4166666666667,220510.0,767.2136851261234
521440,335.1666666666667,264463.0,789.0492292391845
521450,1043.25,1047818.0,1004.378624490774
521460,1693.0833333333333,1336257.0,789.2446719495989
521470,122.91666666666667,144511.0,1175.6827118644067
521480,75.5,75161.0,995.5099337748344
521483,734.3333333333334,685368.0,933.3200181570585
521486,742.6666666666666,739447.0,995.6647217235189
521487,130.25,117792.0,904.3531669865642
521490,383.8333333333333,586530.0,1528.085106382979
521500,752.4166666666666,1521693.0,2022.4073540812938
521520,187.0,163787.0,875.8663101604278
521523,3969.5,3938078.0,992.084141579544
521525,434.25,460276.0,1059.9332181922855
521530,502.0833333333333,549572.0,1094.583236514523
521540,261.5,202459.0,774.2217973231358
521550,241.91666666666666,231103.0,955.3000344471237
521560,1503.1666666666667,1576034.0,1048.475884244373
521565,226.83333333333334,196099.0,864.5069801616459
521570,515.1666666666666,432422.0,839.3827240375284
521580,83.5,101848.0,1219.7365269461077
521590,228.0,213267.0,935.3815789473684
521600,98.16666666666667,153141.0,1560.0101867572155
521630,381.6666666666667,371158.0,972.4663755458515
521640,504.5833333333333,558400.0,1106.655656482246
521645,137.16666666666666,135936.0,991.0279465370596
521680,283.25,216801.0,765.405119152692
521690,244.33333333333334,356420.0,1458.7448840381992
521710,699.3333333333334,827683.0,1183.5314585319352
521720,680.3333333333334,791685.0,1163.6722195002449
521730,1133.5,1127823.0,994.9916188795765
521740,1175.3333333333333,1242610.0,1057.2404991491776
521760,5295.5,4909730.0,927.151354923992
521770,799.25,624800.0,781.7328745699093
521800,2211.8333333333335,2192261.0,991.1510813051012
521805,157.5,182898.0,1161.2571428571428
521810,184.5,242422.0,1313.940379403794
521830,2638.1666666666665,3287615.0,1246.1741108092742
521839,238.5,295522.0,1239.0859538784066
521850,1065.3333333333333,1137522.0,1067.761576971214
521860,378.8333333333333,435813.0,1150.4082710074792
521870,176.08333333333334,141948.0,806.1410317084714
521878,179.25,271272.0,1513.3723849372384
521880,5660.416666666667,6569447.0,1160.5942436510857
521890,723.0833333333334,539438.0,746.0246629019246
521900,247.0,204098.0,826.3076923076923
521910,303.4166666666667,343943.0,1133.5666025817081
521920,155.08333333333334,213382.0,1375.9183234819989
521925,217.83333333333334,292529.0,1342.902830910482
521930,1457.4166666666667,1344912.0,922.80542055006
521935,299.4166666666667,221871.0,741.0108544391873
521940,351.9166666666667,315039.0,895.2090930618043
521945,245.08333333333334,301703.0,1231.0221013260796
521950,232.0,189829.0,818.2284482758621
521960,239.83333333333334,346765.0,1445.858234885337
521970,1133.25,1301067.0,1148.0847121111847
521971,212.83333333333334,206144.0,968.5700861393891
521973,438.1666666666667,845513.0,1929.6607074933434
521975,5407.0,5351534.0,989.7418161642315
521980,1229.0833333333333,1201625.0,977.6595023391417
521990,393.6666666666667,372616.0,946.5266723116002
522000,873.6666666666666,1093702.0,1251.8527279664252
522005,100.75,103946.0,1031.7220843672458
522010,1149.8333333333333,1272998.0,1107.1152340918975
522015,331.3333333333333,313681.0,946.7233400402415
522020,1558.0833333333333,1256567.0,806.4825373054501
522026,199.5,267571.0,1341.2080200501252
522028,136.75,132079.0,965.8427787934187
522040,963.9166666666666,1312492.0,1361.6239301461053
522045,4399.25,4471791.0,1016.4894016025459
522050,314.4166666666667,407002.0,1294.4670023853696
522060,966.0833333333334,882498.0,913.4802035711205
522068,841.5833333333334,1193460.0,1418.1126844242003
522070,337.75,511476.0,1514.3626943005181
522100,196.58333333333334,209958.0,1068.0356083086053
522108,464.0833333333333,765854.0,1650.2510325013468
522119,513.1666666666666,555120.0,1081.7538161740827
522130,153.5,235321.0,1533.0358306188925
522140,5024.666666666667,5576447.0,1109.814316040865
522145,244.91666666666666,207697.0,848.0313031643417
522150,282.1666666666667,277638.0,983.9503839338452
522155,337.75,399061.0,1181.5277572168764
522157,266.5833333333333,446965.0,1676.642700844014
522160,985.75,721902.0,732.3378138473244
522170,985.1666666666666,781950.0,793.723566232448
522180,96.41666666666667,134518.0,1395.1737251512532
522185,6153.583333333333,4877877.0,792.6888669203581
522190,195.33333333333334,160192.0,820.0955631399318
522200,303.25,319806.0,1054.5952184666116
522205,625.0833333333334,628487.0,1005.4451406479136
522220,451.5,448975.0,994.4075304540421
522230,439.6666666666667,390500.0,888.1728582259287
530010,74506.08333333333,95708645.0,1284.5749060759022
