CO_MUNICIPIO_7,CENSO_NO_MUNICIPIO,RACA_PERC_PRETA_PARDA,RACA_PERC_INDIGENA,CENSO_PERC_HOMENS,CENSO_PERC_MULHERES
1100015,Alta Floresta D'Oeste,0.5774786145000701,0.023559108119478336,0.5178745305327583,0.4821254694672416
1100023,Ariquemes,0.6499011968233847,0.0014540844860370604,0.5013197448493292,0.4986802551506709
1100031,Cabixi,0.5569852941176471,0.0,0.5197328476017,0.4802671523982999
1100049,Cacoal,0.5750975150107376,0.020160406714291975,0.4992637505413599,0.5007362494586401
1100056,Cerejeiras,0.5673729685249949,0.0012343139271754782,0.5048840048840049,0.49511599511599513
1100064,Colorado do Oeste,0.6205935072694683,0.0005974905397331209,0.5,0.5
1100072,Corumbiara,0.6472428627297614,0.001564333202972233,0.5350809560524287,0.46491904394757133
1100080,Costa Marques,0.6912431400620377,0.01765688379861608,0.5228078468447176,0.47719215315528246
1100098,Espigão D'Oeste,0.5489137105683074,0.014606603657788143,0.5016290575600338,0.4983709424399662
1100106,Guajará-Mirim,0.698476343223737,0.10938251804330393,0.5085254183770129,0.4914745816229871
1100114,Jaru,0.689870474925274,0.001195616074393889,0.5030795439654042,0.4969204560345957
1100122,Ji-Paraná,0.6193106362429072,0.010473258481226608,0.4973273148423116,0.5026726851576884
1100130,Machadinho D'Oeste,0.6951566951566952,0.0005478851632697787,0.518230011900898,0.48176998809910204
1100148,Nova Brasilândia D'Oeste,0.6096610169491525,0.001864406779661017,0.528336686787391,0.471663313212609
1100155,Ouro Preto do Oeste,0.6586820851688693,0.003120411160058737,0.5006349782293179,0.49936502177068215
1100189,Pimenta Bueno,0.6185722928009679,0.010889292196007259,0.5155038759689923,0.4844961240310077
1100205,Porto Velho,0.7186728818206746,0.003313878334443182,0.5095020817010032,0.4904979182989968
1100254,Presidente Médici,0.6219512195121951,0.00016260162601626016,0.5151953690303908,0.48480463096960924
1100262,Rio Crespo,0.634009009009009,0.0,0.47816349384098544,0.5218365061590146
1100288,Rolim de Moura,0.6105032822757112,0.0015727571115973743,0.4981134617976014,0.5018865382023986
1100296,Santa Luzia D'Oeste,0.628966639544345,0.0,0.5222045995241872,0.47779540047581287
1100304,Vilhena,0.5693873824522961,0.006984387838948234,0.49390133718829055,0.5060986628117095
1100320,São Miguel do Guaporé,0.6381488811082356,0.005632516364743492,0.5032973621103117,0.49670263788968827
1100338,Nova Mamoré,0.7179448086598567,0.01722823601158713,0.5032123113700882,0.49678768862991185
1100346,Alvorada D'Oeste,0.6601901612236462,0.00020669698222405952,0.5154113084302919,0.48458869156970813
1100379,Alto Alegre dos Parecis,0.6472295514511873,0.00554089709762533,0.531201248049922,0.46879875195007803
1100403,Alto Paraíso,0.645359557467732,0.0006146281499692685,0.5151755604046816,0.4848244395953184
1100452,Buritis,0.6449222419371673,0.0015655985805239536,0.5027709359605911,0.49722906403940886
1100502,Novo Horizonte do Oeste,0.6062478544455887,0.0027463096464126332,0.5228512960436562,0.4771487039563438
1100601,Cacaulândia,0.7059561128526646,0.0,0.4941610325752919,0.505838967424708
1100700,Campo Novo de Rondônia,0.6886486486486486,0.0005405405405405405,0.5216689098250337,0.47833109017496633
1100809,Candeias do Jamari,0.7654405474764756,0.00034217279726261765,0.5049688394812195,0.49503116051878054
1100908,Castanheiras,0.6383616383616384,0.0,0.48454636091724823,0.5154536390827518
1100924,Chupinguaia,0.6778496362166532,0.030719482619240096,0.5201450443190975,0.4798549556809025
1100940,Cujubim,0.710027677240792,0.0006387055567383436,0.5145079899074853,0.4854920100925147
1101005,Governador Jorge Teixeira,0.6738362760834671,0.006741573033707865,0.5247524752475248,0.4752475247524752
1101104,Itapuã do Oeste,0.7625984251968504,0.002362204724409449,0.5247177890229662,0.4752822109770339
1101203,Ministro Andreazza,0.565615141955836,0.0006309148264984228,0.49499374217772213,0.5050062578222778
1101302,Mirante da Serra,0.6120965396917709,0.013375981389938936,0.49384483252218725,0.5061551674778128
1101401,Monte Negro,0.675451439726696,0.0002440214738897023,0.5191654536632703,0.48083454633672973
1101435,Nova União,0.6694000863185153,0.0,0.544206008583691,0.455793991416309
1101450,Parecis,0.549792531120332,0.009681881051175657,0.5386206896551724,0.4613793103448276
1101468,Pimenteiras do Oeste,0.674565560821485,0.004739336492890996,0.5206738131699847,0.4793261868300153
1101476,Primavera de Rondônia,0.5672097759674134,0.003054989816700611,0.5235707121364093,0.4764292878635908
1101484,São Felipe D'Oeste,0.6039166140240051,0.0012634238787113076,0.4912609238451935,0.5087390761548065
1101492,São Francisco do Guaporé,0.6316973415132925,0.02556237218813906,0.5128934010152284,0.4871065989847716
1101500,Seringueiras,0.6227897838899804,0.0008419870895312938,0.5165507649513212,0.4834492350486787
1101559,Teixeirópolis,0.6556570625439213,0.0007027406886858749,0.5320468642315644,0.46795313576843556
1101609,Theobroma,0.692929292929293,0.0006734006734006734,0.5327410332346166,0.46725896676538337
1101708,Urupá,0.6328912466843502,0.0002652519893899204,0.5110062893081762,0.4889937106918239
1101757,Vale do Anari,0.7282568122433744,0.0011198208286674132,0.5214338507021434,0.4785661492978566
1101807,Vale do Paraíso,0.6793002915451894,0.0012494793835901709,0.5127677100494233,0.4872322899505766
1200013,Acrelândia,0.7566803699897225,0.0,0.5200507614213198,0.4799492385786802
1200054,Assis Brasil,0.6657696447793326,0.08772874058127018,0.48843322818086227,0.5115667718191378
1200104,Brasiléia,0.750871344143052,0.005303833914229429,0.5069691577698695,0.4930308422301305
1200138,Bujari,0.8019493177387914,0.0003898635477582846,0.5298139004937333,0.4701860995062666
1200179,Capixaba,0.8412523020257827,0.0,0.513552584026021,0.48644741597397906
1200203,Cruzeiro do Sul,0.7488062951220444,0.01016081592115818,0.4952762451817701,0.50472375481823
1200252,Epitaciolândia,0.7957715780296426,0.00043591979075850045,0.49341825902335457,0.5065817409766454
1200302,Feijó,0.6299688587653416,0.08215790437809123,0.5177241317419008,0.48227586825809926
1200328,Jordão,0.5456484641638225,0.31143344709897613,0.5240938166311301,0.4759061833688699
1200336,Mâncio Lima,0.7763938315539739,0.08778173190984578,0.5187353629976581,0.4812646370023419
1200344,Manoel Urbano,0.7726931732933233,0.06264066016504126,0.5398361876396128,0.46016381236038717
1200351,Marechal Thaumaturgo,0.7644984326018809,0.09443573667711598,0.5289672544080605,0.47103274559193953
1200385,Plácido de Castro,0.765646324819653,0.0003899395593682979,0.5110065851364064,0.4889934148635936
1200393,Porto Walter,0.6912235746316464,0.052210121716848176,0.5262992125984252,0.4737007874015748
1200401,Rio Branco,0.7478493879407518,0.002027013665038464,0.49051869722557295,0.509481302774427
1200427,Rodrigues Alves,0.7934106920845421,0.0004144218814753419,0.5177581605419832,0.48224183945801685
1200435,Santa Rosa do Purus,0.3267641449459631,0.5111252383979656,0.5164765525982256,0.4835234474017744
1200450,Senador Guiomard,0.8296493269070966,0.00016619577862722287,0.5037897113368811,0.49621028866311884
1200500,Sena Madureira,0.8200047180938901,0.02414091373751671,0.5160031225604996,0.4839968774395004
1200609,Tarauacá,0.7317994505494505,0.040865384615384616,0.5168678683644783,0.48313213163552177
1200708,Xapuri,0.8206006853456964,0.0008062890546260835,0.5210298742138365,0.47897012578616355
1200807,Porto Acre,0.8,0.0004338394793926247,0.5173081057837025,0.48269189421629755
1300029,Alvarães,0.7923497267759563,0.07587221521647751,0.518137974418117,0.481862025581883
1300060,Amaturá,0.6485207100591716,0.3106508875739645,0.5041371158392435,0.4958628841607565
1300086,Anamã,0.9016724336793541,0.010957324106113034,0.5365853658536586,0.4634146341463415
1300102,Anori,0.8285866856532574,0.025097899608401565,0.5170697012802276,0.4829302987197724
1300144,Apuí,0.6470901348474095,0.0039034776437189495,0.5079420492232501,0.49205795077674985
1300201,Atalaia do Norte,0.5223525100769513,0.39281788200806156,0.5211113142021568,0.47888868579784316
1300300,Autazes,0.5915303176130895,0.21453320500481232,0.526064540767615,0.47393545923238495
1300409,Barcelos,0.5947677522690871,0.3147891083822744,0.5217575436739015,0.47824245632609846
1300508,Barreirinha,0.7300464293610436,0.17919522440857838,0.5284660279704878,0.4715339720295122
1300607,Benjamin Constant,0.6174319203313651,0.29840486472195293,0.5101434067855893,0.4898565932144106
1300631,Beruri,0.8804619826756497,0.029451395572666024,0.5192159877017679,0.48078401229823214
1300680,Boa Vista do Ramos,0.8954851104707012,0.00595581171950048,0.5269002488991001,0.47309975110089986
1300706,Boca do Acre,0.7244377811094452,0.025387306346826587,0.5270096144315591,0.47299038556844086
1300805,Borba,0.720595658758203,0.16717146222446574,0.5179199464076369,0.4820800535923631
1300839,Caapiranga,0.8744635193133047,0.0013412017167381974,0.5222607304718742,0.47773926952812584
1300904,Canutama,0.7942958101968702,0.012367491166077738,0.514616935483871,0.48538306451612906
1301001,Carauari,0.7801238116294494,0.006632765863365023,0.5177891415515178,0.4822108584484822
1301100,Careiro,0.7955141275852025,0.01796290902029323,0.5053876227710499,0.49461237722895013
1301159,Careiro da Várzea,0.8178629249865084,0.02077711818672423,0.5199893744189136,0.4800106255810865
1301209,Coari,0.8523364485981308,0.004507971412864211,0.5121483144440019,0.4878516855559981
1301308,Codajás,0.873652917131178,0.0008670878236095627,0.5102290824451795,0.48977091755482055
1301407,Eirunepé,0.7134863429438544,0.036039453717754175,0.5124893957960223,0.48751060420397774
1301506,Envira,0.7002393980848153,0.03266073871409029,0.5133526109882633,0.4866473890117367
1301605,Fonte Boa,0.8575648600051374,0.030439249935782172,0.5058763413387839,0.49412365866121616
1301654,Guajará,0.8345015576323987,0.0027258566978193145,0.5258855585831063,0.47411444141689374
1301704,Humaitá,0.762670852135243,0.036426656202995226,0.5233311730395334,0.47666882696046664
1301803,Ipixuna,0.6592312008978676,0.06102693602693603,0.5,0.5
1301852,Iranduba,0.8226046147829488,0.0017207665232694563,0.5096399535423926,0.49036004645760745
1301902,Itacoatiara,0.8010114975986028,0.005676029690001455,0.5073114231938614,0.4926885768061387
1301951,Itamarati,0.7666546633057256,0.08822470291681671,0.5317177476835353,0.4682822523164647
1302009,Itapiranga,0.7888725128960943,0.0007369196757553427,0.5109970674486803,0.48900293255131966
1302108,Japurá,0.6803463855421686,0.1980421686746988,0.5170348184200674,0.4829651815799326
1302207,Juruá,0.7492088607594937,0.05907172995780591,0.5113251757354855,0.4886748242645145
1302306,Jutaí,0.740198552919401,0.14117449099781254,0.5145728643216081,0.48542713567839196
1302405,Lábrea,0.7160288408208542,0.08398700578401078,0.5176275731524568,0.48237242684754317
1302504,Manacapuru,0.8273759754738016,0.003379319955406912,0.5100554785020804,0.48994452149791956
1302553,Manaquiri,0.8057142857142857,0.042585034013605444,0.5030450669914738,0.49695493300852617
1302603,Manaus,0.7440601900739177,0.0020591341077085532,0.49204160758967747,0.5079583924103225
1302702,Manicoré,0.7198259788688627,0.053449347420758235,0.516469933873061,0.483530066126939
1302801,Maraã,0.8310723514211886,0.06314599483204135,0.5260533933740753,0.47394660662592475
1302900,Maués,0.7810613098002787,0.09811890385508593,0.51729732862027,0.48270267137972994
1303007,Nhamundá,0.8794701986754967,0.04552980132450331,0.5229828042328042,0.47701719576719576
1303106,Nova Olinda do Norte,0.855846585594013,0.015060804490177736,0.5039340923817458,0.4960659076182542
1303205,Novo Airão,0.8321896444167186,0.052609690164275316,0.5068266446007448,0.4931733553992553
1303304,Novo Aripuanã,0.8672147136686638,0.013236728438066045,0.5198280643372157,0.48017193566278427
1303403,Parintins,0.8608928467493161,0.010855014259938303,0.5108938466448113,0.4891061533551887
1303502,Pauini,0.7223454833597465,0.11283676703645008,0.5266645629536131,0.47333543704638686
1303536,Presidente Figueiredo,0.7963779339926129,0.021089002740378886,0.516599952907935,0.48340004709206497
1303569,Rio Preto da Eva,0.7668095529699939,0.008328230251071647,0.5097590361445783,0.4902409638554217
1303601,Santa Isabel do Rio Negro,0.3478186775732788,0.6061690524880708,0.5093465674110835,0.49065343258891647
1303700,Santo Antônio do Içá,0.6752528816749,0.2580569277816984,0.5130128956623681,0.48698710433763187
1303809,São Gabriel da Cachoeira,0.18004966887417218,0.7695364238410596,0.5114346824613359,0.48856531753866406
1303908,São Paulo de Olivença,0.4727954971857411,0.4772045028142589,0.5143790849673202,0.48562091503267973
1303957,São Sebastião do Uatumã,0.8884397736459175,0.0010778765831312314,0.5302663438256658,0.46973365617433416
1304005,Silves,0.8469236471460341,0.002223869532987398,0.533751383253412,0.46624861674658796
1304062,Tabatinga,0.5984302325581395,0.29430232558139535,0.49768411301528487,0.5023158869847152
1304104,Tapauá,0.6925470440065195,0.08534597718180471,0.5260509177027827,0.4739490822972173
1304203,Tefé,0.8426612395212483,0.01676600281048602,0.5071611129864494,0.49283888701355066
1304237,Tonantins,0.7565800228870361,0.17263364394310937,0.5086178861788618,0.4913821138211382
1304260,Uarini,0.7890503373118838,0.04462895692786715,0.511472028873421,0.48852797112657903
1304302,Urucará,0.8662674650698603,0.008709853021230268,0.5102485035370942,0.48975149646290583
1304401,Urucurituba,0.85336770866903,0.00016113438607798906,0.5185900531144375,0.48140994688556255
1400027,Amajari,0.4047272727272727,0.548,0.5363108206245462,0.4636891793754539
1400050,Alto Alegre,0.44904654500717656,0.45581299979495593,0.5251681271652741,0.4748318728347259
1400100,Boa Vista,0.7391843731673208,0.03042811386294943,0.4943516699410609,0.505648330058939
1400159,Bonfim,0.48849402854646085,0.43926594815030584,0.5400868306801737,0.45991316931982634
1400175,Cantá,0.7457586618876941,0.13859020310633213,0.5269886363636364,0.47301136363636365
1400209,Caracaraí,0.8234607041548473,0.02586350742532955,0.5172185430463576,0.4827814569536424
1400233,Caroebe,0.7200803212851405,0.05622489959839357,0.5210084033613446,0.4789915966386555
1400282,Iracema,0.664714494875549,0.16617862371888725,0.5097897026831038,0.4902102973168963
1400308,Mucajaí,0.816804100735458,0.028081123244929798,0.5193712641133496,0.48062873588665045
1400407,Normandia,0.4040885860306644,0.5649063032367972,0.5241496598639456,0.47585034013605443
1400456,Pacaraima,0.32567281524039915,0.5872391895978228,0.5033132530120482,0.4966867469879518
1400472,Rorainópolis,0.7909611402119625,0.02290169326349129,0.5278412507516537,0.4721587492483464
1400506,São João da Baliza,0.7491901897269783,0.04627487274409996,0.5059523809523809,0.49404761904761907
1400605,São Luiz,0.711038961038961,0.003246753246753247,0.5141445891333633,0.48585541086663675
1400704,Uiramutã,0.11390585698886094,0.8792669780812074,0.510752688172043,0.489247311827957
1500107,Abaetetuba,0.7937638259770358,0.00048456757610871166,0.5082207561001152,0.4917792438998848
1500131,Abel Figueiredo,0.7803326810176126,0.0014677103718199608,0.5237173281703775,0.4762826718296225
1500206,Acará,0.8933221570271025,0.0011176306230790724,0.5258530111154123,0.47414698888458773
1500305,Afuá,0.8029838709677419,0.0,0.5268359312228829,0.47316406877711714
1500347,Água Azul do Norte,0.7409200968523002,0.00013451708366962604,0.5209332469215814,0.4790667530784187
1500404,Alenquer,0.797319034852547,0.0005361930294906167,0.5192976253609098,0.4807023746390902
1500503,Almeirim,0.8114549653579677,0.02531177829099307,0.5061400293255132,0.4938599706744868
1500602,Altamira,0.7253051798086441,0.04041570438799076,0.49943246311010214,0.5005675368898979
1500701,Anajás,0.8079385403329066,0.00011640088464672332,0.5216482878699942,0.4783517121300058
1500800,Ananindeua,0.7629154399378946,0.0013255994492537095,0.4897219214811478,0.5102780785188522
1500859,Anapu,0.7518512921263413,0.024482393834063775,0.5181116389548693,0.48188836104513066
1500909,Augusto Corrêa,0.8806451612903226,7.331378299120235e-05,0.5314946228692662,0.46850537713073376
1500958,Aurora do Pará,0.8281179648806843,0.0014633048176497074,0.49966747949456886,0.5003325205054312
1501006,Aveiro,0.7691428571428571,0.11047619047619048,0.5288897280966768,0.4711102719033233
1501105,Bagre,0.8239494322837411,0.0,0.5010445682451253,0.49895543175487467
1501204,Baião,0.8500080166746833,0.0010421677088343754,0.5296186745543209,0.4703813254456791
1501253,Bannach,0.6743169398907104,0.03825136612021858,0.5064935064935064,0.4935064935064935
1501303,Barcarena,0.8134265993995481,0.0015785075365997092,0.5027359360590224,0.49726406394097755
1501402,Belém,0.7390678347404918,0.001360400179975121,0.4879004530112387,0.5120995469887614
1501451,Belterra,0.8586754693624923,0.024138642459253148,0.5234583077238271,0.47654169227617293
1501501,Benevides,0.8002922861863007,0.0025416190113102047,0.501981007483806,0.49801899251619397
1501576,Bom Jesus do Tocantins,0.7482635234687435,0.058724479057040625,0.5283176593521421,0.4716823406478579
1501600,Bonito,0.811066445968314,0.0,0.5132411530349191,0.48675884696508087
1501709,Bragança,0.8690404838446031,0.00021794801939737372,0.5058903182125931,0.4941096817874069
1501725,Brasil Novo,0.7304979696516349,0.019021158367172473,0.5240888144113951,0.47591118558860496
1501758,Brejo Grande do Araguaia,0.8212266202696825,0.005219660722053067,0.5064599483204134,0.4935400516795866
1501782,Breu Branco,0.8284964935287075,0.0005131421403728833,0.5025836125149055,0.49741638748509454
1501808,Breves,0.7890463998001623,0.000780615749703366,0.5170532060027285,0.4829467939972715
1501907,Bujaru,0.8870621872766261,0.0,0.5214040080635598,0.4785959919364402
1501956,Cachoeira do Piriá,0.9006529850746269,0.0012826492537313433,0.513334879406308,0.48666512059369205
1502004,Cachoeira do Arari,0.895473635090994,0.00015554518587649713,0.5246102109446652,0.47538978905533474
1502103,Cametá,0.7830554478480031,9.693679720822024e-05,0.5134920252493616,0.48650797475063845
1502152,Canaã dos Carajás,0.7643523061825319,0.002085377821393523,0.48406040268456374,0.5159395973154363
1502202,Capanema,0.7414231587688794,0.0013494576218404525,0.503074458740247,0.496925541259753
1502301,Capitão Poço,0.8653746022562916,0.0005785363031530228,0.5092992456958599,0.49070075430414006
1502400,Castanhal,0.7645993662290629,0.0007733514410743926,0.49442621728431885,0.5055737827156812
1502509,Chaves,0.8958333333333334,0.0,0.5324804548685146,0.4675195451314854
1502608,Colares,0.7953850430914651,0.0027800945232137894,0.517689331122167,0.4823106688778331
1502707,Conceição do Araguaia,0.7738838945604144,0.0019046167911016304,0.5155925155925156,0.48440748440748443
1502756,Concórdia do Pará,0.8564123969529375,0.0,0.5144460611099564,0.48555393889004367
1502764,Cumaru do Norte,0.6863521786100109,0.13611811307166005,0.5238944365192582,0.4761055634807418
1502772,Curionópolis,0.7994084899095337,0.00017397355601948505,0.5061728395061729,0.49382716049382713
1502806,Curralinho,0.8632351482693643,0.0,0.5222816399286988,0.47771836007130125
1502855,Curuá,0.8267462092965449,0.0,0.5291790306627102,0.4708209693372898
1502905,Curuçá,0.8188051850460267,0.0005635919594213789,0.525021045739407,0.474978954260593
1502939,Dom Eliseu,0.7957802305018599,0.00030489664003902674,0.5151005703992795,0.4848994296007205
1502954,Eldorado do Carajás,0.7959263611437525,0.0011750881316098707,0.5196342637151107,0.4803657362848893
1503002,Faro,0.8101783060921248,0.006686478454680535,0.5137240356083086,0.4862759643916914
1503044,Floresta do Araguaia,0.7547663551401869,0.001308411214953271,0.5244920174165457,0.4755079825834543
1503077,Garrafão do Norte,0.8641184011187507,0.0002330730684069456,0.5221310528140529,0.4778689471859471
1503093,Goianésia do Pará,0.764151909100215,0.0011260108506500153,0.5016725798276735,0.4983274201723264
1503101,Gurupá,0.8100010021044193,0.0,0.5244968090328915,0.47550319096710847
1503200,Igarapé-Açu,0.7908582415661598,0.00026219192448872575,0.5071422387672063,0.4928577612327937
1503309,Igarapé-Miri,0.7785600493344982,0.0,0.5114578005115089,0.48854219948849104
1503408,Inhangapi,0.8969604863221885,0.0,0.5136033857315598,0.48639661426844016
1503457,Ipixuna do Pará,0.865281424820185,0.005422993492407809,0.5096344013109566,0.49036559868904334
1503507,Irituia,0.8336848448327809,0.0,0.5330533053305331,0.4669466946694669
1503606,Itaituba,0.7808745795290726,0.009290405253884351,0.49974632166412986,0.5002536783358701
1503705,Itupiranga,0.792,0.0075151515151515155,0.5175428092444019,0.4824571907555981
1503754,Jacareacanga,0.37785501489572987,0.48783515392254223,0.5350444225074038,0.46495557749259625
1503804,Jacundá,0.7723764068116198,0.0009427847504566613,0.49529157162075216,0.5047084283792478
1503903,Juruti,0.8653821615414061,0.0017225979328824804,0.5204656402553511,0.4795343597446489
1504000,Limoeiro do Ajuru,0.7937970558489718,0.0,0.5257905359946177,0.4742094640053824
1504059,Mãe do Rio,0.7913003767553374,0.00022833656810138144,0.4869086414203843,0.5130913585796157
1504109,Magalhães Barata,0.7780373831775701,0.0003894080996884735,0.5378053509112058,0.4621946490887941
1504208,Marabá,0.804931693989071,0.0018579234972677596,0.5008582356836827,0.4991417643163173
1504307,Maracanã,0.7754566334901017,0.0005468664552116373,0.5250627934913181,0.4749372065086819
1504406,Marapanim,0.7832310838445807,0.0,0.5322037971641432,0.46779620283585677
1504422,Marituba,0.7844621637553908,0.0008377028326766157,0.4972854586957863,0.5027145413042137
1504455,Medicilândia,0.7775685536071555,0.0029422148993762504,0.5308116808461716,0.46918831915382847
1504505,Melgaço,0.8534107402031931,0.0,0.5390832595217007,0.4609167404782994
1504604,Mocajuba,0.7754673155624378,0.0007742506359915939,0.517829796543426,0.4821702034565741
1504703,Moju,0.8355548080561745,0.003868309296556364,0.5186079427191741,0.4813920572808259
1504802,Monte Alegre,0.8046697038724373,0.0009681093394077448,0.512392028453678,0.4876079715463219
1504901,Muaná,0.8067352501538733,8.792754770069463e-05,0.5224650349650349,0.477534965034965
1504950,Nova Esperança do Piriá,0.8511439328120475,0.0010136113524471474,0.5161987041036717,0.4838012958963283
1504976,Nova Ipixuna,0.8217778743751358,0.0019560965007607042,0.5159827213822894,0.4840172786177106
1505007,Nova Timboteua,0.8022784810126582,0.0,0.514249684741488,0.485750315258512
1505031,Novo Progresso,0.5974919093851133,0.005798274002157497,0.5062240663900415,0.49377593360995853
1505064,Novo Repartimento,0.7939557690383269,0.011107775442809968,0.5142758177049829,0.48572418229501707
1505106,Óbidos,0.7973216070357785,0.013058831367845958,0.5165873645255089,0.48341263547449115
1505205,Oeiras do Pará,0.8704716689028795,0.00010320982557539478,0.5281336476375935,0.4718663523624065
1505304,Oriximiná,0.8125435540069686,0.051269288203086114,0.5038115038115039,0.4961884961884962
1505403,Ourém,0.8618710541419552,0.001339200306102927,0.5236917221693626,0.4763082778306375
1505437,Ourilândia do Norte,0.7426370638876303,0.05811055731762574,0.4999442026559536,0.5000557973440464
1505486,Pacajá,0.8385808631546613,0.0006143449546920596,0.5279122541603631,0.4720877458396369
1505494,Palestina do Pará,0.8493506493506493,0.0004329004329004329,0.5073086844368013,0.4926913155631986
1505502,Paragominas,0.7934893508481061,0.00978829230965438,0.49339345968275994,0.5066065403172401
1505536,Parauapebas,0.7768320065319453,0.008328230251071647,0.48719811149446157,0.5128018885055384
1505551,Pau D'Arco,0.7753099173553719,0.04597107438016529,0.5292008196721312,0.4707991803278688
1505601,Peixe-Boi,0.7620881471972615,0.0,0.504462388440289,0.495537611559711
1505635,Piçarra,0.818557766864823,0.0,0.521694742215416,0.478305257784584
1505650,Placas,0.8069152542372882,0.0009491525423728814,0.5059235325794292,0.4940764674205708
1505700,Ponta de Pedras,0.8267735093094508,0.00011784115012962527,0.5118544600938967,0.48814553990610327
1505809,Portel,0.8504553531763661,5.553087516659262e-05,0.5086206896551724,0.49137931034482757
1505908,Porto de Moz,0.874261811023622,0.00016404199475065617,0.506816883010858,0.49318311698914197
1506005,Prainha,0.8703722084367246,0.0,0.5285318010699426,0.4714681989300575
1506104,Primavera,0.7861811391223156,0.0,0.5261707988980716,0.4738292011019284
1506112,Quatipuru,0.7473255221599593,0.0,0.5293668954996186,0.47063310450038137
1506138,Redenção,0.7573405039684261,0.0039901114628963005,0.49643543223052294,0.503564567769477
1506161,Rio Maria,0.7166142969363708,0.0007855459544383347,0.512830407100135,0.48716959289986494
1506187,Rondon do Pará,0.7972619702806825,0.0033709411117226196,0.5043418803418803,0.4956581196581197
1506195,Rurópolis,0.7968180054326737,0.0006208769887466046,0.51281459247287,0.48718540752712997
1506203,Salinópolis,0.8392593806324758,0.0011469768966082255,0.5142600310533627,0.48573996894663724
1506302,Salvaterra,0.8750193588353725,0.0003097413659594239,0.523963133640553,0.47603686635944703
1506351,Santa Bárbara do Pará,0.844885100074129,0.0009266123054114158,0.5052592729285846,0.49474072707141536
1506401,Santa Cruz do Arari,0.8857572341225103,0.0,0.49963045084996305,0.500369549150037
1506500,Santa Izabel do Pará,0.8204419889502762,0.0007041490629400932,0.5311731365629344,0.46882686343706553
1506559,Santa Luzia do Pará,0.7872243346007605,0.029961977186311786,0.5139647844565878,0.4860352155434123
1506583,Santa Maria das Barreiras,0.7743182306205711,0.008803951041442989,0.5329959940965634,0.46700400590343666
1506609,Santa Maria do Pará,0.7958115183246073,0.007271669575334497,0.4994209612044007,0.5005790387955993
1506708,Santana do Araguaia,0.7998834498834498,0.0009906759906759908,0.5041888373146156,0.49581116268538433
1506807,Santarém,0.7977186962145751,0.008904995563537625,0.4977657772130453,0.5022342227869547
1506906,Santarém Novo,0.8903836571998007,0.0,0.527281746031746,0.47271825396825395
1507003,Santo Antônio do Tauá,0.789014615747289,0.0012965582272512965,0.5044527771267869,0.495547222873213
1507102,São Caetano de Odivelas,0.8026389146998699,0.0,0.5277314041921721,0.4722685958078279
1507151,São Domingos do Araguaia,0.7920573634859349,0.0002757859900717044,0.5132899376186602,0.48671006238133985
1507201,São Domingos do Capim,0.8854854854854854,0.0,0.5296521479118907,0.47034785208810925
1507300,São Félix do Xingu,0.7567731572371944,0.014420845975370338,0.5004220002813335,0.49957799971866645
1507409,São Francisco do Pará,0.8436008676789588,0.0,0.5238095238095238,0.47619047619047616
1507458,São Geraldo do Araguaia,0.7762660619803476,0.012975560594608214,0.5049838026414154,0.4950161973585846
1507466,São João da Ponta,0.9116564417177914,0.0,0.5284751990202082,0.47152480097979177
1507474,São João de Pirabas,0.8140340310194247,0.0,0.5268204974528019,0.4731795025471981
1507508,São João do Araguaia,0.8436528807076261,0.0009562514941429596,0.5453902381513794,0.4546097618486206
1507607,São Miguel do Guamá,0.8884596813133752,0.00012071463061323032,0.5127512751275127,0.48724872487248727
1507706,São Sebastião da Boa Vista,0.8223484848484849,0.0,0.526468364003025,0.47353163599697506
1507755,Sapucaia,0.7754182754182755,0.0,0.530690537084399,0.46930946291560105
1507805,Senador José Porfírio,0.8293222003929273,0.0343811394891945,0.5176039119804401,0.4823960880195599
1507904,Soure,0.8514893021954971,0.0018179275625786603,0.5093896713615024,0.49061032863849763
1507953,Tailândia,0.7801560842551902,0.0006061524473405061,0.4972930881044201,0.5027069118955799
1507961,Terra Alta,0.7805538832028899,0.00030102347983142685,0.5124363200479473,0.48756367995205274
1507979,Terra Santa,0.8011159107271418,0.0014398848092152627,0.5264005727581886,0.47359942724181137
1508001,Tomé-Açu,0.8117704280155642,0.005620406398616515,0.5097891970176474,0.49021080298235264
1508035,Tracuateua,0.9022622446738414,0.0,0.5209909021155321,0.4790090978844678
1508050,Trairão,0.763482280431433,0.019067796610169493,0.5147639646417153,0.48523603535828475
1508084,Tucumã,0.6824501701507049,0.002236266407389402,0.507509505703422,0.49249049429657793
1508100,Tucuruí,0.7606337560481958,0.0047753075487808735,0.4911086717892426,0.5088913282107574
1508126,Ulianópolis,0.7916844349680171,0.00028429282160625445,0.4987336428872942,0.5012663571127057
1508159,Uruará,0.7562660210766163,0.0007832526345770436,0.5053528666009297,0.4946471333990703
1508209,Vigia,0.7683789192795197,0.00046697798532354903,0.5145701958181215,0.48542980418187853
1508308,Viseu,0.8420717131474104,0.0006905710491367862,0.5324436505017601,0.4675563494982399
1508357,Vitória do Xingu,0.7642220699108979,0.009824080420379255,0.5383759733036707,0.46162402669632924
1508407,Xinguara,0.754525167369204,0.0009918175055789735,0.49454545454545457,0.5054545454545455
1600055,Serra do Navio,0.7594752186588921,0.0,0.5286439448875997,0.4713560551124003
1600105,Amapá,0.8034061458718993,0.00037023324694557573,0.5249722530521642,0.4750277469478357
1600154,Pedra Branca do Amapari,0.7626921961125617,0.08297069915868871,0.5154312085376406,0.48456879146235937
1600204,Calçoene,0.8312453942520265,0.002579218865143699,0.5089383436701933,0.49106165632980664
1600212,Cutias,0.8111931119311193,0.0006150061500615006,0.5094917330067361,0.49050826699326394
1600238,Ferreira Gomes,0.832982086406744,0.0,0.5086887835703001,0.4913112164296998
1600253,Itaubal,0.8692360633172747,0.0006882312456985547,0.54072553045859,0.45927446954141
1600279,Laranjal do Jari,0.8088334710433411,0.0018027491925185909,0.4968609865470852,0.5031390134529148
1600303,Macapá,0.7430273448160248,0.0018167499668618567,0.49333436138632947,0.5066656386136705
1600402,Mazagão,0.8101353696633113,0.0022561610551891705,0.5237217099748533,0.4762782900251467
1600501,Oiapoque,0.5336045810729355,0.3075647980711272,0.5256928838951311,0.4743071161048689
1600535,Porto Grande,0.7906279287722586,0.0007497656982193065,0.5196675900277008,0.48033240997229915
1600550,Pracuúba,0.8577476714648603,0.001693480101608806,0.5349032800672834,0.46509671993271656
1600600,Santana,0.7714368650217707,0.0003773584905660377,0.4993078786480563,0.5006921213519437
1600709,Tartarugalzinho,0.8164855928200283,0.00023618327822390176,0.531934731934732,0.46806526806526805
1600808,Vitória do Jari,0.7967242539824995,0.0,0.5106999554168524,0.4893000445831476
1700251,Abreulândia,0.7311643835616438,0.0,0.5124792013311148,0.4875207986688852
1700301,Aguiarnópolis,0.8228247162673392,0.0,0.5067901234567901,0.49320987654320986
1700350,Aliança do Tocantins,0.7580964970257766,0.0,0.5429292929292929,0.45707070707070707
1700400,Almas,0.8778791829639288,0.0,0.5392781316348195,0.4607218683651805
1700707,Alvorada,0.7225719424460432,0.0008992805755395684,0.5111597374179431,0.4888402625820569
1701002,Ananás,0.7573825503355704,0.0006711409395973154,0.5038885288399222,0.49611147116007775
1701051,Angico,0.7804090419806243,0.0,0.5221987315010571,0.47780126849894294
1701101,Aparecida do Rio Negro,0.8181818181818182,0.00264783759929391,0.4956063268892794,0.5043936731107206
1701309,Aragominas,0.8118939883645766,0.0006464124111182935,0.5163681284743669,0.4836318715256331
1701903,Araguacema,0.8384491114701131,0.0,0.5332261521972133,0.4667738478027867
1702000,Araguaçu,0.6862655029857602,0.00045934772622875517,0.5302410186448385,0.4697589813551614
1702109,Araguaína,0.7312152536483669,0.00165045170257123,0.48584645418664857,0.5141535458133515
1702158,Araguanã,0.8128654970760234,0.002599090318388564,0.5136986301369864,0.4863013698630137
1702208,Araguatins,0.8032460732984293,0.0009424083769633508,0.5137295081967214,0.4862704918032787
1702307,Arapoema,0.7931885488647581,0.0,0.5080763582966226,0.4919236417033774
1702406,Arraias,0.9087264878199198,0.0003083564600678384,0.5061387354205034,0.49386126457949664
1702554,Augustinópolis,0.8109119558794564,0.00019696671262556627,0.511137162954279,0.488862837045721
1702703,Aurora do Tocantins,0.8553530751708428,0.0,0.5304740406320542,0.46952595936794583
1702901,Axixá do Tocantins,0.7894553072625698,0.001047486033519553,0.5058620689655172,0.4941379310344828
1703008,Babaçulândia,0.8040955631399317,0.0006825938566552901,0.5210934863314208,0.47890651366857917
1703057,Bandeirantes do Tocantins,0.7250308261405672,0.0,0.5377358490566038,0.46226415094339623
1703073,Barra do Ouro,0.8036135113904164,0.0,0.5424124513618677,0.4575875486381323
1703107,Barrolândia,0.7111567419575633,0.0,0.5269624573378839,0.47303754266211606
1703206,Bernardo Sayão,0.7441295546558705,0.0,0.5350467289719626,0.4649532710280374
1703305,Bom Jesus do Tocantins,0.8100607111882047,0.0,0.5129310344827587,0.4870689655172414
1703602,Brasilândia do Tocantins,0.8062283737024222,0.0,0.5042735042735043,0.49572649572649574
1703701,Brejinho de Nazaré,0.8868175765645806,0.0013315579227696406,0.5120207927225471,0.48797920727745286
1703800,Buriti do Tocantins,0.7888141809290954,0.0027506112469437654,0.5110250297973778,0.48897497020262215
1703826,Cachoeirinha,0.8117469879518072,0.0,0.5462555066079295,0.45374449339207046
1703842,Campos Lindos,0.8723482077542063,0.0,0.5225127087872186,0.4774872912127814
1703867,Cariri do Tocantins,0.7201166180758017,0.0,0.5473887814313346,0.4526112185686654
1703883,Carmolândia,0.7798295454545454,0.0,0.550624133148405,0.44937586685159503
1703891,Carrasco Bonito,0.8220064724919094,0.0008090614886731392,0.5302663438256658,0.46973365617433416
1703909,Caseara,0.8761682242990654,0.0,0.5220759101471727,0.47792408985282725
1704105,Centenário,0.8160315374507228,0.0,0.5379581151832461,0.4620418848167539
1704600,Chapada de Areia,0.7122093023255814,0.0,0.5112359550561798,0.4887640449438202
1705102,Chapada da Natividade,0.8696581196581197,0.0,0.535752401280683,0.464247598719317
1705508,Colinas do Tocantins,0.7220560540600421,0.001550902847014512,0.4913232104121475,0.5086767895878525
1705557,Combinado,0.7509667440061871,0.0,0.49961568024596464,0.5003843197540354
1705607,Conceição do Tocantins,0.8816479400749063,0.0,0.5311594202898551,0.4688405797101449
1706001,Couto Magalhães,0.7514164305949008,0.0056657223796034,0.5261348005502063,0.47386519944979366
1706100,Cristalândia,0.8275299238302503,0.002720348204570185,0.5422912205567452,0.45770877944325483
1706258,Crixás do Tocantins,0.8364116094986808,0.002638522427440633,0.5287958115183246,0.4712041884816754
1706506,Darcinópolis,0.7998700454840806,0.0,0.5153991200502829,0.4846008799497172
1707009,Dianópolis,0.8213228035538006,0.0008226390259953932,0.510250569476082,0.489749430523918
1707108,Divinópolis do Tocantins,0.7446314567614626,0.0,0.5115340253748558,0.4884659746251442
1707207,Dois Irmãos do Tocantins,0.7930232558139535,0.0005813953488372093,0.5425957690108634,0.45740423098913663
1707306,Dueré,0.8092909535452323,0.0008149959250203749,0.5244587008821171,0.4755412991178829
1707405,Esperantina,0.8938547486033519,0.00032862306933946765,0.5180995475113123,0.4819004524886878
1707553,Fátima,0.7810707456978967,0.0009560229445506692,0.5046468401486989,0.49535315985130113
1707652,Figueirópolis,0.7169540229885057,0.0035919540229885057,0.5149572649572649,0.48504273504273504
1707702,Filadélfia,0.7756714060031595,0.0007898894154818325,0.5318146111547526,0.46818538884524746
1708205,Formoso do Araguaia,0.7309252462816302,0.06953834266949971,0.5265244478006419,0.4734755521993581
1708254,Tabocão,0.7844228094575799,0.0,0.5253077975376197,0.4746922024623803
1708304,Goianorte,0.7264705882352941,0.0007352941176470588,0.5451916124367318,0.45480838756326825
1709005,Goiatins,0.6719260065288357,0.14445048966267682,0.5333867521367521,0.46661324786324787
1709302,Guaraí,0.7365465605989705,0.0012478552487911402,0.5039525691699605,0.49604743083003955
1709500,Gurupi,0.713592886972922,0.0025596120167048365,0.4999777688853319,0.500022231114668
1709807,Ipueiras,0.8863636363636364,0.0022727272727272726,0.5227272727272727,0.4772727272727273
1710508,Itacajá,0.6666666666666666,0.15133232780291603,0.5372023809523809,0.46279761904761907
1710706,Itaguatins,0.8585858585858586,0.001122334455667789,0.5254616675993284,0.4745383324006715
1710904,Itapiratins,0.7771739130434783,0.0,0.5615866388308977,0.4384133611691023
1711100,Itaporã do Tocantins,0.7275449101796407,0.0,0.5568513119533528,0.44314868804664725
1711506,Jaú do Tocantins,0.7547169811320755,0.0,0.519753086419753,0.4802469135802469
1711803,Juarina,0.8072669826224329,0.0,0.5353218210361067,0.46467817896389324
1711902,Lagoa da Confusão,0.6386410432395333,0.20144131777625257,0.5377004435346299,0.4622995564653702
1711951,Lagoa do Tocantins,0.8646034816247582,0.0,0.5409990574929312,0.4590009425070688
1712009,Lajeado,0.7112860892388452,0.0013123359580052493,0.5361757105943152,0.46382428940568476
1712157,Lavandeira,0.8404761904761905,0.0,0.5166666666666667,0.48333333333333334
1712405,Lizarda,0.9062776304155614,0.0,0.5664639443961772,0.43353605560382275
1712454,Luzinópolis,0.7874331550802139,0.0,0.5126835781041389,0.48731642189586116
1712504,Marianópolis do Tocantins,0.756872852233677,0.001718213058419244,0.5095277547638773,0.4904722452361226
1712702,Mateiros,0.8771428571428571,0.0,0.5385656292286874,0.4614343707713126
1712801,Maurilândia do Tocantins,0.7812828601472135,0.050473186119873815,0.5360082304526749,0.46399176954732513
1713205,Miracema do Tocantins,0.7555126347980042,0.0045066795428939325,0.5050729232720355,0.4949270767279645
1713304,Miranorte,0.6820467317361727,0.0008873114463176575,0.500722752240532,0.4992772477594681
1713601,Monte do Carmo,0.9100052938062467,0.0,0.5487232933819698,0.4512767066180302
1713700,Monte Santo do Tocantins,0.7084870848708487,0.0,0.5362318840579711,0.463768115942029
1713809,Palmeiras do Tocantins,0.7839912280701754,0.0,0.5305676855895196,0.46943231441048033
1713957,Muricilândia,0.8511363636363637,0.0,0.5481081081081081,0.4518918918918919
1714203,Natividade,0.8673660547021357,0.0,0.5112670853343184,0.4887329146656816
1714302,Nazaré,0.8364093959731543,0.0,0.5251442704039572,0.4748557295960429
1714880,Nova Olinda,0.7695581014729951,0.0,0.5128617363344051,0.4871382636655949
1715002,Nova Rosalândia,0.8013902681231381,0.0,0.5309126594700687,0.4690873405299313
1715101,Novo Acordo,0.8554112554112554,0.005194805194805195,0.5025553662691652,0.49744463373083475
1715150,Novo Alegre,0.7684887459807074,0.0,0.5103668261562998,0.48963317384370014
1715259,Novo Jardim,0.8314917127071824,0.0,0.5213793103448275,0.4786206896551724
1715507,Oliveira de Fátima,0.8172043010752689,0.0,0.5913978494623656,0.40860215053763443
1715705,Palmeirante,0.8209576682859125,0.002081887578070784,0.529045643153527,0.470954356846473
1715754,Palmeirópolis,0.7460401267159451,0.0005279831045406547,0.49947643979057593,0.5005235602094241
1716109,Paraíso do Tocantins,0.6829857476447379,0.0012883484982687816,0.49696156578012785,0.5030384342198722
1716208,Paranã,0.9207459207459208,0.0,0.5204245738179479,0.4795754261820521
1716307,Pau D'Arco,0.7810734463276836,0.0035310734463276836,0.5316901408450704,0.46830985915492956
1716505,Pedro Afonso,0.7814530419373893,0.0005906674542232723,0.5054691997697179,0.4945308002302821
1716604,Peixe,0.8306273062730627,0.0025830258302583027,0.5289464221503056,0.47105357784969437
1716653,Pequizeiro,0.7551601423487544,0.0071174377224199285,0.5356145251396648,0.4643854748603352
1716703,Colméia,0.6891123742894621,0.0,0.5017301038062284,0.4982698961937716
1717008,Pindorama do Tocantins,0.7941409342834521,0.0,0.5351778656126482,0.46482213438735176
1717206,Piraquê,0.797634691195795,0.0,0.5318877551020408,0.46811224489795916
1717503,Pium,0.6858407079646017,0.11283185840707964,0.5238353196099675,0.4761646803900325
1717800,Ponte Alta do Bom Jesus,0.8916139240506329,0.0,0.5271614384085692,0.4728385615914308
1717909,Ponte Alta do Tocantins,0.867510959571359,0.0,0.5461501673840268,0.4538498326159732
1718006,Porto Alegre do Tocantins,0.8710045662100456,0.0,0.49382716049382713,0.5061728395061729
1718204,Porto Nacional,0.7996142453675001,0.0018598884066955983,0.49507933319943764,0.5049206668005624
1718303,Praia Norte,0.8187755102040817,0.0,0.5101070154577884,0.48989298454221164
1718402,Presidente Kennedy,0.7865384615384615,0.0,0.5291902071563088,0.4708097928436911
1718451,Pugmil,0.7608370702541106,0.0,0.5547337278106509,0.4452662721893491
1718501,Recursolândia,0.835387323943662,0.0017605633802816902,0.5460869565217391,0.4539130434782609
1718550,Riachinho,0.8323932312651088,0.0008058017727639,0.5119236883942766,0.48807631160572335
1718659,Rio da Conceição,0.8883071553228621,0.0,0.5232358003442341,0.47676419965576594
1718709,Rio dos Bois,0.8516320474777448,0.0,0.5433526011560693,0.45664739884393063
1718758,Rio Sono,0.8613600421718502,0.0,0.5460251046025104,0.45397489539748953
1718808,Sampaio,0.8345498783454988,0.004866180048661801,0.5177584846093133,0.48224151539068666
1718840,Sandolândia,0.6885245901639344,0.007566204287515763,0.5037406483790524,0.49625935162094764
1718865,Santa Fé do Araguaia,0.689107059373539,0.05095839177185601,0.5207373271889401,0.4792626728110599
1718881,Santa Maria do Tocantins,0.7720588235294118,0.0012254901960784314,0.5,0.5
1718899,Santa Rita do Tocantins,0.8271375464684015,0.0,0.512962962962963,0.48703703703703705
1718907,Santa Rosa do Tocantins,0.9374034003091191,0.0,0.5351145038167939,0.4648854961832061
1719004,Santa Tereza do Tocantins,0.860613810741688,0.0,0.5235069885641678,0.4764930114358323
1720002,Santa Terezinha do Tocantins,0.7359900373599004,0.0,0.5255292652552926,0.47447073474470736
1720101,São Bento do Tocantins,0.8128491620111732,0.007681564245810056,0.5120772946859904,0.48792270531400966
1720150,São Félix do Tocantins,0.9174107142857143,0.0,0.5295358649789029,0.4704641350210971
1720200,São Miguel do Tocantins,0.8132492113564669,0.0018927444794952682,0.5311254216498007,0.4688745783501993
1720259,São Salvador do Tocantins,0.901565995525727,0.005592841163310962,0.5157096424702059,0.48429035752979416
1720309,São Sebastião do Tocantins,0.8092354277062831,0.0,0.5210332103321034,0.4789667896678967
1720499,São Valério,0.8605263157894737,0.0035087719298245615,0.5100840336134453,0.4899159663865546
1720655,Silvanópolis,0.8889659958362248,0.0,0.5217993079584775,0.4782006920415225
1720804,Sítio Novo do Tocantins,0.8199415631848064,0.0014609203798392988,0.5228571428571429,0.47714285714285715
1720853,Sucupira,0.7792792792792793,0.0,0.5245535714285714,0.47544642857142855
1720903,Taguatinga,0.8511379470506271,0.00023223409196470042,0.5282717738258094,0.4717282261741906
1720937,Taipas do Tocantins,0.9136212624584718,0.0,0.5373376623376623,0.46266233766233766
1720978,Talismã,0.7554904831625183,0.0029282576866764276,0.5078459343794579,0.4921540656205421
1721000,Palmas,0.7040050602340359,0.002357609039418073,0.4865412001228604,0.5134587998771396
1721109,Tocantínia,0.44346617238183506,0.4675625579240037,0.5203661327231122,0.4796338672768879
1721208,Tocantinópolis,0.7298456260720412,0.08990851915380217,0.5137798086534342,0.48622019134656574
1721257,Tupirama,0.7817371937639198,0.0,0.5468409586056645,0.4531590413943355
1721307,Tupiratins,0.827768014059754,0.0,0.4873524451939292,0.5126475548060708
1722081,Wanderlândia,0.82,0.0003225806451612903,0.5283687943262412,0.4716312056737589
1722107,Xambioá,0.7833430401863716,0.0008736167734420501,0.515527950310559,0.484472049689441
2100055,Açailândia,0.7578438020094928,0.0016026628860260125,0.4978980076768415,0.5021019923231584
2100105,Afonso Cunha,0.875715028601144,0.0,0.5035532994923858,0.4964467005076142
2100154,Água Doce do Maranhão,0.7596496030659732,0.0,0.5206340530199508,0.4793659469800492
2100204,Alcântara,0.8426411601357605,0.0015427337241592102,0.5225460122699387,0.47745398773006137
2100303,Aldeias Altas,0.8785097192224622,0.0002699784017278618,0.5238158242921408,0.4761841757078592
2100402,Altamira do Maranhão,0.8090699017908723,0.0,0.5108015918135305,0.4891984081864696
2100436,Alto Alegre do Maranhão,0.8602053915275995,0.00025673940949935817,0.5010837689659569,0.4989162310340431
2100477,Alto Alegre do Pindaré,0.8503071131365167,0.001089756290865861,0.5215770890545312,0.4784229109454688
2100501,Alto Parnaíba,0.8768502072232089,0.0011841326228537595,0.5102219626168224,0.48977803738317754
2100550,Amapá do Maranhão,0.8334104581212401,0.0,0.5179558011049724,0.48204419889502764
2100600,Amarante do Maranhão,0.6843876177658142,0.13391655450874831,0.524132730015083,0.475867269984917
2100709,Anajatuba,0.6809413580246914,0.0001286008230452675,0.5080852156057495,0.4919147843942505
2100808,Anapurus,0.8373097023403772,0.0,0.494822152183701,0.5051778478162989
2100832,Apicum-Açu,0.8434967194133539,0.00038595137012736397,0.5217058711034614,0.47829412889653855
2100873,Araguanã,0.8343614347726753,0.023532099611606124,0.5009099181073703,0.49909008189262966
2100907,Araioses,0.7786019330186559,0.0005993856297295272,0.5181501002152773,0.48184989978472276
2100956,Arame,0.7213581183611533,0.07938163884673748,0.5158349779156094,0.48416502208439055
2101004,Arari,0.6739154554532342,0.00033285254632197937,0.5064662319000773,0.4935337680999226
2101103,Axixá,0.8319236016371078,0.00027285129604365623,0.527445652173913,0.47255434782608696
2101202,Bacabal,0.7755881350153426,0.0006137061029662462,0.4908109195787779,0.5091890804212221
2101251,Bacabeira,0.7474416700777732,0.0,0.5074353228763495,0.49256467712365043
2101301,Bacuri,0.8994965839626033,0.0005393743257820927,0.5248868778280543,0.4751131221719457
2101350,Bacurituba,0.9197127937336814,0.0,0.5261121856866537,0.4738878143133462
2101400,Balsas,0.7944096133751306,0.0014927601134497686,0.49724583226936125,0.5027541677306387
2101509,Barão de Grajaú,0.7997420781134856,0.0007369196757553427,0.5094373865698729,0.490562613430127
2101608,Barra do Corda,0.7220133507250824,0.04488605846696846,0.5077345119256268,0.49226548807437326
2101707,Barreirinhas,0.8152137885316539,0.0002762125731963319,0.5088741139623056,0.49112588603769436
2101731,Belágua,0.826048951048951,0.0,0.5104438642297651,0.489556135770235
2101772,Bela Vista do Maranhão,0.7634044768349818,0.0002602811035918792,0.5097786927431807,0.49022130725681934
2101806,Benedito Leite,0.7466422466422467,0.001221001221001221,0.5427013930950939,0.4572986069049061
2101905,Bequimão,0.6877561055564662,0.00016390755613833797,0.51786005545588,0.48213994454412007
2101939,Bernardo do Mearim,0.7245260663507109,0.0,0.49008168028004667,0.5099183197199533
2101970,Boa Vista do Gurupi,0.866268210683601,0.0007471049682480389,0.5108128262490679,0.4891871737509321
2102002,Bom Jardim,0.8054027424254865,0.02931275145742672,0.5091423948220065,0.49085760517799354
2102036,Bom Jesus das Selvas,0.8474284484613729,0.03109533032063697,0.5130189271149221,0.4869810728850779
2102077,Bom Lugar,0.7780040733197556,0.0,0.5120320855614974,0.4879679144385027
2102101,Brejo,0.8205283935621014,0.0008097985626075514,0.5082603503184714,0.49173964968152867
2102150,Brejo de Areia,0.8075675675675675,0.0,0.5233106338397067,0.47668936616029334
2102200,Buriti,0.8161840448666591,0.00011445576284765938,0.5127099409895597,0.4872900590104403
2102309,Buriti Bravo,0.8270528683914511,0.0,0.4982583252055176,0.5017416747944824
2102325,Buriticupu,0.7824535384900588,0.007507994623905084,0.502130193778918,0.49786980622108207
2102358,Buritirana,0.791512513601741,0.0013057671381936887,0.5179809358752167,0.48201906412478335
2102374,Cachoeira Grande,0.7948804311215898,0.012462108454024925,0.5187165775401069,0.48128342245989303
2102408,Cajapió,0.8494368701837581,0.0,0.5045682287061597,0.49543177129384025
2102507,Cajari,0.8622895622895623,0.00016835016835016836,0.5343383584589615,0.4656616415410385
2102556,Campestre do Maranhão,0.7734411085450347,0.0009237875288683603,0.503337169159954,0.49666283084004603
2102606,Cândido Mendes,0.8244013683010262,0.00032578595862518323,0.5239935587761675,0.4760064412238325
2102705,Cantanhede,0.8844074236446003,0.00029226947245360223,0.5027688720489654,0.4972311279510347
2102754,Capinzal do Norte,0.8202354438434617,0.0,0.5129337539432177,0.48706624605678234
2102804,Carolina,0.7578571428571429,0.0025714285714285713,0.5241148592138277,0.4758851407861723
2102903,Carutapera,0.8312152501985703,0.004500926661371459,0.5120925341745531,0.4879074658254469
2103000,Caxias,0.8269133688900595,0.001207172801299357,0.4986880591878871,0.5013119408121128
2103109,Cedral,0.8379084967320262,0.00065359477124183,0.5269343780607247,0.4730656219392752
2103125,Central do Maranhão,0.9061126648022373,0.0,0.521652761223679,0.478347238776321
2103158,Centro do Guilherme,0.7942405945192754,0.0,0.5392929520378293,0.46070704796217066
2103174,Centro Novo do Maranhão,0.8123055651572761,0.015727618389215346,0.5203751065643649,0.47962489343563514
2103208,Chapadinha,0.7618392188911352,0.0005161512323110672,0.49668789808917196,0.503312101910828
2103257,Cidelândia,0.7907089281393661,0.00024195499637067505,0.5160594439117929,0.4839405560882071
2103307,Codó,0.8637640840172486,0.0006676867436361107,0.4992019812878371,0.5007980187121629
2103406,Coelho Neto,0.8492582436897982,0.00035154327497714967,0.4976105953031131,0.502389404696887
2103505,Colinas,0.7861389236545682,0.0012515644555694619,0.5,0.5
2103554,Conceição do Lago-Açu,0.7834061135371179,0.0004366812227074236,0.5198266522210184,0.4801733477789816
2103604,Coroatá,0.7869287991498406,0.00021253985122210415,0.5045934530095036,0.4954065469904963
2103703,Cururupu,0.874450721908349,0.0011508683825068005,0.5142473673342969,0.48575263266570307
2103752,Davinópolis,0.7975921745673439,0.001003260596940055,0.5053416149068323,0.49465838509316773
2103802,Dom Pedro,0.7485145573380867,0.00029708853238265005,0.4813070356196644,0.5186929643803356
2103901,Duque Bacelar,0.8612221587664192,0.0,0.5032735553657842,0.4967264446342158
2104008,Esperantinópolis,0.7673362445414847,0.0,0.5003468609087756,0.49965313909122444
2104057,Estreito,0.7538988551338682,0.0010817632741368431,0.5113473909935669,0.48865260900643315
2104073,Feira Nova do Maranhão,0.8560577288264337,0.0,0.5326331582895724,0.4673668417104276
2104081,Fernando Falcão,0.5468494939601698,0.257590597453477,0.5188311688311689,0.4811688311688312
2104099,Formosa da Serra Negra,0.7448287007110537,0.00016160310277957336,0.5184122429459589,0.4815877570540411
2104107,Fortaleza dos Nogueiras,0.7743028407610112,0.0,0.5243161094224924,0.4756838905775076
2104206,Fortuna,0.7713844797178131,0.0,0.5110141766630316,0.4889858233369684
2104305,Godofredo Viana,0.8202182653647329,0.0005743825387708214,0.5066780335322535,0.4933219664677465
2104404,Gonçalves Dias,0.7728800158134018,0.0,0.4978894858019954,0.5021105141980046
2104503,Governador Archer,0.8544448062520351,0.0,0.5176169122357464,0.4823830877642537
2104552,Governador Edison Lobão,0.7864732325296281,0.0002043318348998774,0.5114303054825005,0.4885696945174995
2104602,Governador Eugênio Barros,0.8326522272170004,0.0004086636697997548,0.5057680631451124,0.4942319368548877
2104628,Governador Luiz Rocha,0.8302951388888888,0.0,0.5169455169455169,0.48305448305448306
2104651,Governador Newton Bello,0.8748701973001038,0.0,0.4913859604011314,0.5086140395988686
2104677,Governador Nunes Freire,0.8534692459168308,0.0006950075292482335,0.5046125461254612,0.49538745387453875
2104701,Graça Aranha,0.7777164920022063,0.0,0.511099079588522,0.4889009204114781
2104800,Grajaú,0.6938210434275721,0.07121344603128339,0.5102805534204458,0.4897194465795542
2104909,Guimarães,0.8812517462978485,0.0,0.5110864745011087,0.48891352549889133
2105005,Humberto de Campos,0.8663389513108615,0.00035112359550561797,0.520600115406809,0.479399884593191
2105104,Icatu,0.9228963736650628,0.0,0.5285397455351932,0.4714602544648068
2105153,Igarapé do Meio,0.828187250996016,0.00049800796812749,0.5080370189965904,0.4919629810034096
2105203,Igarapé Grande,0.7389270118527761,0.0,0.4898336414048059,0.5101663585951941
2105302,Imperatriz,0.7072847144191587,0.0018276090811864567,0.4893699420421463,0.5106300579578537
2105351,Itaipava do Grajaú,0.7478649857665718,0.06588043920292802,0.5136765888978279,0.48632341110217214
2105401,Itapecuru Mirim,0.8246994211073178,0.00029686804215526197,0.5060954543211095,0.49390454567889047
2105427,Itinga do Maranhão,0.7782162588792423,0.0003946329913180742,0.5063372995344024,0.4936627004655975
2105450,Jatobá,0.7872653662127347,0.000736105999263894,0.49982020855807263,0.5001797914419274
2105476,Jenipapo dos Vieiras,0.5158982511923689,0.3557233704292528,0.5173844330304228,0.48261556696957725
2105500,João Lisboa,0.7513176808816483,0.0007985944737262418,0.4997647796769641,0.5002352203230359
2105609,Joselândia,0.8076525336091003,0.0012409513960703205,0.49743904937512806,0.5025609506248719
2105658,Junco do Maranhão,0.8155706727135299,0.0,0.4899178491411501,0.5100821508588499
2105708,Lago da Pedra,0.7886996374581025,0.00013680826321909844,0.5081262592343855,0.4918737407656145
2105807,Lago do Junco,0.76341535724874,0.0008894159501927068,0.5256814921090387,0.47431850789096125
2105906,Lago Verde,0.7947196070405239,0.0,0.49480968858131485,0.5051903114186851
2105922,Lagoa do Mato,0.8042117245304496,0.0005691519635742744,0.5147811256395679,0.48521887436043204
2105948,Lago dos Rodrigues,0.7420892934547031,0.0,0.5109583154275892,0.4890416845724108
2105963,Lagoa Grande do Maranhão,0.8201963534361851,0.00028050490883590464,0.5346368715083799,0.4653631284916201
2105989,Lajeado Novo,0.7282660332541567,0.014251781472684086,0.5058768218147626,0.49412317818523743
2106003,Lima Campos,0.7430185127078758,0.0009413241292751804,0.5082923832923832,0.4917076167076167
2106102,Loreto,0.8300653594771242,0.0,0.51621271076524,0.48378728923476005
2106201,Luís Domingues,0.8156553960166744,0.0,0.5274573142593447,0.4725426857406553
2106300,Magalhães de Almeida,0.7684790334044065,0.0,0.49761778718898886,0.5023822128110111
2106326,Maracaçumé,0.8087081799263647,0.0,0.5038253108065031,0.496174689193497
2106359,Marajá do Sena,0.8551749813849591,0.0,0.548492553577915,0.451507446422085
2106375,Maranhãozinho,0.7751206209355989,0.05538074260541221,0.5143862554336577,0.4856137445663424
2106409,Mata Roma,0.8775890637945319,0.0,0.4932781799379524,0.5067218200620476
2106508,Matinha,0.8521366257577998,0.00044359012272660064,0.5183123351889833,0.4816876648110167
2106607,Matões,0.8633686690223793,0.0002141556911874933,0.502355774264475,0.4976442257355251
2106631,Matões do Norte,0.865036231884058,0.0,0.5371454299864926,0.46285457001350744
2106672,Milagres do Maranhão,0.7713835238470634,0.0011824990145841545,0.4965143299767622,0.5034856700232379
2106706,Mirador,0.758891523414345,0.0,0.517631501616221,0.48236849838377904
2106755,Miranda do Norte,0.7199328252163804,0.0,0.47362311363343224,0.5263768863665678
2106805,Mirinzal,0.9228500113455865,0.0002269117313365101,0.5089346301741687,0.49106536982583127
2106904,Monção,0.8803155666730806,0.0010583028670386762,0.5230900798175598,0.47690992018244016
2107001,Montes Altos,0.6613076098606645,0.09860664523043944,0.5260196905766527,0.4739803094233474
2107100,Morros,0.8674928503336511,0.0,0.5201072386058981,0.47989276139410186
2107209,Nina Rodrigues,0.8146531924666973,0.00022967386311437759,0.5119617224880383,0.4880382775119617
2107258,Nova Colinas,0.8251928020565553,0.0,0.5435865504358655,0.4564134495641345
2107308,Nova Iorque,0.8157319737800437,0.0,0.5014430014430015,0.49855699855699853
2107357,Nova Olinda do Maranhão,0.815354713313897,0.005021056041464205,0.5062640539672342,0.4937359460327658
2107407,Olho d'Água das Cunhãs,0.7060835133189345,0.00017998560115190784,0.4912528715320728,0.5087471284679272
2107456,Olinda Nova do Maranhão,0.8641316948759564,0.0013911430558775793,0.5239963082602677,0.47600369173973234
2107506,Paço do Lumiar,0.7579078138438505,0.00038225082024655177,0.4918265589497602,0.5081734410502399
2107605,Palmeirândia,0.8740399385560675,0.0003413551800648575,0.5162988115449915,0.4837011884550085
2107704,Paraibano,0.7398788651577941,0.0022314313037934334,0.5050709939148073,0.4949290060851927
2107803,Parnarama,0.8651189562547966,0.0,0.5141130935523459,0.4858869064476541
2107902,Passagem Franca,0.7865546218487395,0.00018674136321195143,0.506211755979974,0.49378824402002597
2108009,Pastos Bons,0.7353479853479854,0.00018315018315018315,0.5207132564841499,0.47928674351585016
2108058,Paulino Neves,0.7784524975514202,0.0,0.5165950800468567,0.48340491995314333
2108108,Paulo Ramos,0.8105083164930825,0.0,0.5081691861352878,0.49183081386471217
2108207,Pedreiras,0.750515279146877,0.0014338202347880635,0.4930567762348392,0.5069432237651609
2108256,Pedro do Rosário,0.9080729886646393,0.00013823610727121925,0.5341173253110898,0.46588267468891015
2108306,Penalva,0.8964765393336822,0.00017442874585731728,0.5219419488597098,0.47805805114029026
2108405,Peri Mirim,0.7013180800795822,0.0,0.49876237623762376,0.5012376237623762
2108454,Peritoró,0.843065693430657,0.0,0.5080138277812697,0.49198617221873037
2108504,Pindaré-Mirim,0.818162882732764,0.0016663195167673402,0.5010799136069114,0.49892008639308855
2108603,Pinheiro,0.7708093436420463,0.0011103799967099853,0.49428851174934724,0.5057114882506527
2108702,Pio XII,0.7650343642611683,0.000572737686139748,0.512414083321644,0.487585916678356
2108801,Pirapemas,0.861833841736946,0.00035887313834559486,0.5040014227280811,0.49599857727191893
2108900,Poção de Pedras,0.7582706108874496,0.0,0.5180764573603183,0.48192354263968173
2109007,Porto Franco,0.7294082664287839,0.0032708890871245913,0.5009548993682973,0.49904510063170265
2109056,Porto Rico do Maranhão,0.8443786982248521,0.000591715976331361,0.5200235571260307,0.4799764428739694
2109106,Presidente Dutra,0.7069179633282198,0.0017532325224632918,0.4994241289951051,0.5005758710048949
2109205,Presidente Juscelino,0.930905462708905,0.0002494387627837366,0.5199603272997768,0.4800396727002232
2109239,Presidente Médici,0.8576287657920311,0.004373177842565598,0.5238784370477568,0.4761215629522431
2109270,Presidente Sarney,0.8432441942294159,0.0003518648838845883,0.5245614035087719,0.47543859649122805
2109304,Presidente Vargas,0.8571428571428571,0.0,0.5234696678561626,0.4765303321438375
2109403,Primeira Cruz,0.7936779154207604,0.0,0.5313629598128854,0.4686370401871146
2109452,Raposa,0.7558713010803194,0.0007045561296383278,0.49802003261122757,0.5019799673887724
2109502,Riachão,0.8549833887043189,0.0003322259136212625,0.5177582274356468,0.4822417725643532
2109551,Ribamar Fiquene,0.7443408788282291,0.0013315579227696406,0.5170902716914987,0.4829097283085013
2109601,Rosário,0.8430039403538593,0.0009271420845244533,0.5048176982964618,0.4951823017035381
2109700,Sambaíba,0.9118155619596542,0.0,0.5418079096045197,0.4581920903954802
2109759,Santa Filomena do Maranhão,0.7401032702237521,0.0,0.5195744680851064,0.4804255319148936
2109809,Santa Helena,0.7452995538559593,0.00031867431485022306,0.4995249406175772,0.5004750593824228
2109908,Santa Inês,0.763558619486016,0.0016143810811990052,0.4832796737497317,0.5167203262502683
2110005,Santa Luzia,0.8198477826438199,0.00114800799353714,0.5078190684378678,0.49218093156213216
2110039,Santa Luzia do Paruá,0.78572392389691,0.0009445418971798677,0.5055399813109064,0.49446001868909356
2110104,Santa Quitéria do Maranhão,0.8062097370366459,0.0,0.5142707240293809,0.4857292759706191
2110203,Santa Rita,0.8126011230608166,0.0001903492909488912,0.5151889120941713,0.4848110879058287
2110237,Santana do Maranhão,0.8446650124069479,0.0,0.5167120574399604,0.4832879425600396
2110278,Santo Amaro do Maranhão,0.7962287104622872,0.0,0.536067892503536,0.4639321074964639
2110302,Santo Antônio dos Lopes,0.8114259173246633,0.0,0.510726643598616,0.4892733564013841
2110401,São Benedito do Rio Preto,0.8038017651052274,0.00033944331296673454,0.5141357711190113,0.4858642288809887
2110500,São Bento,0.8236879657523387,0.00015855398763278897,0.49241120325457677,0.5075887967454232
2110609,São Bernardo,0.8638262322472848,0.00047738393603055255,0.5026178010471204,0.4973821989528796
2110658,São Domingos do Azeitão,0.7529843893480257,0.0,0.5160415725259828,0.4839584274740172
2110708,São Domingos do Maranhão,0.7530828516377649,0.0010597302504816955,0.5030949433387296,0.49690505666127033
2110807,São Félix de Balsas,0.7879213483146067,0.0,0.5480968858131487,0.4519031141868512
2110856,São Francisco do Brejão,0.7741206840916425,0.0,0.5175718849840255,0.48242811501597443
2110906,São Francisco do Maranhão,0.826956025128498,0.0028555111364934323,0.5173355173355173,0.48266448266448264
2111003,São João Batista,0.7734439834024897,0.0,0.5166528583264292,0.48334714167357085
2111029,São João do Carú,0.8,0.00468557336621455,0.5069870066192694,0.49301299338073057
2111052,São João do Paraíso,0.6998164014687882,0.0,0.5412402167369055,0.4587597832630945
2111078,São João do Soter,0.858405302269532,0.0,0.518503937007874,0.481496062992126
2111102,São João dos Patos,0.7040985876488507,0.001661589587371919,0.49767569045665844,0.5023243095433415
2111201,São José de Ribamar,0.774157923799006,0.0008874339354736925,0.48697093817047005,0.5130290618295299
2111250,São José dos Basílios,0.8341968911917098,0.0,0.5278350515463918,0.47216494845360824
2111300,São Luís,0.7232243365486374,0.0014728384326572431,0.48122978316560233,0.5187702168343977
2111409,São Luís Gonzaga do Maranhão,0.799800299550674,0.0,0.5113692131522983,0.4886307868477016
2111508,São Mateus do Maranhão,0.8002441008950366,0.0004068348250610252,0.49927384218170084,0.5007261578182992
2111532,São Pedro da Água Branca,0.8335081279496591,0.00026219192448872575,0.5038839979285344,0.49611600207146556
2111573,São Pedro dos Crentes,0.7680377612946729,0.0,0.5348993288590604,0.4651006711409396
2111607,São Raimundo das Mangabeiras,0.8043326345213138,0.00017470300489168413,0.5122035658646357,0.4877964341353644
2111631,São Raimundo do Doca Bezerra,0.7966682998530132,0.0,0.5227053140096618,0.47729468599033814
2111672,São Roberto,0.7843237704918032,0.0,0.507371631926792,0.4926283680732079
2111706,São Vicente Ferrer,0.8547356188262638,0.0,0.5217391304347826,0.4782608695652174
2111722,Satubinha,0.8383278771090406,0.0,0.512,0.488
2111748,Senador Alexandre Costa,0.8782556026650515,0.0006056935190793458,0.5112826603325415,0.48871733966745845
2111763,Senador La Rocque,0.7634914885910902,0.0018109380659181455,0.5077282530553558,0.49227174694464415
2111789,Serrano do Maranhão,0.9661879114302813,0.0005984440454817474,0.5521545319465082,0.44784546805349185
2111805,Sítio Novo,0.7556370302474794,0.00036663611365719525,0.5278029342510415,0.47219706574895853
2111904,Sucupira do Norte,0.7667844522968198,0.00064246707356248,0.5318559556786704,0.46814404432132967
2111953,Sucupira do Riachão,0.8366336633663366,0.0,0.5236414961185604,0.4763585038814397
2112001,Tasso Fragoso,0.8630401234567902,0.0,0.5080769230769231,0.4919230769230769
2112100,Timbiras,0.8452005652788347,0.0,0.5130228034151086,0.4869771965848914
2112209,Timon,0.838077207642425,0.0010445227836532185,0.5026913175754739,0.4973086824245261
2112233,Trizidela do Vale,0.7667525773195877,0.0001840942562592047,0.48931546541108295,0.510684534588917
2112274,Tufilândia,0.8354037267080745,0.0,0.5027489309712889,0.4972510690287111
2112308,Tuntum,0.7386125325056623,0.00041942790034393086,0.5101077050538525,0.4898922949461475
2112407,Turiaçu,0.8638926174496644,0.0007158836689038032,0.5256318974724101,0.4743681025275899
2112456,Turilândia,0.8275957417392507,0.0,0.5045178691840864,0.4954821308159137
2112506,Tutóia,0.787475016655563,0.00022207417277370642,0.5068644207972652,0.49313557920273476
2112605,Urbano Santos,0.8471137026239067,0.00011661807580174928,0.4993057162693821,0.5006942837306179
2112704,Vargem Grande,0.8595545977011494,0.0,0.49385588165115724,0.5061441183488428
2112803,Viana,0.8154061446472871,0.0012721837033267604,0.5064402070968557,0.49355979290314433
2112852,Vila Nova dos Martírios,0.7840088839533592,0.001665741254858412,0.5304203539823009,0.46957964601769914
2112902,Vitória do Mearim,0.7292554773470804,0.0008922375334589075,0.503750493485985,0.496249506514015
2113009,Vitorino Freire,0.7704336947456214,0.0,0.5116519937856033,0.48834800621439667
2114007,Zé Doca,0.811958296696395,0.001444542142946866,0.4972898884804685,0.5027101115195315
2200053,Acauã,0.29006085192697767,0.0,0.5157894736842106,0.4842105263157895
2200103,Agricolândia,0.8269370021723389,0.001448225923244026,0.4898388227049755,0.5101611772950245
2200202,Água Branca,0.7898745519713262,0.0,0.4859340659340659,0.514065934065934
2200251,Alagoinha do Piauí,0.4881687242798354,0.0,0.5030674846625767,0.49693251533742333
2200277,Alegrete do Piauí,0.6262763784887678,0.0,0.5148711169861203,0.4851288830138797
2200301,Alto Longá,0.7960701009028146,0.0,0.5333857030636292,0.4666142969363708
2200400,Altos,0.861029867942923,0.00026588673225206064,0.5089951733216322,0.4910048266783677
2200459,Alvorada do Gurguéia,0.8289047310434219,0.0,0.5540796963946869,0.4459203036053131
2200509,Amarante,0.8821912013536379,0.00021150592216582064,0.4852941176470588,0.5147058823529411
2200608,Angical do Piauí,0.8325688073394495,0.0017201834862385322,0.5022172949002217,0.4977827050997783
2200707,Anísio de Abreu,0.7827547592385219,0.0,0.5042671614100186,0.49573283858998146
2200806,Antônio Almeida,0.8696186961869619,0.0,0.5117581187010078,0.48824188129899215
2200905,Aroazes,0.7996018579960186,0.0,0.53003300330033,0.46996699669966996
2200954,Aroeiras do Itaim,0.7632398753894081,0.0,0.5608628659476117,0.4391371340523883
2201002,Arraial,0.897080291970803,0.00145985401459854,0.5050573162508429,0.4949426837491571
2201051,Assunção do Piauí,0.7269021739130435,0.0,0.5157847932414407,0.48421520675855934
2201101,Avelino Lopes,0.7613967022308439,0.0,0.5022278803309994,0.49777211966900065
2201150,Baixa Grande do Ribeiro,0.8128050531151306,0.0,0.5110551357402743,0.4889448642597257
2201176,Barra D'Alcântara,0.8027613412228797,0.0,0.4766536964980545,0.5233463035019456
2201200,Barras,0.8580578664507105,0.00014724287712581904,0.5129662004662005,0.48703379953379955
2201309,Barreiras do Piauí,0.8080082135523614,0.0,0.5148717948717949,0.48512820512820515
2201408,Barro Duro,0.8326063249727372,0.0,0.5102469784550709,0.48975302154492906
2201507,Batalha,0.8664955070603337,0.0,0.5139868951612904,0.4860131048387097
2201556,Bela Vista do Piauí,0.33045977011494254,0.0,0.5150659133709982,0.4849340866290019
2201572,Belém do Piauí,0.7170900692840647,0.0,0.5118376550169109,0.4881623449830891
2201606,Beneditinos,0.8464864864864865,0.0,0.5179779280882877,0.48202207191171237
2201705,Bertolínia,0.822527832351015,0.0019646365422396855,0.5138086062941555,0.4861913937058446
2201739,Betânia do Piauí,0.6568796776050662,0.0,0.526567481402763,0.473432518597237
2201770,Boa Hora,0.8230729436109674,0.0,0.5126614987080104,0.4873385012919897
2201804,Bocaina,0.5858778625954199,0.0,0.4910122989593188,0.5089877010406811
2201903,Bom Jesus,0.7940242494226328,0.0040415704387990765,0.491341686611291,0.508658313388709
2201919,Bom Princípio do Piauí,0.6658243840808591,0.0,0.4927718416090509,0.507228158390949
2201929,Bonfim do Piauí,0.7227722772277227,0.0,0.49246231155778897,0.507537688442211
2201945,Boqueirão do Piauí,0.8979591836734694,0.0,0.5084548104956268,0.4915451895043732
2201960,Brasileira,0.7827420061322821,0.0,0.5086355785837651,0.4913644214162349
2201988,Brejo do Piauí,0.8077285579641847,0.0,0.5193014705882353,0.4806985294117647
2202000,Buriti dos Lopes,0.7842159559834938,0.000343878954607978,0.5114193875824734,0.48858061241752665
2202026,Buriti dos Montes,0.8350222942845561,0.0,0.5135463000404367,0.4864536999595633
2202059,Cabeceiras do Piauí,0.867214236824093,0.0,0.5213414634146342,0.47865853658536583
2202075,Cajazeiras do Piauí,0.9459459459459459,0.0,0.5009920634920635,0.4990079365079365
2202083,Cajueiro da Praia,0.7134174848059841,0.0,0.5377094972067039,0.4622905027932961
2202091,Caldeirão Grande do Piauí,0.6996359223300971,0.0,0.5041420118343195,0.4958579881656805
2202109,Campinas do Piauí,0.8895663956639567,0.0,0.5060646900269542,0.4939353099730458
2202117,Campo Alegre do Fidalgo,0.684355616815989,0.0,0.5166327223353699,0.48336727766463
2202133,Campo Grande do Piauí,0.767803710353082,0.0,0.5170990566037735,0.4829009433962264
2202174,Campo Largo do Piauí,0.905800464037123,0.0,0.5093394077448747,0.49066059225512526
2202208,Campo Maior,0.8420617192024489,0.0,0.5048041389504804,0.49519586104951957
2202251,Canavieira,0.8869565217391304,0.0,0.5399274047186933,0.46007259528130673
2202307,Canto do Buriti,0.7471095613874106,0.0,0.5086175942549371,0.4913824057450628
2202406,Capitão de Campos,0.8059368017874242,0.0,0.5107731305449936,0.4892268694550063
2202455,Capitão Gervásio Oliveira,0.7287644787644788,0.0,0.4942084942084942,0.5057915057915058
2202505,Caracol,0.7589314451239138,0.000643707756678468,0.512014787430684,0.4879852125693161
2202539,Caraúbas do Piauí,0.7667638483965015,0.0,0.5145687645687645,0.48543123543123545
2202554,Caridade do Piauí,0.8125421443020904,0.0,0.5294117647058824,0.47058823529411764
2202604,Castelo do Piauí,0.792319449751624,0.00019105846388995032,0.5028487410402499,0.49715125895975004
2202653,Caxingó,0.7607476635514019,0.0,0.5244798041615667,0.4755201958384333
2202703,Cocal,0.6656626506024096,0.0,0.506535555822041,0.493464444177959
2202711,Cocal de Telha,0.8258011503697618,0.0,0.4975609756097561,0.5024390243902439
2202729,Cocal dos Alves,0.5994252873563218,0.0,0.5111876075731497,0.48881239242685026
2202737,Coivaras,0.8452722063037249,0.0,0.518796992481203,0.48120300751879697
2202752,Colônia do Gurguéia,0.7725225225225225,0.00563063063063063,0.4819744869661675,0.5180255130338325
2202778,Colônia do Piauí,0.8657305835892936,0.004826678367705134,0.5251299826689775,0.4748700173310225
2202802,Conceição do Canindé,0.7634146341463415,0.0,0.5235478806907379,0.4764521193092622
2202851,Coronel José Dias,0.7661290322580645,0.0,0.5532425940752602,0.4467574059247398
2202901,Corrente,0.8217755889791029,0.0007986157327299348,0.5034281361097004,0.49657186389029967
2203008,Cristalândia do Piauí,0.820627802690583,0.0,0.5285087719298246,0.47149122807017546
2203107,Cristino Castro,0.7904940587867417,0.0009380863039399625,0.5176507341455795,0.4823492658544205
2203206,Curimatá,0.8395556926874421,0.000617093489663684,0.5090076335877862,0.4909923664122137
2203230,Currais,0.8617710583153347,0.0,0.5293701344656758,0.4706298655343241
2203255,Curralinhos,0.897196261682243,0.0,0.5261941448382126,0.47380585516178736
2203271,Curral Novo do Piauí,0.7551454932576295,0.0,0.522257053291536,0.47774294670846396
2203305,Demerval Lobão,0.8114011720831114,0.0,0.5064866296002118,0.4935133703997882
2203354,Dirceu Arcoverde,0.7150924024640657,0.0,0.5261806981519507,0.47381930184804927
2203404,Dom Expedito Lopes,0.6377777777777778,0.0011111111111111111,0.48730684326710816,0.5126931567328918
2203420,Domingos Mourão,0.6641846612062546,0.0,0.5282608695652173,0.4717391304347826
2203453,Dom Inocêncio,0.6413000396353548,0.0,0.5111458740711772,0.4888541259288228
2203503,Elesbão Veloso,0.8042356774368721,0.0,0.5079197465681098,0.49208025343189016
2203602,Eliseu Martins,0.7725779967159278,0.0,0.5317269076305221,0.4682730923694779
2203701,Esperantina,0.7869057175987869,0.000891981090000892,0.5111323708471038,0.48886762915289617
2203750,Fartura do Piauí,0.7987138263665595,0.0,0.5086816720257235,0.49131832797427655
2203800,Flores do Piauí,0.8535936113575865,0.0,0.5226130653266332,0.47738693467336685
2203859,Floresta do Piauí,0.7857142857142857,0.0,0.5220030349013657,0.4779969650986343
2203909,Floriano,0.7864029666254635,0.003955500618046972,0.4861737479230952,0.5138262520769048
2204006,Francinópolis,0.9216255442670537,0.0,0.5078498293515359,0.49215017064846417
2204105,Francisco Ayres,0.8392857142857143,0.0,0.5060630557801131,0.4939369442198868
2204154,Francisco Macedo,0.7715674362089915,0.0,0.5066666666666667,0.49333333333333335
2204204,Francisco Santos,0.65,0.00042735042735042735,0.5019140791152701,0.4980859208847299
2204303,Fronteiras,0.6153352582611485,0.0006416426050689766,0.5111320163060521,0.48886798369394796
2204352,Geminiano,0.686084142394822,0.0,0.5231362467866324,0.4768637532133676
2204402,Gilbués,0.8588829471182412,0.0020796197266785502,0.5055296856810244,0.49447031431897553
2204501,Guadalupe,0.7560240963855421,0.0,0.49605263157894736,0.5039473684210526
2204550,Guaribas,0.7545931758530183,0.0,0.4965299684542587,0.5034700315457413
2204600,Hugo Napoleão,0.7947214076246334,0.0,0.480410447761194,0.519589552238806
2204659,Ilha Grande,0.7463433410315627,0.0007698229407236335,0.5307750759878419,0.46922492401215804
2204709,Inhuma,0.7702702702702703,0.0,0.5076252723311547,0.4923747276688453
2204808,Ipiranga do Piauí,0.7354190807261491,0.0,0.5048132460531383,0.4951867539468618
2204907,Isaías Coelho,0.8801700811751063,0.0,0.5097068899885802,0.4902931100114199
2205003,Itainópolis,0.7475832438238453,0.0,0.5080701754385964,0.4919298245614035
2205102,Itaueira,0.8269774011299436,0.00035310734463276836,0.5166152792052072,0.4833847207947927
2205151,Jacobina do Piauí,0.5755223880597015,0.0,0.516091281451141,0.483908718548859
2205201,Jaicós,0.858149090197613,0.0,0.5038270187523919,0.4961729812476081
2205250,Jardim do Mulato,0.8404512489927478,0.0,0.5179569034317638,0.48204309656823624
2205276,Jatobá do Piauí,0.9093178036605657,0.0,0.5257048092868989,0.47429519071310117
2205300,Jerumenha,0.8675548589341693,0.0023510971786833857,0.5453172205438066,0.45468277945619334
2205359,João Costa,0.7422552664188352,0.0,0.5394581861012956,0.46054181389870436
2205409,Joaquim Pires,0.833534088171525,0.0002409058058299205,0.5261851015801354,0.47381489841986457
2205458,Joca Marques,0.8133911965282083,0.0,0.537712895377129,0.46228710462287104
2205508,José de Freitas,0.8660665074407495,0.00036744442403086535,0.5023041474654378,0.4976958525345622
2205516,Juazeiro do Piauí,0.7652846099789178,0.0,0.5037748798901853,0.4962251201098147
2205524,Júlio Borges,0.9332119004250152,0.0,0.5417661097852029,0.45823389021479716
2205532,Jurema,0.740210843373494,0.0007530120481927711,0.5145848915482424,0.48541510845175767
2205540,Lagoinha do Piauí,0.8413793103448276,0.0,0.5084967320261438,0.4915032679738562
2205557,Lagoa Alegre,0.821486268174475,0.0,0.5219435736677116,0.4780564263322884
2205565,Lagoa do Barro do Piauí,0.8,0.0,0.516546762589928,0.48345323741007196
2205573,Lagoa de São Francisco,0.5964391691394659,0.0,0.5234567901234568,0.4765432098765432
2205581,Lagoa do Piauí,0.8855160450997398,0.0,0.5038893690579084,0.4961106309420916
2205599,Lagoa do Sítio,0.8151918559122945,0.0,0.5230648944487881,0.4769351055512119
2205607,Landri Sales,0.87548942834769,0.0,0.5097613882863341,0.49023861171366595
2205706,Luís Correia,0.6768569103801,0.0006974311286760432,0.5147160266727984,0.48528397332720163
2205805,Luzilândia,0.7706912688862148,0.0,0.5050331125827815,0.49496688741721856
2205854,Madeiro,0.8138173302107728,0.0,0.5290763968072976,0.4709236031927024
2205904,Manoel Emídio,0.7958921694480102,0.0,0.5176544766708702,0.4823455233291299
2205953,Marcolândia,0.7562886597938144,0.0,0.5014303228442991,0.4985696771557009
2206001,Marcos Parente,0.8348778433024431,0.0,0.5081699346405228,0.4918300653594771
2206050,Massapê do Piauí,0.7857592942659105,0.0,0.5169988276670574,0.48300117233294254
2206100,Matias Olímpio,0.7925857843137255,0.00030637254901960784,0.5061877452460006,0.49381225475399937
2206209,Miguel Alves,0.8297263800171608,0.000667365811802841,0.5197356172035003,0.48026438279649974
2206308,Miguel Leão,0.8756756756756757,0.0,0.5401069518716578,0.45989304812834225
2206357,Milton Brandão,0.5854328905176363,0.0,0.5211459754433834,0.47885402455661663
2206407,Monsenhor Gil,0.8741699867197875,0.0,0.5023209549071618,0.4976790450928382
2206506,Monsenhor Hipólito,0.6042595344229816,0.0004952947003467063,0.5228951255539144,0.4771048744460857
2206605,Monte Alegre do Piauí,0.8528457682099676,0.001474491300501327,0.5175616835994195,0.48243831640058055
2206654,Morro Cabeça no Tempo,0.848012470771629,0.0,0.4918667699457785,0.5081332300542215
2206670,Morro do Chapéu do Piauí,0.8166270783847981,0.0,0.5214953271028038,0.4785046728971963
2206696,Murici dos Portelas,0.8005411673753382,0.0,0.5133208255159475,0.4866791744840525
2206704,Nazaré do Piauí,0.8844884488448845,0.0014144271570014145,0.5099583140342752,0.4900416859657249
2206720,Nazária,0.8926503340757238,0.0,0.519383076281784,0.4806169237182159
2206753,Nossa Senhora de Nazaré,0.8395904436860068,0.0,0.5298570227081582,0.4701429772918419
2206803,Nossa Senhora dos Remédios,0.8441401530406766,0.0004027386226339106,0.4961890243902439,0.5038109756097561
2206902,Novo Oriente do Piauí,0.8170454545454545,0.0,0.5232426303854876,0.4767573696145125
2206951,Novo Santo Antônio,0.743321718931475,0.0,0.5222222222222223,0.4777777777777778
2207009,Oeiras,0.834100479874645,0.0006855352071295661,0.49042809042809044,0.5095719095719096
2207108,Olho D'Água do Piauí,0.8252279635258358,0.0,0.48546511627906974,0.5145348837209303
2207207,Padre Marcos,0.667032967032967,0.0,0.495703544575725,0.5042964554242749
2207306,Paes Landim,0.8009708737864077,0.0,0.5132530120481927,0.4867469879518072
2207355,Pajeú do Piauí,0.8068880688806888,0.0,0.5191387559808612,0.48086124401913877
2207405,Palmeira do Piauí,0.7350427350427351,0.0019723865877712033,0.5275437459494491,0.47245625405055086
2207504,Palmeirais,0.8868940754039497,0.00025647601949217746,0.49729197439684886,0.5027080256031512
2207553,Paquetá,0.6937334510150044,0.0,0.5152571926765476,0.4847428073234525
2207603,Parnaguá,0.8549848942598187,0.0,0.5416787685158292,0.45832123148417075
2207702,Parnaíba,0.6555544873335577,0.0013940297072537614,0.49219548121926304,0.507804518780737
2207751,Passagem Franca do Piauí,0.8462709284627092,0.0,0.5084985835694051,0.4915014164305949
2207777,Patos do Piauí,0.7495244134432467,0.0,0.5085470085470085,0.49145299145299143
2207793,Pau D'Arco do Piauí,0.8488593155893536,0.0,0.5299065420560748,0.4700934579439252
2207801,Paulistana,0.6547132966447718,0.0010651517841292384,0.48686938493434695,0.513130615065653
2207850,Pavussu,0.8122151321786691,0.0,0.5620503597122302,0.4379496402877698
2207900,Pedro II,0.5913940256045519,0.0008001422475106685,0.5059774964838256,0.4940225035161744
2207934,Pedro Laurentino,0.780380673499268,0.0,0.5166908563134979,0.4833091436865022
2207959,Nova Santa Rita,0.7301161751563896,0.0,0.5241320914479255,0.4758679085520745
2208007,Picos,0.6203487239431131,0.0016072472238457044,0.4953514138445975,0.5046485861554024
2208106,Pimenteiras,0.6931717410582323,0.0,0.518213866039953,0.481786133960047
2208205,Pio IX,0.6983848997859505,0.0005837711617046118,0.510677808727948,0.489322191272052
2208304,Piracuruca,0.737008797653959,0.00011730205278592375,0.5023889989511712,0.4976110010488288
2208403,Piripiri,0.7448310925319173,0.000790871088012654,0.505078536937337,0.49492146306266305
2208502,Porto,0.8400096525096525,0.0,0.5150276508776148,0.4849723491223852
2208551,Porto Alegre do Piauí,0.8776881720430108,0.0,0.5217391304347826,0.4782608695652174
2208601,Prata do Piauí,0.8082191780821918,0.0,0.5185185185185185,0.48148148148148145
2208650,Queimada Nova,0.45682343870470316,0.025057825751734774,0.5184060721062619,0.4815939278937381
2208700,Redenção do Gurguéia,0.8370807224474751,0.0,0.49890270665691294,0.5010972933430871
2208809,Regeneração,0.864202490960225,0.0008035355564483728,0.5007760962359332,0.4992239037640667
2208858,Riacho Frio,0.8339651250947687,0.0,0.5181818181818182,0.4818181818181818
2208874,Ribeira do Piauí,0.8735144312393888,0.0008488964346349745,0.5019394879751745,0.49806051202482543
2208908,Ribeiro Gonçalves,0.7881750465549349,0.0,0.5273224043715847,0.4726775956284153
2209005,Rio Grande do Piauí,0.8056844547563805,0.0,0.5014343086632244,0.4985656913367757
2209104,Santa Cruz do Piauí,0.775974025974026,0.0,0.5090791180285343,0.4909208819714656
2209153,Santa Cruz dos Milagres,0.908133971291866,0.0,0.501841620626151,0.498158379373849
2209203,Santa Filomena,0.8425742574257425,0.0019801980198019802,0.5277914412198721,0.4722085587801279
2209302,Santa Luz,0.8031704095112285,0.0,0.5116883116883116,0.4883116883116883
2209351,Santana do Piauí,0.6556495003843198,0.0,0.4846390168970814,0.5153609831029186
2209377,Santa Rosa do Piauí,0.835530881332408,0.0,0.5290102389078498,0.4709897610921502
2209401,Santo Antônio de Lisboa,0.6567073170731708,0.001829268292682927,0.5060606060606061,0.49393939393939396
2209450,Santo Antônio dos Milagres,0.8783542039355993,0.0,0.5213675213675214,0.47863247863247865
2209500,Santo Inácio do Piauí,0.7993384785005513,0.0011025358324145535,0.5222929936305732,0.47770700636942676
2209559,São Braz do Piauí,0.7020440251572327,0.0,0.525989138867339,0.474010861132661
2209609,São Félix do Piauí,0.7228260869565217,0.0,0.4761273209549072,0.5238726790450928
2209658,São Francisco de Assis do Piauí,0.38499690018598887,0.0006199628022318661,0.5048134777376655,0.49518652226233456
2209708,São Francisco do Piauí,0.8790233074361821,0.0,0.5267807840971839,0.4732192159028161
2209757,São Gonçalo do Gurguéia,0.8461538461538461,0.0,0.5416191562143672,0.4583808437856328
2209807,São Gonçalo do Piauí,0.7630227439471754,0.001467351430667645,0.4900990099009901,0.5099009900990099
2209856,São João da Canabrava,0.6439966414777498,0.0,0.49958088851634536,0.5004191114836547
2209872,São João da Fronteira,0.7799097065462754,0.0,0.5183946488294314,0.4816053511705686
2209906,São João da Serra,0.8276276276276276,0.0,0.5082449941107184,0.4917550058892815
2209955,São João da Varjota,0.9178082191780822,0.00076103500761035,0.5007418397626113,0.4992581602373887
2209971,São João do Arraial,0.7598908594815825,0.0,0.5053763440860215,0.4946236559139785
2210003,São João do Piauí,0.7956950018241518,0.0016417365924844946,0.4997381742014313,0.5002618257985687
2210052,São José do Divino,0.7203231821006837,0.0,0.5254658385093167,0.4745341614906832
2210102,São José do Peixe,0.8634984833164813,0.0010111223458038423,0.5083579154375615,0.4916420845624385
2210201,São José do Piauí,0.5301003344481605,0.0,0.5199335548172758,0.48006644518272423
2210300,São Julião,0.6469453376205788,0.0,0.5088272383354351,0.4911727616645649
2210359,São Lourenço do Piauí,0.7515099223468508,0.0,0.5335628227194492,0.4664371772805508
2210375,São Luis do Piauí,0.5916542473919523,0.0,0.49201741654571846,0.5079825834542816
2210383,São Miguel da Baixa Grande,0.732824427480916,0.0,0.5207956600361664,0.47920433996383366
2210391,São Miguel do Fidalgo,0.8901869158878505,0.0,0.5440835266821346,0.45591647331786544
2210409,São Miguel do Tapuio,0.7822519083969466,0.0,0.5294228949858089,0.4705771050141911
2210508,São Pedro do Piauí,0.841859257335757,0.0,0.5292215866699826,0.4707784133300174
2210607,São Raimundo Nonato,0.7542007755277897,0.0022619560534252476,0.4894971355824316,0.5105028644175684
2210623,Sebastião Barros,0.7278719397363466,0.0,0.5276476101218369,0.4723523898781631
2210631,Sebastião Leal,0.7325475974614687,0.001813236627379873,0.5223214285714286,0.47767857142857145
2210656,Sigefredo Pacheco,0.8240534521158129,0.0,0.5090506095308459,0.49094939046915403
2210706,Simões,0.7732059759980406,0.0002449179524859172,0.5004614674665436,0.49953853253345637
2210805,Simplício Mendes,0.8039099526066351,0.001481042654028436,0.507411630558723,0.4925883694412771
2210904,Socorro do Piauí,0.8552631578947368,0.0,0.5467943994104643,0.45320560058953574
2210938,Sussuapara,0.5620711166562695,0.0,0.5149439601494396,0.4850560398505604
2210953,Tamboril do Piauí,0.8498168498168498,0.0,0.5220500595947557,0.47794994040524436
2210979,Tanque do Piauí,0.830110497237569,0.0,0.4924137931034483,0.5075862068965518
2211001,Teresina,0.7397283846031661,0.0016148673690898501,0.4868849435291191,0.513115056470881
2211100,União,0.8292873311997502,0.0,0.5124568800306631,0.4875431199693369
2211209,Uruçuí,0.7599393530997305,0.00033692722371967657,0.48862334260926504,0.511376657390735
2211308,Valença do Piauí,0.7850431447746884,0.0003835091083413231,0.48481955317930114,0.5151804468206989
2211357,Várzea Branca,0.7691803278688525,0.0,0.511943189154293,0.4880568108457069
2211407,Várzea Grande,0.7920962199312714,0.0,0.4862778730703259,0.5137221269296741
2211506,Vera Mendes,0.7418952618453866,0.0,0.48651960784313725,0.5134803921568627
2211605,Vila Nova do Piauí,0.5674653215636822,0.0012610340479192938,0.5232843137254902,0.47671568627450983
2211704,Wall Ferraz,0.8117229129662522,0.0,0.5219260533104041,0.47807394668959585
2300101,Abaiara,0.7684210526315789,0.0,0.5137614678899083,0.48623853211009177
2300150,Acarape,0.8216205043406366,0.0,0.5146633622470054,0.4853366377529946
2300200,Acaraú,0.7215196685142334,0.003928321584243663,0.5143117495711835,0.48568825042881647
2300309,Acopiara,0.6872620159494216,0.0002873769667361161,0.511509865599085,0.48849013440091504
2300408,Aiuaba,0.7432487725040916,0.00020458265139116204,0.5024865725084543,0.49751342749154565
2300507,Alcântaras,0.7785568215016068,0.0,0.5087972310354774,0.49120276896452264
2300606,Altaneira,0.7273652085452695,0.0,0.5115927419354839,0.4884072580645161
2300705,Alto Santo,0.6650665502945668,0.0,0.5094540046738899,0.49054599532611004
2300754,Amontada,0.7711010233130723,7.694083249980765e-05,0.521805196778605,0.4781948032213949
2300804,Antonina do Norte,0.5848322800194458,0.0,0.5019267822736031,0.4980732177263969
2300903,Apuiarés,0.680648236415634,0.00047664442326024784,0.5146472931802203,0.4853527068197797
2301000,Aquiraz,0.7399814039981404,0.00595072059507206,0.5089954337899544,0.4910045662100457
2301109,Aracati,0.7105962589639436,0.0005516273005365829,0.5063580369560898,0.49364196304391017
2301208,Aracoiaba,0.75,0.0,0.5178410408347288,0.4821589591652712
2301257,Ararendá,0.6952611553095814,0.0020754064337599448,0.5063032367972743,0.4936967632027257
2301307,Araripe,0.729631315430132,0.0015172204521316948,0.5070631970260223,0.4929368029739777
2301406,Aratuba,0.7701645535473428,0.03560830860534125,0.5057864281956865,0.4942135718043135
2301505,Arneiroz,0.6886833993835315,0.0,0.5172715347616965,0.48272846523830343
2301604,Assaré,0.6628009395184967,0.00044039929536112744,0.5073056691992986,0.49269433080070135
2301703,Aurora,0.6804167253273264,0.0,0.5,0.5
2301802,Baixio,0.6759259259259259,0.0,0.5105996365838885,0.48940036341611143
2301851,Banabuiú,0.7016304347826087,0.0,0.5003589375448672,0.4996410624551328
2301901,Barbalha,0.7750541627978954,0.0019189105540080471,0.5071021002792279,0.49289789972077214
2301950,Barreira,0.8733388022969647,0.00016406890894175554,0.4993451211525868,0.5006548788474132
2302008,Barro,0.6585245901639344,0.0,0.5058309037900874,0.49416909620991256
2302057,Barroquinha,0.7838992099081785,0.00021353833013025838,0.5223659105363578,0.47763408946364216
2302107,Baturité,0.7610283084925478,0.00020006001800540162,0.5038381018841591,0.4961618981158409
2302206,Beberibe,0.7096499325427821,0.0006390683803166938,0.5150214592274678,0.48497854077253216
2302305,Bela Cruz,0.7521246458923513,0.00020234722784297855,0.510835601249874,0.489164398750126
2302404,Boa Viagem,0.6884113097502219,0.0028527957398250285,0.5158476118747254,0.4841523881252746
2302503,Brejo Santo,0.7014440433212996,0.0006498194945848375,0.5027486256871564,0.49725137431284355
2302602,Camocim,0.7814652473387602,0.0004174493842621582,0.5074711752236182,0.49252882477638177
2302701,Campos Sales,0.6290489764187613,0.0005182689816014512,0.4953388762912572,0.5046611237087427
2302800,Canindé,0.7702609594350185,0.00047368874343295153,0.503716287959227,0.496283712040773
2302909,Capistrano,0.7852679416777125,0.0003787161522438932,0.5150890346766636,0.48491096532333644
2303006,Caridade,0.7457896409278678,0.00015888147442008263,0.5056746532156369,0.4943253467843632
2303105,Cariré,0.7236795462601914,0.0,0.513224732877912,0.4867752671220879
2303204,Caririaçu,0.7277006937561943,0.00408820614469772,0.49027998532827977,0.5097200146717202
2303303,Cariús,0.596905076429515,0.0,0.5129116766467066,0.48708832335329344
2303402,Carnaubal,0.598046875,0.0005859375,0.5012623810448631,0.4987376189551369
2303501,Cascavel,0.7309226545096618,0.00031083251308086825,0.5029884583676835,0.4970115416323166
2303600,Catarina,0.6822848609296248,0.0,0.47690875232774677,0.5230912476722532
2303659,Catunda,0.7502612330198537,0.0,0.5274305555555555,0.47256944444444443
2303709,Caucaia,0.7258908596995846,0.009238175135826143,0.5031327766138471,0.49686722338615286
2303808,Cedro,0.6086762075134168,0.0002981514609421586,0.5095729013254786,0.49042709867452133
2303907,Chaval,0.7861603797152136,0.0002498126405196103,0.49543097061002717,0.5045690293899728
2303931,Choró,0.8065212179333493,0.0011987532965715656,0.5155628364146969,0.4844371635853031
2303956,Chorozinho,0.7139270170739873,0.0006695681285570807,0.510347129506008,0.489652870493992
2304004,Coreaú,0.6460328806290208,0.0002859185132237312,0.5075651442981227,0.4924348557018773
2304103,Crateús,0.6820554401256778,0.00881771651548168,0.5054450994105305,0.4945549005894695
2304202,Crato,0.7080202988121226,0.00076545799903609,0.49341589151630616,0.5065841084836938
2304236,Croatá,0.7825500770416025,0.0,0.4869923264083848,0.5130076735916151
2304251,Cruz,0.6926512968299712,0.0,0.4963377854373115,0.5036622145626884
2304269,Deputado Irapuan Pinheiro,0.6715566422167889,0.0,0.49533846777462504,0.5046615322253749
2304277,Ereré,0.655470737913486,0.0,0.5190954773869346,0.4809045226130653
2304285,Eusébio,0.703213476783692,0.0016987542468856172,0.4992692602129585,0.5007307397870415
2304301,Farias Brito,0.7250090220137134,0.0007217610970768675,0.511048258794414,0.488951741205586
2304350,Forquilha,0.7142434551101908,0.00044372134299659814,0.5041733782398594,0.4958266217601406
2304400,Fortaleza,0.6507492356552035,0.0011746616737373498,0.4895409340161996,0.5104590659838004
2304459,Fortim,0.7227064220183487,0.0,0.5145209238509033,0.48547907614909674
2304509,Frecheirinha,0.6987335606429615,0.0,0.4928795558773835,0.5071204441226165
2304608,General Sampaio,0.7526132404181185,0.0,0.5051395007342144,0.4948604992657856
2304657,Graça,0.6826754385964913,0.0004385964912280702,0.5069534984789222,0.4930465015210778
2304707,Granja,0.7976331360946746,0.00035502958579881655,0.5114113250934177,0.48858867490658237
2304806,Granjeiro,0.7147912243453645,0.0,0.5066666666666667,0.49333333333333335
2304905,Groaíras,0.5955714750895473,0.00032562683165092806,0.5249436755712906,0.4750563244287094
2304954,Guaiúba,0.7677410969586691,0.0,0.5114787738873926,0.4885212261126074
2305001,Guaraciaba do Norte,0.6955460646735815,0.0013074174147999652,0.5013552430967305,0.49864475690326954
2305100,Guaramiranga,0.7252419955323902,0.0,0.5154411764705882,0.48455882352941176
2305209,Hidrolândia,0.6907689484309048,0.00018351991191044228,0.5028034002532104,0.49719659974678965
2305233,Horizonte,0.7213695395513577,0.0007308708607409906,0.5008892841262783,0.49911071587372163
2305266,Ibaretama,0.7534411977783144,0.001207437816952427,0.5290431429260063,0.4709568570739937
2305308,Ibiapina,0.7086155513411,0.000270929287455974,0.5099681020733652,0.49003189792663476
2305332,Ibicuitinga,0.6550912301353737,0.0,0.5302585193889542,0.4697414806110458
2305357,Icapuí,0.647945205479452,0.0,0.5115646258503401,0.4884353741496599
2305407,Icó,0.6702589589327753,0.0,0.5001821683235309,0.49981783167646904
2305506,Iguatu,0.6304115446285409,0.0008017103153393907,0.49257754660389536,0.5074224533961046
2305605,Independência,0.6324316708932094,0.00042265426880811494,0.5156813766305857,0.4843186233694144
2305654,Ipaporanga,0.739268680445151,0.0003179650238473768,0.5112570356472795,0.48874296435272047
2305704,Ipaumirim,0.655562347188264,0.0,0.5196347031963471,0.480365296803653
2305803,Ipu,0.6656947684105298,0.00041652782405864714,0.5089469778180918,0.49105302218190816
2305902,Ipueiras,0.7068660414086002,0.0005308794903556893,0.4982131961997734,0.5017868038002267
2306009,Iracema,0.5996235547190105,0.0013444474321054048,0.502088772845953,0.497911227154047
2306108,Irauçuba,0.7752306022788931,0.00040694519804666303,0.516372456542245,0.483627543457755
2306207,Itaiçaba,0.6584280771131982,0.001977261492832427,0.531496062992126,0.468503937007874
2306256,Itaitinga,0.7575891281327215,0.0,0.5169550777836043,0.4830449222163957
2306306,Itapajé,0.7131675874769797,0.0009208103130755065,0.4998046111762407,0.5001953888237592
2306405,Itapipoca,0.7451071761416589,0.0036456334630776822,0.5054953979426097,0.4945046020573904
2306504,Itapiúna,0.7830869714678583,0.0,0.5188008130081301,0.4811991869918699
2306553,Itarema,0.6925902267646119,0.06291919514532099,0.5138525045645789,0.48614749543542113
2306603,Itatira,0.7798211574152185,0.00016871941960519654,0.5120850789558492,0.4879149210441508
2306702,Jaguaretama,0.6768374592208789,0.00019190174630589137,0.523166385293566,0.47683361470643404
2306801,Jaguaribara,0.6626712328767124,0.0,0.5028764805414552,0.4971235194585448
2306900,Jaguaribe,0.6636747624076029,0.00021119324181626187,0.5078604893284747,0.4921395106715252
2307007,Jaguaruana,0.5622645458350775,0.0011511092507325241,0.5020768431983386,0.4979231568016615
2307106,Jardim,0.8072213893053474,0.0,0.5036845983787767,0.4963154016212233
2307205,Jati,0.7060164083865087,0.0009115770282588879,0.5042928151830095,0.4957071848169905
2307254,Jijoca de Jericoacoara,0.707218761451081,0.00036643459142543056,0.4940530649588289,0.505946935041171
2307304,Juazeiro do Norte,0.6789562787198022,0.001504850455485986,0.49308480250833675,0.5069151974916632
2307403,Jucás,0.663887291546866,0.0,0.5016473284629709,0.49835267153702906
2307502,Lavras da Mangabeira,0.6510973550928532,0.0,0.5120643431635389,0.4879356568364611
2307601,Limoeiro do Norte,0.5508923318297706,0.00026148918088514085,0.504447022428461,0.49555297757153904
2307635,Madalena,0.7600559636236446,0.0003497726477789437,0.5133782150871742,0.4866217849128258
2307650,Maracanaú,0.7054469959904277,0.01172760265614352,0.5017771957721447,0.4982228042278552
2307700,Maranguape,0.7283954090244177,0.0011252391133115788,0.5120279681473877,0.4879720318526123
2307809,Marco,0.7597730916265878,0.0004932790726353435,0.5174305216967333,0.4825694783032667
2307908,Martinópole,0.8179941002949852,0.0,0.5198354393182486,0.4801645606817514
2308005,Massapê,0.8284313725490197,0.00017507002801120448,0.507642108878585,0.4923578911214151
2308104,Mauriti,0.7014450867052023,0.000722543352601156,0.5101602747567258,0.4898397252432742
2308203,Meruoca,0.8227315247895229,0.0011693171188026192,0.5108195211786372,0.4891804788213628
2308302,Milagres,0.7276146566367386,0.0,0.5108970499698976,0.48910295003010235
2308351,Milhã,0.5687121866897148,0.0,0.5193732193732193,0.4806267806267806
2308377,Miraíma,0.734108335394509,0.0,0.5144395496818405,0.4855604503181596
2308401,Missão Velha,0.7414291217257319,0.0005778120184899846,0.5107234772662282,0.4892765227337718
2308500,Mombaça,0.6646930002433288,8.110957904128478e-05,0.5166075459529185,0.4833924540470816
2308609,Monsenhor Tabosa,0.6366396761133604,0.12408906882591093,0.4934856684706354,0.5065143315293646
2308708,Morada Nova,0.5933378424078458,0.00033818058843422386,0.5145049283154122,0.48549507168458783
2308807,Moraújo,0.8548448870164688,0.0,0.5061208875286917,0.49387911247130833
2308906,Morrinhos,0.6843928894245255,0.00045194335643266047,0.5087589073634204,0.49124109263657956
2309003,Mucambo,0.6492248062015504,0.0,0.4887127761767531,0.5112872238232469
2309102,Mulungu,0.7452118398142774,0.0005803830528148578,0.525711002585464,0.47428899741453606
2309201,Nova Olinda,0.7313331829460862,0.0018046469659372885,0.506924598812926,0.4930754011870741
2309300,Nova Russas,0.7212016175621029,0.0005777007510109763,0.4985764719280264,0.5014235280719735
2309409,Novo Oriente,0.6883680555555556,0.00818452380952381,0.5040898547185936,0.4959101452814064
2309458,Ocara,0.7376244374744306,0.000409109504977499,0.527661301230894,0.4723386987691059
2309508,Orós,0.6512488436632747,0.0,0.508493353028065,0.491506646971935
2309607,Pacajus,0.7372598825210351,0.00021167381065777637,0.4973569895849689,0.5026430104150311
2309706,Pacatuba,0.7385894000635814,0.011035923520595849,0.5035119315623593,0.4964880684376407
2309805,Pacoti,0.7807781649245064,0.0008710801393728223,0.519616144510302,0.480383855489698
2309904,Pacujá,0.6536723163841808,0.001694915254237288,0.5158951477969883,0.4841048522030117
2310001,Palhano,0.6801820438560199,0.0004137360364087712,0.5330882352941176,0.46691176470588236
2310100,Palmácia,0.7678762006403416,0.0,0.4978835978835979,0.5021164021164021
2310209,Paracuru,0.7404837013669822,0.0008412197686645636,0.5092101155167031,0.4907898844832969
2310258,Paraipaba,0.7295734700556343,0.0,0.5109765329295988,0.48902346707040123
2310308,Parambu,0.6523285899094438,0.00043122035360068997,0.49255952380952384,0.5074404761904762
2310407,Paramoti,0.7427597955706985,0.0,0.5381593714927049,0.4618406285072952
2310506,Pedra Branca,0.7349828820417056,7.78089013383131e-05,0.5038616002471424,0.49613839975285756
2310605,Penaforte,0.7058350100603622,0.0008048289738430583,0.5216012683313516,0.47839873166864844
2310704,Pentecoste,0.6985720865960386,0.0,0.5166210045662101,0.48337899543379
2310803,Pereiro,0.6286324786324786,0.00042735042735042735,0.5009455768018491,0.49905442319815085
2310852,Pindoretama,0.7244668911335578,0.0009352787130564908,0.5027767493520918,0.4972232506479082
2310902,Piquet Carneiro,0.5793878527020564,0.00023912003825920613,0.5095147478591817,0.4904852521408183
2310951,Pires Ferreira,0.6948157808933811,0.0,0.5198451113262342,0.4801548886737657
2311009,Poranga,0.5859310344827586,0.11310344827586206,0.5031550068587105,0.49684499314128944
2311108,Porteiras,0.7510437266534827,0.0,0.5118917739471962,0.48810822605280385
2311207,Potengi,0.6778590425531915,0.0,0.4963527851458886,0.5036472148541115
2311231,Potiretama,0.4745011086474501,0.0005543237250554324,0.5269823788546255,0.47301762114537443
2311264,Quiterianópolis,0.6790450928381963,0.010256410256410256,0.503406113537118,0.4965938864628821
2311306,Quixadá,0.7168083980957806,0.0002848191398461977,0.5061294573333865,0.4938705426666134
2311355,Quixelô,0.6338742393509128,0.0005070993914807302,0.5064507968631419,0.4935492031368581
2311405,Quixeramobim,0.7262293552300084,0.0016329196603527107,0.5094348243249417,0.49056517567505825
2311504,Quixeré,0.6258283772302464,0.0,0.5083884087442806,0.49161159125571935
2311603,Redenção,0.8135031847133758,0.0003821656050955414,0.5077602523659306,0.4922397476340694
2311702,Reriutaba,0.6659652814308259,0.000876731544800982,0.5158150851581509,0.48418491484184917
2311801,Russas,0.6265997005843434,0.0004829284782923649,0.5110470701248799,0.48895292987512007
2311900,Saboeiro,0.6314886314886314,0.0,0.49616204690831556,0.5038379530916844
2311959,Salitre,0.7438545755009296,0.0004131377814501136,0.5171102661596958,0.4828897338403042
2312007,Santana do Acaraú,0.794993162932576,0.0,0.5120698510529019,0.4879301489470981
2312106,Santana do Cariri,0.7526430915056508,0.0001822821728034998,0.5287606604971874,0.47123933950281255
2312205,Santa Quitéria,0.7509584539550895,7.824113919098662e-05,0.5178365937859609,0.48216340621403914
2312304,São Benedito,0.6595666001035426,0.0008875083203905037,0.5044183159278464,0.49558168407215364
2312403,São Gonçalo do Amarante,0.7466056670602125,0.0010330578512396695,0.5212479043662075,0.47875209563379256
2312502,São João do Jaguaribe,0.6555555555555556,0.0,0.5108293713681986,0.4891706286318014
2312601,São Luís do Curu,0.7301159342140738,0.0,0.5147770016120365,0.48522299838796346
2312700,Senador Pompeu,0.6698205092528176,0.0004174203422846807,0.5094138069168114,0.4905861930831887
2312809,Senador Sá,0.837037037037037,0.0,0.5120290512936905,0.4879709487063096
2312908,Sobral,0.7305614557374855,0.000919870883577796,0.5005005826453741,0.4994994173546259
2313005,Solonópole,0.6777939042089985,0.00020733982998133942,0.5178791615289766,0.48212083847102344
2313104,Tabuleiro do Norte,0.5459662288930581,0.0002501563477173233,0.5026592455163884,0.49734075448361165
2313203,Tamboril,0.7249472573839663,0.0017141350210970465,0.516350895406177,0.483649104593823
2313252,Tarrafas,0.5326747720364742,0.0,0.505965697240865,0.49403430275913496
2313302,Tauá,0.5874476456403097,0.0005076786394212463,0.4994675186368477,0.5005324813631523
2313351,Tejuçuoca,0.7405625462620281,0.0,0.5128018885055384,0.48719811149446157
2313401,Tianguá,0.7064931468918731,0.00023074438137431354,0.5036859481705939,0.4963140518294062
2313500,Trairi,0.7652573640597593,0.0003629105425512611,0.5200480913736099,0.47995190862639014
2313559,Tururu,0.8102531376302914,0.0,0.527672158850866,0.4723278411491339
2313609,Ubajara,0.7073068455812979,0.0003144983750917287,0.5036557342803426,0.4963442657196574
2313708,Umari,0.6381909547738693,0.0,0.5139442231075697,0.4860557768924303
2313757,Umirim,0.793737018693082,0.0,0.5259329538266919,0.474067046173308
2313807,Uruburetama,0.7564904598060682,0.00015639662183296842,0.5152221186703946,0.4847778813296055
2313906,Uruoca,0.785956416464891,0.0,0.5182341650671785,0.4817658349328215
2313955,Varjota,0.7080007425283089,0.0,0.5047056652518915,0.4952943347481085
2314003,Várzea Alegre,0.6963438459391571,0.0,0.49986084052323965,0.5001391594767604
2314102,Viçosa do Ceará,0.8055388320288982,0.0004925838760877894,0.5039160230610247,0.4960839769389753
2400109,Acari,0.5117437722419929,0.0,0.49504950495049505,0.504950495049505
2400208,Açu,0.6434706750771708,0.0007381559522211783,0.5038238396624473,0.49617616033755274
2400307,Afonso Bezerra,0.7327858496525584,0.0,0.5175548589341693,0.4824451410658307
2400406,Água Nova,0.45532831001076424,0.0,0.5160944206008584,0.48390557939914164
2400505,Alexandria,0.5962714826682202,0.0011651616661811825,0.5101923629055412,0.4898076370944588
2400604,Almino Afonso,0.5646616541353383,0.0,0.5320895522388059,0.467910447761194
2400703,Alto do Rodrigues,0.6144397843019772,0.0002995805871779509,0.5014819205690575,0.4985180794309425
2400802,Angicos,0.6718702173247628,0.00030609121518212427,0.5104513783701908,0.48954862162980917
2400901,Antônio Martins,0.5269565217391304,0.0,0.5147654892877823,0.48523451071221774
2401008,Apodi,0.5818965517241379,0.00010262725779967159,0.5083410091085866,0.49165899089141335
2401107,Areia Branca,0.6802891708468575,0.0007376807317792859,0.5061475409836066,0.49385245901639346
2401206,Arês,0.7338647467215222,0.0012856775520699408,0.5050942435048396,0.49490575649516044
2401305,Campo Grande,0.5540282550591829,0.0007636502481863307,0.5066565233929251,0.49334347660707495
2401404,Baía Formosa,0.6742880064179703,0.003208985158443642,0.5068,0.4932
2401453,Baraúna,0.6751691093573844,0.0007046223224351747,0.510717230008244,0.48928276999175596
2401503,Barcelona,0.6163410301953819,0.0,0.5349248452696729,0.4650751547303271
2401602,Bento Fernandes,0.7340168878166465,0.0,0.5359669811320755,0.46403301886792453
2401651,Bodó,0.5617816091954023,0.0,0.5374823196605375,0.4625176803394625
2401701,Bom Jesus,0.6741248646697943,0.0007217610970768675,0.50304114490161,0.49695885509839
2401800,Brejinho,0.6190613302620213,0.0005758710048949035,0.502729100833094,0.4972708991669061
2401859,Caiçara do Norte,0.6785920369301789,0.0005770340450086555,0.5334476843910806,0.4665523156089194
2401909,Caiçara do Rio do Vento,0.7113821138211383,0.0,0.505,0.495
2402006,Caicó,0.404291254847992,6.255473539346929e-05,0.5109080738392691,0.48909192616073094
2402105,Campo Redondo,0.5777854432562953,0.0,0.5011957635804578,0.4988042364195422
2402204,Canguaretama,0.6518712801371935,0.0014122868959951579,0.504668255860151,0.49533174413984904
2402303,Caraúbas,0.6118078333011769,0.0007717538105344395,0.5098373060915626,0.49016269390843736
2402402,Carnaúba dos Dantas,0.35315040650406504,0.0010162601626016261,0.5156882591093117,0.48431174089068824
2402501,Carnaubais,0.7172054998141955,0.0007432181345224824,0.507380073800738,0.492619926199262
2402600,Ceará-Mirim,0.7335879338683168,0.0011602049695446195,0.5080579985738055,0.49194200142619443
2402709,Cerro Corá,0.5931882686849574,0.0,0.5152933832709113,0.48470661672908866
2402808,Coronel Ezequiel,0.6357986326911125,0.0,0.5264116575591985,0.47358834244080145
2402907,Coronel João Pessoa,0.5299319727891156,0.0,0.5155826558265583,0.48441734417344173
2403004,Cruzeta,0.4806949806949807,0.0,0.4956647398843931,0.5043352601156069
2403103,Currais Novos,0.5009809167112538,0.0005350454788657035,0.49739606320063556,0.5026039367993644
2403202,Doutor Severiano,0.5610403397027601,0.0,0.5126849894291755,0.48731501057082455
2403251,Parnamirim,0.5308429633611036,0.0007345695601540805,0.49311597412952957,0.5068840258704704
2403301,Encanto,0.5070707070707071,0.0,0.49497655726724715,0.5050234427327528
2403400,Equador,0.4694002447980416,0.0,0.5211352657004831,0.4788647342995169
2403509,Espírito Santo,0.6576717916535927,0.0006275494195167869,0.524016114037806,0.475983885962194
2403608,Extremoz,0.7194107215932342,0.002046105579047879,0.5035030988951765,0.4964969011048235
2403707,Felipe Guerra,0.5759408602150538,0.0,0.5224983210208194,0.47750167897918067
2403756,Fernando Pedroza,0.7536585365853659,0.0,0.5370595382746051,0.4629404617253949
2403806,Florânia,0.5098947368421053,0.0,0.528702163061564,0.47129783693843597
2403905,Francisco Dantas,0.49738903394255873,0.0,0.5280312907431551,0.47196870925684486
2404002,Frutuoso Gomes,0.5742049469964664,0.0,0.5100788781770377,0.4899211218229623
2404101,Galinhos,0.6539050535987749,0.0,0.5171385991058122,0.4828614008941878
2404200,Goianinha,0.6858328393598103,0.003260225251926497,0.5032004655222578,0.4967995344777422
2404309,Governador Dix-Sept Rosado,0.62619449128724,0.0,0.5212053571428571,0.47879464285714285
2404408,Grossos,0.6736401673640168,0.0007607455306200076,0.5137166478767381,0.48628335212326196
2404507,Guamaré,0.6596774193548387,0.0005376344086021505,0.5057803468208093,0.49421965317919075
2404606,Ielmo Marinho,0.7551130247578041,0.0,0.520449077786688,0.47955092221331197
2404705,Ipanguaçu,0.7145077720207254,0.0,0.5083713850837138,0.4916286149162861
2404804,Ipueira,0.4688128772635815,0.0,0.49899396378269617,0.5010060362173038
2404853,Itajá,0.6912055335968379,0.0,0.5244789142026175,0.47552108579738245
2404903,Itaú,0.5300067430883345,0.0,0.5099866844207723,0.49001331557922767
2405009,Jaçanã,0.5819812126387702,0.0,0.5135708227311281,0.4864291772688719
2405108,Jandaíra,0.6821094135041893,0.0,0.5284474445515911,0.47155255544840885
2405207,Janduís,0.6320119670905011,0.0,0.520863309352518,0.479136690647482
2405306,Januário Cicco,0.6717134416543574,0.0,0.511542689629901,0.48845731037009893
2405405,Japi,0.6592210767468499,0.0,0.5256556442417332,0.47434435575826683
2405504,Jardim de Angicos,0.9089692101740294,0.0,0.5019973368841545,0.4980026631158455
2405603,Jardim de Piranhas,0.4116059379217274,0.0002699055330634278,0.5037593984962406,0.49624060150375937
2405702,Jardim do Seridó,0.3616724738675958,0.0006968641114982578,0.5074471770003464,0.49255282299965364
2405801,João Câmara,0.6641962944416625,0.01171757636454682,0.5061400923469889,0.4938599076530111
2405900,João Dias,0.6143790849673203,0.0,0.49742268041237114,0.5025773195876289
2406007,José da Penha,0.4765319426336376,0.000651890482398957,0.5061648280337443,0.4938351719662557
2406106,Jucurutu,0.5809146877748461,0.0,0.5152972027972028,0.4847027972027972
2406155,Jundiá,0.6506137865911237,0.0009442870632672333,0.5402621722846442,0.4597378277153558
2406205,Lagoa d'Anta,0.6027874564459931,0.007466401194624191,0.5154336109750123,0.4845663890249878
2406304,Lagoa de Pedras,0.6732860520094562,0.00047281323877068556,0.5280112044817927,0.47198879551820727
2406403,Lagoa de Velhos,0.6597051597051597,0.0,0.5233415233415234,0.47665847665847666
2406502,Lagoa Nova,0.6697940503432495,0.0002288329519450801,0.4969311207092521,0.503068879290748
2406601,Lagoa Salgada,0.6719015280135824,0.0,0.508481764206955,0.49151823579304493
2406700,Lajes,0.6653926337734538,0.0,0.5080122741220593,0.49198772587794065
2406809,Lajes Pintadas,0.778021978021978,0.0,0.5215801024140454,0.47841989758595466
2406908,Lucrécia,0.5272177419354839,0.0,0.5216515609264853,0.4783484390735146
2407005,Luís Gomes,0.6152711176687569,0.0,0.508400292184076,0.49159970781592405
2407104,Macaíba,0.699655557172658,0.00029107844564110026,0.5018994950709305,0.4981005049290695
2407203,Macau,0.6723722920566997,0.001470981545867879,0.500987491770902,0.4990125082290981
2407252,Major Sales,0.6339092872570194,0.0,0.5080731969860065,0.49192680301399355
2407302,Marcelino Vieira,0.4592760180995475,0.0,0.5053763440860215,0.4946236559139785
2407401,Martins,0.5855421686746988,0.00048192771084337347,0.5284200385356455,0.47157996146435455
2407500,Maxaranguape,0.7864077669902912,0.0,0.5248292985723153,0.4751707014276847
2407609,Messias Targino,0.6878306878306878,0.0,0.5204525674499565,0.4795474325500435
2407708,Montanhas,0.6017673888255416,0.0005701254275940707,0.5111424541607898,0.48885754583921015
2407807,Monte Alegre,0.6760541220893643,0.0,0.5079365079365079,0.49206349206349204
2407906,Monte das Gameleiras,0.526241134751773,0.0,0.5041782729805014,0.4958217270194986
2408003,Mossoró,0.5819897424272478,0.0006092204811425009,0.4995188351626895,0.5004811648373105
2408102,Natal,0.5610661501925249,0.0010006686495584608,0.49470461275912264,0.5052953872408774
2408201,Nísia Floresta,0.6933807829181494,0.00099644128113879,0.5251848751220873,0.47481512487791266
2408300,Nova Cruz,0.599191045056909,0.00037625811306556296,0.5009795689896446,0.4990204310103554
2408409,Olho d'Água do Borges,0.5456187895212286,0.0,0.5359066427289049,0.46409335727109513
2408508,Ouro Branco,0.2913453299057412,0.0,0.5295629820051414,0.4704370179948586
2408607,Paraná,0.5048543689320388,0.0,0.5304347826086957,0.46956521739130436
2408706,Paraú,0.65748031496063,0.0,0.5241312741312741,0.47586872586872586
2408805,Parazinho,0.7345075016307893,0.0,0.48936170212765956,0.5106382978723404
2408904,Parelhas,0.33698920926941445,0.0,0.5022815022815023,0.49771849771849774
2408953,Rio do Fogo,0.7248366013071895,0.000980392156862745,0.5161812297734628,0.48381877022653724
2409100,Passa e Fica,0.5972305839855508,0.0,0.5019350997320631,0.49806490026793687
2409209,Passagem,0.6191616766467066,0.0,0.49649532710280375,0.5035046728971962
2409308,Patu,0.5279122297515327,0.0,0.5208134731490308,0.4791865268509692
2409332,Santa Maria,0.7105263157894737,0.0,0.5353185595567868,0.4646814404432133
2409407,Pau dos Ferros,0.4832169709989259,0.0001342642320085929,0.5113410266613609,0.48865897333863906
2409506,Pedra Grande,0.7420189818809318,0.0,0.521079258010118,0.47892074198988194
2409605,Pedra Preta,0.7542372881355932,0.0,0.5326876513317191,0.46731234866828086
2409704,Pedro Avelino,0.6830294530154277,0.0,0.5429362880886427,0.45706371191135736
2409803,Pedro Velho,0.6263580538497875,0.0016532829475673122,0.525562851782364,0.474437148217636
2409902,Pendências,0.6918844566712518,0.0002751031636863824,0.5094492440604752,0.49055075593952485
2410009,Pilões,0.5808314087759815,0.0,0.5068181818181818,0.49318181818181817
2410108,Poço Branco,0.7303676804357694,0.0,0.5071122149469406,0.49288778505305936
2410207,Portalegre,0.6239795918367347,0.0,0.5088607594936709,0.4911392405063291
2410256,Porto do Mangue,0.6948717948717948,0.001282051282051282,0.5379222434671765,0.46207775653282346
2410306,Serra Caiada,0.6184905660377359,0.0003773584905660377,0.5374301675977654,0.46256983240223465
2410405,Pureza,0.7177606177606177,0.0,0.51203007518797,0.48796992481203005
2410504,Rafael Fernandes,0.42915980230642503,0.0,0.5102543068088597,0.48974569319114025
2410603,Rafael Godeiro,0.4010840108401084,0.0,0.5370121130551817,0.4629878869448183
2410702,Riacho da Cruz,0.6477683956574186,0.006031363088057901,0.5440835266821346,0.45591647331786544
2410801,Riacho de Santana,0.4712430426716141,0.0,0.4962894248608534,0.5037105751391465
2410900,Riachuelo,0.7537912578055308,0.0,0.5118942731277533,0.4881057268722467
2411007,Rodolfo Fernandes,0.5583126550868487,0.0,0.5144747725392886,0.4855252274607113
2411056,Tibau,0.6772216547497446,0.0,0.49949341438703143,0.5005065856129686
2411106,Ruy Barbosa,0.7576301615798923,0.0,0.5062277580071174,0.49377224199288255
2411205,Santa Cruz,0.5805773798647907,0.0013703636031427006,0.5038801660350117,0.49611983396498827
2411403,Santana do Matos,0.6366318047733976,0.0,0.5082446808510638,0.49175531914893617
2411429,Santana do Seridó,0.2375366568914956,0.0,0.478134110787172,0.521865889212828
2411502,Santo Antônio,0.6106638310800547,0.0,0.5153985507246377,0.4846014492753623
2411601,São Bento do Norte,0.7385844748858448,0.0,0.5338600451467269,0.46613995485327314
2411700,São Bento do Trairí,0.6170212765957447,0.0008183306055646482,0.5153473344103393,0.48465266558966075
2411809,São Fernando,0.3158469945355191,0.0,0.509825327510917,0.490174672489083
2411908,São Francisco do Oeste,0.4826254826254826,0.0,0.5203021718602455,0.4796978281397545
2412005,São Gonçalo do Amarante,0.6784448212083847,0.0004623921085080148,0.5020538566864445,0.49794614331355547
2412104,São João do Sabugi,0.4228416043507818,0.0,0.522207267833109,0.477792732166891
2412203,São José de Mipibu,0.6605267544590765,0.0005000833472245374,0.5073651108904337,0.4926348891095664
2412302,São José do Campestre,0.6687713759536964,0.0,0.5189075630252101,0.4810924369747899
2412401,São José do Seridó,0.4100346020761246,0.0,0.5046888320545609,0.49531116794543906
2412500,São Miguel,0.4071799716580066,0.0,0.48919511431255874,0.5108048856874413
2412559,São Miguel do Gostoso,0.698849773440223,0.0013942140118508191,0.5217687074829932,0.4782312925170068
2412609,São Paulo do Potengi,0.6508172362555721,0.00021226915729144556,0.5062592828347124,0.4937407171652875
2412708,São Pedro,0.7317345231455661,0.0,0.540765391014975,0.45923460898502494
2412807,São Rafael,0.5338779432964921,0.0,0.5300572519083969,0.4699427480916031
2412906,São Tomé,0.6818766066838047,0.00032133676092544985,0.5216978143807413,0.4783021856192588
2413003,São Vicente,0.4790755777638976,0.0012492192379762648,0.4897196261682243,0.5102803738317757
2413102,Senador Elói de Souza,0.7092957746478873,0.0,0.5104225352112676,0.4895774647887324
2413201,Senador Georgino Avelino,0.6965632858340318,0.0,0.48535564853556484,0.5146443514644351
2413300,Serra de São Bento,0.6183249016301293,0.0,0.5224466891133558,0.4775533108866442
2413359,Serra do Mel,0.6539500337609723,0.0006752194463200541,0.5282767797737857,0.4717232202262142
2413409,Serra Negra do Norte,0.564321608040201,0.0005025125628140704,0.5358208955223881,0.46417910447761196
2413508,Serrinha,0.6733266733266733,0.0,0.559364133134625,0.44063586686537504
2413557,Serrinha dos Pintos,0.3719512195121951,0.0017421602787456446,0.49524632670700086,0.5047536732929991
2413607,Severiano Melo,0.5900581020012912,0.0,0.5031766200762389,0.49682337992376113
2413706,Sítio Novo,0.5340050377833753,0.0,0.5201511335012594,0.47984886649874053
2413805,Taboleiro Grande,0.5415986949429038,0.0,0.5358306188925082,0.46416938110749184
2413904,Taipu,0.7345958922379301,0.0008002133902373967,0.5397622192866579,0.46023778071334215
2414001,Tangará,0.6420414821719879,0.0,0.5114345114345115,0.4885654885654886
2414100,Tenente Ananias,0.5742574257425742,0.0,0.5060109289617486,0.49398907103825135
2414159,Tenente Laurentino Cruz,0.5973684210526315,0.0,0.5039473684210526,0.49605263157894736
2414209,Tibau do Sul,0.7042209807572936,0.00031036623215394165,0.5044492175513962,0.49555078244860384
2414308,Timbaúba dos Batistas,0.5119047619047619,0.0,0.5229202037351444,0.4770797962648557
2414407,Touros,0.6988366211431462,0.001112797167425392,0.5311057595825808,0.46889424041741923
2414456,Triunfo Potiguar,0.6280487804878049,0.003048780487804878,0.5303643724696356,0.46963562753036436
2414506,Umarizal,0.525974025974026,0.0,0.5039049235993209,0.4960950764006791
2414605,Upanema,0.6407870247274661,0.0,0.5188428874734607,0.48115711252653925
2414704,Várzea,0.5944293478260869,0.0006793478260869565,0.4955991875423155,0.5044008124576845
2414753,Venha-Ver,0.428125,0.0,0.5202808112324493,0.4797191887675507
2414803,Vera Cruz,0.5794934391211474,0.0015257857796765334,0.49271402550091076,0.5072859744990893
2414902,Viçosa,0.701271186440678,0.0,0.5148305084745762,0.4851694915254237
2415008,Vila Flor,0.6948118006103764,0.002034587995930824,0.5075225677031093,0.49247743229689067
2500106,Água Branca,0.5963734049697784,0.000335795836131632,0.5122679045092838,0.48773209549071617
2500205,Aguiar,0.5832187070151307,0.0,0.48770491803278687,0.5122950819672131
2500304,Alagoa Grande,0.7124078624078624,0.00036855036855036854,0.5080487804878049,0.4919512195121951
2500403,Alagoa Nova,0.7282549972987574,0.0,0.5065509915014165,0.4934490084985836
2500502,Alagoinha,0.7373985738873863,0.0,0.5149235622421743,0.4850764377578258
2500536,Alcantil,0.5978695073235686,0.0,0.5149700598802395,0.48502994011976047
2500577,Algodão de Jandaíra,0.6473149492017417,0.0,0.5217391304347826,0.4782608695652174
2500601,Alhandra,0.6895903795565577,0.0016910935738444193,0.5007388252678242,0.49926117473217585
2500700,São João do Rio do Peixe,0.519455252918288,0.0019455252918287938,0.5012755102040817,0.4987244897959184
2500734,Amparo,0.575139146567718,0.0,0.4919786096256685,0.5080213903743316
2500775,Aparecida,0.6783625730994152,0.0,0.5132467532467533,0.48675324675324677
2500809,Araçagi,0.6144771045790842,0.0,0.5115445859872612,0.48845541401273884
2500908,Arara,0.6515555555555556,0.0,0.4980876728449544,0.5019123271550456
2501005,Araruna,0.6375087473757872,0.0,0.5035683202785031,0.49643167972149693
2501104,Areia,0.6857646540326134,0.003672689878066696,0.5111811926605505,0.48881880733944955
2501153,Areia de Baraúnas,0.6655172413793103,0.0,0.49246231155778897,0.507537688442211
2501203,Areial,0.6263929618768328,0.0,0.4938846825859057,0.5061153174140943
2501302,Aroeiras,0.5993307502641775,0.0007044734061289186,0.48485379092978464,0.5151462090702154
2501351,Assunção,0.712776176753122,0.0009606147934678194,0.5052732502396932,0.4947267497603068
2501401,Baía da Traição,0.11870054144106622,0.7634319033735943,0.5170549084858569,0.4829450915141431
2501500,Bananeiras,0.615483663286657,0.00016095284081764043,0.5045987947986045,0.4954012052013955
2501534,Baraúna,0.6631299734748011,0.0,0.5318221447253705,0.46817785527462946
2501575,Barra de Santana,0.5617785378366823,0.0,0.5140425531914894,0.48595744680851066
2501609,Barra de Santa Rosa,0.6400916963830872,0.0,0.5130653266331658,0.48693467336683416
2501708,Barra de São Miguel,0.46662546353522866,0.0,0.5322283609576427,0.4677716390423573
2501807,Bayeux,0.6378861318093033,0.0035086450119366274,0.49720828327090255,0.5027917167290975
2501906,Belém,0.6427052318162484,0.0012760527435133986,0.5023245984784447,0.49767540152155537
2502003,Belém do Brejo do Cruz,0.6438868126001068,0.0,0.5344108446298227,0.46558915537017725
2502052,Bernardino Batista,0.6491803278688525,0.0,0.4810810810810811,0.518918918918919
2502102,Boa Ventura,0.6604901374775852,0.0,0.5228337236533958,0.4771662763466042
2502151,Boa Vista,0.5121668597914253,0.004055619930475087,0.5022883295194508,0.4977116704805492
2502201,Bom Jesus,0.625748502994012,0.0,0.5315712187958884,0.4684287812041116
2502300,Bom Sucesso,0.613506916192026,0.0,0.5214922952149229,0.47850770478507704
2502409,Bonito de Santa Fé,0.7195666029318037,0.00031867431485022306,0.4940326633165829,0.5059673366834171
2502508,Boqueirão,0.5801400906468892,0.0016481252575195715,0.5086171522363562,0.4913828477636438
2502607,Igaracy,0.5633802816901409,0.0,0.5030812324929972,0.4969187675070028
2502706,Borborema,0.6849791376912379,0.0,0.5183137525915688,0.48168624740843125
2502805,Brejo do Cruz,0.5919354838709677,0.0,0.5195011939506501,0.48049880604934997
2502904,Brejo dos Santos,0.4993872549019608,0.0,0.5292682926829269,0.47073170731707314
2503001,Caaporã,0.7584668759292913,0.00033041467041136624,0.5031234983181163,0.4968765016818837
2503100,Cabaceiras,0.540340488527017,0.0,0.5018504811250926,0.4981495188749075
2503209,Cabedelo,0.6165617754223253,0.006293474660483604,0.49669089021541657,0.5033091097845834
2503308,Cachoeira dos Índios,0.6577008106116433,0.0,0.5287939152480985,0.4712060847519015
2503407,Cacimba de Areia,0.6710659898477157,0.0,0.5055276381909548,0.49447236180904525
2503506,Cacimba de Dentro,0.6977446637132501,0.0006041079339508659,0.5135406218655968,0.4864593781344032
2503555,Cacimbas,0.7347228801515869,0.0,0.4973142345568487,0.5026857654431512
2503605,Caiçara,0.6525096525096525,0.0009652509652509653,0.5245901639344263,0.47540983606557374
2503704,Cajazeiras,0.5790362953692115,6.257822277847309e-05,0.495140823274528,0.504859176725472
2503753,Cajazeirinhas,0.6002386634844868,0.0,0.5124555160142349,0.4875444839857651
2503803,Caldas Brandão,0.6054664289958408,0.0,0.5142348754448398,0.48576512455516013
2503902,Camalaú,0.6508238276299113,0.0,0.5062344139650873,0.4937655860349127
2504009,Campina Grande,0.5780410286044496,0.00148319368198016,0.49804655937794085,0.5019534406220592
2504033,Capim,0.578227245687091,0.001784651992861392,0.5259172976121141,0.47408270238788586
2504074,Caraúbas,0.631578947368421,0.0,0.5207509881422925,0.4792490118577075
2504108,Carrapateira,0.3911290322580645,0.0,0.5180722891566265,0.4819277108433735
2504157,Casserengue,0.6977715877437326,0.0,0.5139275766016713,0.4860724233983287
2504207,Catingueira,0.6737381126554499,0.0,0.5188953488372093,0.4811046511627907
2504306,Catolé do Rocha,0.5753752158321158,0.000796918581484925,0.50735101076398,0.49264898923601996
2504355,Caturité,0.5205479452054794,0.0,0.5148833467417538,0.48511665325824616
2504405,Conceição,0.669586745381832,0.0009521995810321843,0.519811320754717,0.480188679245283
2504504,Condado,0.5731922398589065,0.0,0.5280701754385965,0.47192982456140353
2504603,Conde,0.7187352524775837,0.006292276230926538,0.5019310984087749,0.4980689015912251
2504702,Congo,0.6359967715899919,0.0,0.5168539325842697,0.48314606741573035
2504801,Coremas,0.5439638783269962,0.0004752851711026616,0.5046970408642555,0.49530295913574446
2504850,Coxixola,0.510158013544018,0.0,0.5458612975391499,0.4541387024608501
2504900,Cruz do Espírito Santo,0.6833086524222551,0.0004231013327691982,0.5019895287958115,0.49801047120418845
2505006,Cubati,0.5596234309623431,0.0010460251046025104,0.5099846390168971,0.49001536098310294
2505105,Cuité,0.6266690404130318,0.0,0.5083097595473833,0.49169024045261667
2505204,Cuitegi,0.6761583011583011,0.0009652509652509653,0.5109523809523809,0.48904761904761906
2505238,Cuité de Mamanguape,0.6695652173913044,0.0,0.49512459371614304,0.504875406283857
2505279,Curral de Cima,0.7262135922330097,0.0,0.5206451612903226,0.47935483870967743
2505303,Curral Velho,0.7023809523809523,0.0,0.5135483870967742,0.4864516129032258
2505352,Damião,0.65625,0.0,0.5156657963446475,0.48433420365535246
2505402,Desterro,0.659870250231696,0.0004633920296570899,0.5099052540913006,0.4900947459086994
2505501,Vista Serrana,0.4024390243902439,0.0,0.547112462006079,0.45288753799392095
2505600,Diamante,0.79559902200489,0.0,0.5266955266955267,0.4733044733044733
2505709,Dona Inês,0.7013996889580093,0.00031104199066874026,0.523248605083695,0.476751394916305
2505808,Duas Estradas,0.6111645813282002,0.0,0.524904214559387,0.47509578544061304
2505907,Emas,0.6583592938733126,0.0,0.5159958720330238,0.4840041279669763
2506004,Esperança,0.5950041434828933,0.0,0.5060495712439798,0.4939504287560202
2506103,Fagundes,0.647933392804044,0.0014867677668748143,0.5130023640661938,0.48699763593380613
2506202,Frei Martinho,0.5948644793152639,0.0,0.4971830985915493,0.5028169014084507
2506251,Gado Bravo,0.5653343581860107,0.0,0.5089660434948493,0.4910339565051507
2506301,Guarabira,0.6110669843791369,0.0009928514694201747,0.49671571203363113,0.5032842879663689
2506400,Gurinhém,0.7033833630119563,0.0002543881963876876,0.5306174089068826,0.4693825910931174
2506509,Gurjão,0.6013824884792627,0.0,0.4983012457531144,0.5016987542468856
2506608,Ibiara,0.688034188034188,0.0,0.5378048780487805,0.46219512195121953
2506707,Imaculada,0.7072625698324022,0.0,0.5118587975730833,0.4881412024269167
2506806,Ingá,0.6755878417128656,0.0,0.5038921587241314,0.4961078412758686
2506905,Itabaiana,0.607627765064836,0.0013729977116704805,0.5036396724294814,0.4963603275705187
2507002,Itaporanga,0.5701953657428441,0.00015144631228229593,0.50627990430622,0.4937200956937799
2507101,Itapororoca,0.6067230356774592,0.00041245617653124357,0.5155165373621886,0.48448346263781134
2507200,Itatuba,0.7072530357728913,0.0,0.5084967320261438,0.4915032679738562
2507309,Jacaraú,0.603448275862069,0.0017491254372813594,0.5053283767038413,0.4946716232961586
2507408,Jericó,0.5803439803439804,0.0,0.5134737873591376,0.4865262126408623
2507507,João Pessoa,0.5680068113908732,0.0025167875081661723,0.4913142093325545,0.5086857906674456
2507606,Juarez Távora,0.6702728127939793,0.0,0.509090909090909,0.4909090909090909
2507705,Juazeirinho,0.6534855279249898,0.00020383204239706482,0.5071570576540756,0.49284294234592446
2507804,Junco do Seridó,0.62254120148857,0.0,0.5158394931362197,0.48416050686378037
2507903,Juripiranga,0.713351686166552,0.0010323468685478321,0.5246575342465754,0.47534246575342465
2508000,Juru,0.6381336018798255,0.0,0.5225998020455296,0.4774001979544705
2508109,Lagoa,0.5545023696682464,0.0,0.5059101654846335,0.4940898345153664
2508208,Lagoa de Dentro,0.6315035799522674,0.0,0.504739336492891,0.495260663507109
2508307,Lagoa Seca,0.626993006993007,0.0002797202797202797,0.49572649572649574,0.5042735042735043
2508406,Lastro,0.6071428571428571,0.0,0.4891891891891892,0.5108108108108108
2508505,Livramento,0.5913604766633564,0.0004965243296921549,0.4982968369829684,0.5017031630170317
2508554,Logradouro,0.5787671232876712,0.0,0.5038297872340426,0.49617021276595746
2508604,Lucena,0.7400787640109058,0.002726446531354135,0.5068814055636897,0.4931185944363104
2508703,Mãe d'Água,0.6669733210671573,0.0,0.48032936870997256,0.5196706312900274
2508802,Malta,0.5958445040214477,0.0,0.5172872340425532,0.48271276595744683
2508901,Mamanguape,0.6444137258090746,0.002520735078874614,0.5038883989417141,0.4961116010582859
2509008,Manaíra,0.7201848998459168,0.0,0.5297777777777778,0.4702222222222222
2509057,Marcação,0.09440130772374336,0.8218226399673069,0.5146938775510204,0.4853061224489796
2509107,Mari,0.6152906266364112,0.0005236515971373713,0.5030198446937014,0.4969801553062985
2509156,Marizópolis,0.6080402010050251,0.000628140703517588,0.5151890886546807,0.4848109113453193
2509206,Massaranduba,0.625855929882224,0.0,0.5,0.5
2509305,Mataraca,0.631175468483816,0.025979557069846677,0.4993657505285412,0.5006342494714587
2509339,Matinhas,0.7071097372488409,0.0,0.5098634294385432,0.49013657056145676
2509370,Mato Grosso,0.7181818181818181,0.0,0.5142487046632125,0.48575129533678757
2509396,Maturéia,0.6607142857142857,0.0,0.5027056277056277,0.4972943722943723
2509404,Mogeiro,0.6732984293193718,0.0007853403141361257,0.4966373512674599,0.5033626487325401
2509503,Montadas,0.5928677563150074,0.0,0.5062454077883909,0.4937545922116091
2509602,Monte Horebe,0.6382978723404256,0.0,0.5155786350148368,0.4844213649851632
2509701,Monteiro,0.6602000976085896,0.0004880429477794046,0.4963741841914431,0.5036258158085569
2509800,Mulungu,0.6560826319816373,0.00038255547054322876,0.4948571428571429,0.5051428571428571
2509909,Natuba,0.6173141633527073,0.001223615784643622,0.49789156626506026,0.5021084337349397
2510006,Nazarezinho,0.5768817204301075,0.0,0.4970540974825924,0.5029459025174076
2510105,Nova Floresta,0.6257956448911223,0.0,0.5018038701213513,0.49819612987864875
2510204,Nova Olinda,0.7417815482502651,0.0,0.5230689476412649,0.4769310523587351
2510303,Nova Palmeira,0.5215439856373429,0.0017953321364452424,0.5143353605560382,0.48566463944396177
2510402,Olho d'Água,0.40575539568345326,0.0,0.4935437589670014,0.5064562410329986
2510501,Olivedos,0.5924024640657084,0.0,0.5357142857142857,0.4642857142857143
2510600,Ouro Velho,0.6348167539267016,0.002617801047120419,0.5155440414507773,0.4844559585492228
2510659,Parari,0.45396825396825397,0.0,0.5283018867924528,0.4716981132075472
2510709,Passagem,0.61,0.0,0.5107084019769358,0.48929159802306427
2510808,Patos,0.5437569060773481,0.0010681399631675874,0.4956205705978557,0.5043794294021443
2510907,Paulista,0.6185080264400378,0.0003147623544224111,0.5096273291925466,0.4903726708074534
2511004,Pedra Branca,0.6499102333931778,0.0,0.5210008936550492,0.47899910634495085
2511103,Pedra Lavrada,0.46337890625,0.00048828125,0.5053088803088803,0.4946911196911197
2511202,Pedras de Fogo,0.6533824089351441,0.00025383931971062316,0.5069825436408978,0.49301745635910227
2511301,Piancó,0.533155210104445,0.00048579062424095217,0.495286439448876,0.504713560551124
2511400,Picuí,0.5950248756218905,0.0007960199004975124,0.5034079844206426,0.49659201557935734
2511509,Pilar,0.6592961694176269,0.004048582995951417,0.501676318195672,0.49832368180432796
2511608,Pilões,0.7197750702905342,0.0,0.5169258920402562,0.4830741079597438
2511707,Pilõezinhos,0.7208549222797928,0.0012953367875647669,0.4942381562099872,0.5057618437900128
2511806,Pirpirituba,0.6988996332110704,0.00033344448149383126,0.5118343195266272,0.4881656804733728
2511905,Pitimbu,0.7729320229320229,0.0022522522522522522,0.507754279959718,0.492245720040282
2512002,Pocinhos,0.5742446968073709,0.00042854081851296334,0.5173072839244001,0.48269271607559994
2512036,Poço Dantas,0.592433361994841,0.0008598452278589854,0.5474764756201882,0.4525235243798118
2512077,Poço de José de Moura,0.6730575176589304,0.0,0.4891518737672584,0.5108481262327417
2512101,Pombal,0.5427982541222115,0.002061105722599418,0.5072463768115942,0.4927536231884058
2512200,Prata,0.6572864321608041,0.0,0.5173095944609297,0.4826904055390702
2512309,Princesa Isabel,0.6469828977089384,0.0,0.5072142064372919,0.49278579356270813
2512408,Puxinanã,0.5848032564450475,0.000271370420624152,0.5037899296155929,0.4962100703844071
2512507,Queimadas,0.6090675080959894,0.0,0.4922074709326297,0.5077925290673704
2512606,Quixaba,0.6378269617706237,0.0,0.5274509803921569,0.4725490196078431
2512705,Remígio,0.6467248022713445,0.0,0.49321999595223637,0.5067800040477636
2512721,Pedro Régis,0.6030769230769231,0.0,0.5224339274738783,0.4775660725261217
2512747,Riachão,0.8099089989888777,0.0,0.4954499494438827,0.5045500505561172
2512754,Riachão do Bacamarte,0.6966199505358615,0.0008244023083264633,0.5061626951520132,0.4938373048479869
2512762,Riachão do Poço,0.5779162956366874,0.0,0.5212389380530974,0.47876106194690266
2512788,Riacho de Santo Antônio,0.5632411067193676,0.0,0.49606299212598426,0.5039370078740157
2512804,Riacho dos Cavalos,0.49051833122629585,0.0,0.5152146727803252,0.4847853272196749
2512903,Rio Tinto,0.5784236297583321,0.11404201547938714,0.511232449297972,0.4887675507020281
2513000,Salgadinho,0.7077244258872651,0.0,0.5150602409638554,0.48493975903614456
2513109,Salgado de São Félix,0.6092796092796092,0.0,0.5010641532380663,0.4989358467619337
2513158,Santa Cecília,0.5807674088109901,0.0004737091425864519,0.5141776937618148,0.48582230623818523
2513208,Santa Cruz,0.4928619986403807,0.0,0.5251358695652174,0.4748641304347826
2513307,Santa Helena,0.6695715323166304,0.0,0.494592645998558,0.505407354001442
2513356,Santa Inês,0.6721311475409836,0.0,0.5188848920863309,0.48111510791366907
2513406,Santa Luzia,0.546585494970884,0.0,0.4982997645827884,0.5017002354172116
2513505,Santana de Mangueira,0.7051520794537555,0.0,0.5055762081784386,0.4944237918215613
2513604,Santana dos Garrotes,0.6445783132530121,0.0,0.5121595330739299,0.48784046692607
2513653,Joca Claudino,0.7078014184397163,0.0,0.49159663865546216,0.5084033613445378
2513703,Santa Rita,0.6868219383921863,0.0017731029301277235,0.49500443393437776,0.5049955660656222
2513802,Santa Teresinha,0.5792880258899676,0.0,0.5168539325842697,0.48314606741573035
2513851,Santo André,0.5605815831987075,0.0016155088852988692,0.5076452599388379,0.4923547400611621
2513901,São Bento,0.5773695480671701,0.00022540290769750929,0.514745308310992,0.48525469168900803
2513927,São Bentinho,0.5577464788732395,0.0,0.4822429906542056,0.5177570093457944
2513943,São Domingos do Cariri,0.517515923566879,0.0,0.47962382445141066,0.5203761755485894
2513968,São Domingos,0.6988636363636364,0.0,0.5055555555555555,0.49444444444444446
2513984,São Francisco,0.554089709762533,0.0,0.5083655083655083,0.49163449163449163
2514008,São João do Cariri,0.6131059245960503,0.0,0.5294117647058824,0.47058823529411764
2514107,São João do Tigre,0.7242246437552389,0.0008382229673093043,0.5112593828190158,0.48874061718098416
2514206,São José da Lagoa Tapada,0.6278705636743215,0.0,0.4880705394190871,0.5119294605809128
2514305,São José de Caiana,0.668815071888944,0.0,0.5096582466567607,0.4903417533432392
2514404,São José de Espinharas,0.6029055690072639,0.0,0.5431235431235432,0.4568764568764569
2514453,São José dos Ramos,0.6599388379204894,0.0,0.5093429776974081,0.49065702230259195
2514503,São José de Piranhas,0.5567953173586977,0.0,0.5095298602287166,0.49047013977128334
2514552,São José de Princesa,0.6682206682206682,0.0,0.5088122605363985,0.49118773946360156
2514602,São José do Bonfim,0.682648401826484,0.0,0.5140924464487034,0.4859075535512965
2514651,São José do Brejo do Cruz,0.6244725738396625,0.0,0.50418410041841,0.49581589958158995
2514701,São José do Sabugi,0.5308411214953271,0.001869158878504673,0.531738730450782,0.46826126954921804
2514800,São José dos Cordeiros,0.6162551440329218,0.0,0.5061224489795918,0.49387755102040815
2514909,São Mamede,0.5140765765765766,0.0016891891891891893,0.4952751528627015,0.5047248471372985
2515005,São Miguel de Taipu,0.6509291813159217,0.0,0.5064741035856574,0.49352589641434264
2515104,São Sebastião de Lagoa de Roça,0.6253786603837092,0.0,0.49414519906323184,0.5058548009367682
2515203,São Sebastião do Umbuzeiro,0.6463276836158192,0.0,0.5302690582959642,0.4697309417040359
2515302,Sapé,0.6543597800471328,0.0005713061486824251,0.5059389140271493,0.4940610859728507
2515401,São Vicente do Seridó,0.7008727053866988,0.0,0.5200237318303174,0.4799762681696826
2515500,Serra Branca,0.6017002518891688,0.0012594458438287153,0.49453978159126366,0.5054602184087363
2515609,Serra da Raiz,0.6917127071823205,0.0,0.5190839694656488,0.48091603053435117
2515708,Serra Grande,0.7626208378088077,0.0,0.5223404255319148,0.4776595744680851
2515807,Serra Redonda,0.6188318227593153,0.0,0.4917705735660848,0.5082294264339152
2515906,Serraria,0.6661166116611661,0.00055005500550055,0.5133514986376022,0.48664850136239785
2515930,Sertãozinho,0.7294727744165946,0.000864304235090752,0.48879310344827587,0.5112068965517241
2515971,Sobrado,0.6428900138057985,0.0,0.5066179826563213,0.4933820173436787
2516003,Solânea,0.6138171667829728,0.0009769713886950454,0.49746192893401014,0.5025380710659898
2516102,Soledade,0.5837116154873164,0.000267022696929239,0.5043941411451398,0.4956058588548602
2516151,Sossêgo,0.5770065075921909,0.0010845986984815619,0.5005393743257821,0.4994606256742179
2516201,Sousa,0.5705785926780402,0.0013356808936919435,0.49611197511664074,0.5038880248833593
2516300,Sumé,0.6294330518697225,0.0012062726176115801,0.505510301868711,0.49448969813128896
2516409,Tacima,0.6542280041081822,0.0,0.533356024506467,0.46664397549353304
2516508,Taperoá,0.6291764705882353,0.00047058823529411766,0.5167519776640298,0.4832480223359702
2516607,Tavares,0.6323073252207111,0.0004772130756382725,0.5094164147872587,0.4905835852127412
2516706,Teixeira,0.6607447067412996,0.0002433682161109759,0.5073669201520913,0.4926330798479088
2516755,Tenório,0.5775764439411099,0.0,0.5383747178329571,0.4616252821670429
2516805,Triunfo,0.6114369501466276,0.0,0.5060240963855421,0.4939759036144578
2516904,Uiraúna,0.5763508222396241,0.0,0.48816492746245865,0.5118350725375413
2517001,Umbuzeiro,0.5787623066104078,0.0010548523206751054,0.5142956764295676,0.48570432357043236
2517100,Várzea,0.43820224719101125,0.0016051364365971107,0.5239616613418531,0.476038338658147
2517209,Vieirópolis,0.5686433793663688,0.0,0.5279747832939322,0.4720252167060678
2517407,Zabelê,0.6068702290076335,0.0,0.5381679389312977,0.4618320610687023
2600054,Abreu e Lima,0.667637646672684,0.004677114958562403,0.4987192518804635,0.5012807481195365
2600104,Afogados da Ingazeira,0.5758255197717081,0.00040766408479412964,0.49176185181441423,0.5082381481855858
2600203,Afrânio,0.553137750145716,0.0011657276083155237,0.4958709429613981,0.5041290570386019
2600302,Agrestina,0.5089665653495441,0.0010638297872340426,0.49184043517679055,0.5081595648232095
2600401,Água Preta,0.7332152182021634,0.0002797463632972771,0.5042133530882489,0.49578664691175106
2600500,Águas Belas,0.6115949241104752,0.0915650659368002,0.5019672131147541,0.4980327868852459
2600609,Alagoinha,0.6161776367961935,0.0026434047052603755,0.5329655897031783,0.46703441029682163
2600708,Aliança,0.7057741816844428,0.0015630746598013976,0.5025125628140703,0.49748743718592964
2600807,Altinho,0.6048883133700227,0.0001618646811265782,0.5211789338057659,0.4788210661942342
2600906,Amaraji,0.6462299505321542,0.00029980512666766604,0.5090311986863711,0.4909688013136289
2601003,Angelim,0.6492511320097527,0.0,0.5058945908460472,0.49410540915395285
2601052,Araçoiaba,0.7526862464183381,0.0005372492836676218,0.501776830135039,0.4982231698649609
2601102,Araripina,0.7478068307639895,0.0003832722936717486,0.4999166180271825,0.5000833819728174
2601201,Arcoverde,0.6541341489137312,0.006855093862054419,0.4940177137825659,0.5059822862174341
2601300,Barra de Guabiraba,0.6178037027643926,0.0,0.5215080971659919,0.4784919028340081
2601409,Barreiros,0.7265574302401038,0.0005678131083711876,0.4952488323401514,0.5047511676598486
2601508,Belém de Maria,0.6223103057757644,0.0,0.5101351351351351,0.48986486486486486
2601607,Belém do São Francisco,0.7947117753325669,0.023813434061422237,0.512289156626506,0.48771084337349396
2601706,Belo Jardim,0.607,0.0005714285714285715,0.4953067222906988,0.5046932777093012
2601805,Betânia,0.7300613496932515,0.0,0.5005803830528148,0.4994196169471851
2601904,Bezerros,0.4758553905745642,0.000710135571336346,0.4991654897932982,0.5008345102067018
2602001,Bodocó,0.7701492537313432,0.0007236544549977386,0.5163685152057245,0.4836314847942755
2602100,Bom Conselho,0.706967060748011,0.001487099412595732,0.5014419877246173,0.49855801227538266
2602209,Bom Jardim,0.6095592236531834,0.0,0.5035192203573362,0.4964807796426638
2602308,Bonito,0.6031774207863673,0.00017750954113783616,0.5095023424379033,0.4904976575620967
2602407,Brejão,0.6460506706408345,0.0,0.5088626292466765,0.4911373707533235
2602506,Brejinho,0.6355727404543258,0.0,0.5067599067599068,0.4932400932400932
2602605,Brejo da Madre de Deus,0.6120787312376097,0.0011328235627301047,0.49540060389017626,0.5045993961098237
2602704,Buenos Aires,0.7145720011451474,0.000286286859433152,0.4992879521503845,0.5007120478496155
2602803,Buíque,0.7818942704166411,0.012123823004492584,0.5020213600434441,0.49797863995655584
2602902,Cabo de Santo Agostinho,0.6954482918983859,0.0013757823551068654,0.5050262824694011,0.49497371753059893
2603009,Cabrobó,0.6515151515151515,0.12608225108225107,0.496527406774228,0.503472593225772
2603108,Cachoeirinha,0.5903151421983089,0.0001921598770176787,0.4925315970892378,0.5074684029107621
2603207,Caetés,0.593592512598992,0.0003599712023038157,0.4999408354040942,0.5000591645959058
2603306,Calçado,0.6835057821059038,0.0,0.527145890203215,0.47285410979678494
2603405,Calumbi,0.6944792973651192,0.0,0.493142144638404,0.506857855361596
2603454,Camaragibe,0.6666488036226254,0.0011789609067281155,0.49613531685107737,0.5038646831489226
2603504,Camocim de São Félix,0.5339329517579722,0.0,0.4995929995929996,0.5004070004070004
2603603,Camutanga,0.6393584742089293,0.0,0.5181034482758621,0.4818965517241379
2603702,Canhotinho,0.6644304682040532,0.0,0.5103717109842684,0.4896282890157316
2603801,Capoeiras,0.5700475176142881,0.0,0.5103437041863496,0.48965629581365044
2603900,Carnaíba,0.6056729699666296,0.0011123470522803114,0.5097212032281732,0.49027879677182684
2603926,Carnaubeira da Penha,0.5298281092012134,0.3442871587462083,0.5231271995977879,0.4768728004022122
2604007,Carpina,0.6760082366531063,0.0012053638692180201,0.4960305646521782,0.5039694353478218
2604106,Caruaru,0.5162227437398893,0.0011506299984050674,0.49316740700552714,0.5068325929944729
2604155,Casinhas,0.5368026254102204,0.00023441162681669012,0.509693996729736,0.49030600327026397
2604205,Catende,0.6580735063577774,0.00217732102421181,0.5005190311418685,0.4994809688581315
2604304,Cedro,0.6966515323496028,0.00028376844494892167,0.5108542430222723,0.48914575697772766
2604403,Chã de Alegria,0.7534685165421559,0.00026680896478121667,0.5126849894291755,0.48731501057082455
2604502,Chã Grande,0.5785367545076283,0.0006934812760055479,0.5095344442535646,0.4904655557464353
2604601,Condado,0.717741935483871,0.0002880184331797235,0.49841999425452455,0.5015800057454755
2604700,Correntes,0.670840447732878,0.0,0.5056732223903178,0.4943267776096823
2604809,Cortês,0.6976449734109901,0.0,0.4970996216897856,0.5029003783102144
2604908,Cumaru,0.5445503522585993,0.0,0.5120494335736354,0.4879505664263646
2605004,Cupira,0.5706363105662581,0.0008756567425569177,0.48691860465116277,0.5130813953488372
2605103,Custódia,0.6370253164556962,0.0009493670886075949,0.5046953255425709,0.49530467445742904
2605152,Dormentes,0.5172413793103449,0.0005979669124975084,0.5113658825854912,0.4886341174145088
2605202,Escada,0.7141244759754918,0.00010749220681500591,0.5037385174108097,0.49626148258919034
2605301,Exu,0.7724687144482366,0.00031026993484331366,0.5024610336341263,0.4975389663658737
2605400,Feira Nova,0.6459190672153635,0.0,0.5063808065339459,0.4936191934660541
2605459,Fernando de Noronha,0.6303972366148531,0.0,0.5250431778929189,0.4749568221070812
2605509,Ferreiros,0.6268705270006506,0.00032530904359141186,0.5066407515387107,0.49335924846128926
2605608,Flores,0.6285383214699553,0.0,0.5018098058571898,0.4981901941428101
2605707,Floresta,0.7330797628370064,0.07428123951224969,0.5013704637649381,0.49862953623506195
2605806,Frei Miguelinho,0.4255434782608696,0.0008152173913043478,0.5139604228788289,0.4860395771211711
2605905,Gameleira,0.7403781228899392,0.0005626828719333784,0.5110962417753987,0.4889037582246013
2606002,Garanhuns,0.6197703940832321,0.0017937962247488684,0.49491377903497796,0.505086220965022
2606101,Glória do Goitá,0.6946785178344684,0.0003463003578437031,0.4961133973479652,0.5038866026520348
2606200,Goiana,0.7165233267669245,0.0007687503002930861,0.5049070986183897,0.4950929013816103
2606309,Granito,0.8415937803692906,0.0,0.511352885525071,0.48864711447492903
2606408,Gravatá,0.5234030445298051,0.0007587613221416038,0.5027350749787796,0.4972649250212204
2606507,Iati,0.6814616755793227,0.00017825311942959,0.5172719220549159,0.48272807794508416
2606606,Ibimirim,0.6660480222711982,0.07655724393921819,0.49937178754997147,0.5006282124500285
2606705,Ibirajuba,0.5905437352245863,0.0009456264775413711,0.5134243994347621,0.48657560056523785
2606804,Igarassu,0.7234218373872741,0.0003952143139438796,0.4996101779006308,0.5003898220993692
2606903,Iguaracy,0.6684161778326644,0.0,0.5126153846153846,0.48738461538461536
2607000,Inajá,0.7400513478818999,0.08937740693196405,0.4968503937007874,0.5031496062992126
2607109,Ingazeira,0.528957528957529,0.0,0.5134511913912375,0.4865488086087625
2607208,Ipojuca,0.7336681381880037,0.001458021141306549,0.5012240638921218,0.4987759361078782
2607307,Ipubi,0.7735377626348665,0.00011357183418512209,0.5060887051726064,0.4939112948273936
2607406,Itacuruba,0.765637371338084,0.0728424386381631,0.5023183925811437,0.49768160741885625
2607505,Itaíba,0.7131238447319779,0.0011090573012939,0.508491142333537,0.491508857666463
2607604,Ilha de Itamaracá,0.7604569124811019,0.0023517554174365867,0.5808164619980086,0.4191835380019914
2607653,Itambé,0.699838110656128,0.00047614512903533,0.5050933786078099,0.49490662139219016
2607703,Itapetim,0.5510649918077554,0.0019115237575095577,0.502289253972529,0.49771074602747106
2607752,Itapissuma,0.7507572479446127,0.00043271311120726956,0.5209342067786955,0.4790657932213045
2607802,Itaquitinga,0.7606969563299515,0.0004411116012351125,0.5164716081491114,0.4835283918508886
2607901,Jaboatão dos Guararapes,0.6487098073596663,0.0021207023197403027,0.49517741378199687,0.5048225862180031
2607950,Jaqueira,0.6559254327563249,0.0005326231691078562,0.5057833859095688,0.4942166140904311
2608008,Jataúba,0.6481215356189695,0.00020529665366454526,0.5097356015576963,0.49026439844230374
2608057,Jatobá,0.5392035617116003,0.2512985406876082,0.5023416317475967,0.4976583682524032
2608107,João Alfredo,0.5945579767415603,0.00022581009371118888,0.507439134355275,0.49256086564472495
2608206,Joaquim Nabuco,0.7041396103896104,0.00020292207792207794,0.5030144694533762,0.4969855305466238
2608255,Jucati,0.6434754729079833,0.0022443090734209684,0.5065224307986,0.49347756920139996
2608305,Jupi,0.6465475615644616,0.0004828585224529213,0.49615014436958615,0.5038498556304138
2608404,Jurema,0.5877951835398644,0.0007014262333411269,0.49313793905559433,0.5068620609444057
2608453,Lagoa do Carro,0.6408675799086758,0.00022831050228310502,0.5064611199274541,0.4935388800725459
2608503,Lagoa de Itaenga,0.724512987012987,0.000974025974025974,0.5053098747820574,0.49469012521794264
2608602,Lagoa do Ouro,0.5860609480812641,0.0,0.4925624473758069,0.5074375526241931
2608701,Lagoa dos Gatos,0.631578947368421,0.00021222410865874363,0.505800464037123,0.494199535962877
2608750,Lagoa Grande,0.759145490086568,0.0023736386484222286,0.5023962755032179,0.49760372449678214
2608800,Lajedo,0.5786544282784885,0.00019529342837613513,0.48550164314711,0.51449835685289
2608909,Limoeiro,0.5983761840324763,0.00027063599458728013,0.5077873254564984,0.4922126745435016
2609006,Macaparana,0.6303689427312775,0.0,0.5072443958447239,0.4927556041552761
2609105,Machados,0.6159402241594022,0.0,0.48873483535528595,0.511265164644714
2609154,Manari,0.7737630208333334,0.0006510416666666666,0.5175822395073731,0.4824177604926268
2609204,Maraial,0.6787207872078721,0.0,0.5117531831537708,0.48824681684622917
2609303,Mirandiba,0.8281458425967096,0.06602934637616718,0.5111208024422155,0.4888791975577846
2609402,Moreno,0.7026975563313234,0.0013329101872421453,0.5135032811711256,0.4864967188288743
2609501,Nazaré da Mata,0.7460514861335654,0.0002487252829250093,0.5017881366383031,0.49821186336169687
2609600,Olinda,0.6482348028140359,0.0020237929520607353,0.4943645755210259,0.5056354244789741
2609709,Orobó,0.5585298799016062,0.0001446968600781363,0.5010792919844582,0.4989207080155418
2609808,Orocó,0.8480548079275753,0.01835086860778077,0.4990393852065322,0.5009606147934679
2609907,Ouricuri,0.7144456886898096,0.0004581085208184872,0.4976293755674367,0.5023706244325633
2610004,Palmares,0.6663075527330461,0.0002835110002268088,0.4950289277088131,0.5049710722911869
2610103,Palmeirina,0.6525630593978845,0.0,0.5018167137666532,0.4981832862333468
2610202,Panelas,0.6427117781734928,0.0,0.5041071654239858,0.49589283457601413
2610301,Paranatama,0.6251592356687898,0.0,0.5165981662978185,0.4834018337021815
2610400,Parnamirim,0.665439330543933,0.0,0.5104895104895105,0.48951048951048953
2610509,Passira,0.6137344347182838,0.00012328936012822092,0.5089768814559764,0.4910231185440236
2610608,Paudalho,0.7167294102106863,0.00039627501486031304,0.5004269293924466,0.49957307060755335
2610707,Paulista,0.6277561262078907,0.0023757407506273024,0.49749007858287997,0.50250992141712
2610806,Pedra,0.7276793109160179,0.0,0.5184759402200689,0.481524059779931
2610905,Pesqueira,0.5289057123193392,0.16041523285157147,0.5074940388327467,0.4925059611672533
2611002,Petrolândia,0.6832291666666667,0.0671875,0.49506477483035166,0.5049352251696484
2611101,Petrolina,0.697700967537752,0.0019667239352563525,0.4967968426819315,0.5032031573180685
2611200,Poção,0.5876193409300893,0.009239297813366184,0.4990814451928965,0.5009185548071035
2611309,Pombos,0.6160830090791181,0.0008646779074794639,0.5013608365563673,0.49863916344363274
2611408,Primavera,0.6483061174750183,0.0024372410431391664,0.5165020476993496,0.48349795230065046
2611507,Quipapá,0.6864249801534797,0.0014554114845197143,0.5068979109184075,0.4931020890815924
2611533,Quixaba,0.6695692025664528,0.0,0.49316317228805834,0.5068368277119416
2611606,Recife,0.6105283574734878,0.002241024108701464,0.4954677137825592,0.5045322862174408
2611705,Riacho das Almas,0.5164117866467736,0.0,0.5111524163568774,0.4888475836431227
2611804,Ribeirão,0.6812145686107013,0.0010095519142657452,0.5018932076346496,0.49810679236535044
2611903,Rio Formoso,0.7636651323360184,0.00215765247410817,0.5085178875638842,0.49148211243611584
2612000,Sairé,0.4995067412035515,0.0,0.5088120104438643,0.4911879895561358
2612109,Salgadinho,0.559857763729751,0.0,0.5179345683878597,0.4820654316121403
2612208,Salgueiro,0.7079306071871128,0.04374225526641883,0.5026539933341563,0.4973460066658437
2612307,Saloá,0.672461752433936,0.0013908205841446453,0.4896978021978022,0.5103021978021978
2612406,Sanharó,0.6563842848373235,0.00046040515653775324,0.5011420740063957,0.4988579259936044
2612455,Santa Cruz,0.6247179744296816,0.0,0.5053257369333664,0.49467426306663365
2612471,Santa Cruz da Baixa Verde,0.6651162790697674,0.0008720930232558139,0.5050042893909065,0.49499571060909353
2612505,Santa Cruz do Capibaribe,0.5718943473641792,0.0010990218705352237,0.49311205119861157,0.5068879488013884
2612554,Santa Filomena,0.7313546423135464,0.00076103500761035,0.5055387713997986,0.4944612286002014
2612604,Santa Maria da Boa Vista,0.8311147407104941,0.0083299305839118,0.5104867114953571,0.489513288504643
2612703,Santa Maria do Cambucá,0.5674822415153907,0.0,0.5073490813648294,0.4926509186351706
2612802,Santa Terezinha,0.6144430844553244,0.0,0.5022803283672849,0.49771967163271513
2612901,São Benedito do Sul,0.7054860442733397,0.0007218479307025986,0.5002326663564448,0.49976733364355513
2613008,São Bento do Una,0.6106050135075706,0.0005026072752403091,0.5119855550712907,0.4880144449287093
2613107,São Caitano,0.5840328119038535,0.0012399847386493704,0.4995729334725254,0.5004270665274746
2613206,São João,0.6629318394024276,0.0001556178026766262,0.49309815950920244,0.5069018404907976
2613305,São Joaquim do Monte,0.5438858470217355,0.0,0.5110597556949489,0.4889402443050512
2613404,São José da Coroa Grande,0.7605531295487628,0.0,0.5056037599421548,0.49439624005784527
2613503,São José do Belmonte,0.7584874974588331,0.0020329335230737954,0.5097346918188238,0.49026530818117625
2613602,São José do Egito,0.5946947758600718,0.00034750376462411677,0.5026823421983792,0.4973176578016208
2613701,São Lourenço da Mata,0.6687073144838812,0.0013093173856116636,0.5051344057757684,0.4948655942242316
2613800,São Vicente Férrer,0.631776402175952,0.0005627462014631402,0.4984103235459136,0.5015896764540864
2613909,Serra Talhada,0.6526366928716545,0.001634131260489356,0.4896672504378284,0.5103327495621717
2614006,Serrita,0.746062643779862,0.00035391966023712616,0.5131995776135164,0.48680042238648363
2614105,Sertânia,0.6651048876583964,0.00021296986476413587,0.502051120227201,0.497948879772799
2614204,Sirinhaém,0.7778574273197929,7.964954201513341e-05,0.5020134228187919,0.49798657718120803
2614303,Moreilândia,0.7122669873722188,0.0,0.5237953599048185,0.47620464009518143
2614402,Solidão,0.4380257992148065,0.002243409983174425,0.49804796430563303,0.501952035694367
2614501,Surubim,0.5204257413559739,0.0,0.49552092281261506,0.5044790771873849
2614600,Tabira,0.5213435032784691,0.0,0.5121853775469437,0.48781462245305635
2614709,Tacaimbó,0.5589910496338486,0.00027122321670735016,0.5136876006441223,0.4863123993558776
2614808,Tacaratu,0.6165218716659046,0.19524462734339276,0.5176045741799579,0.48239542582004213
2614857,Tamandaré,0.7741835629159572,0.0004643244079863798,0.5141800246609125,0.48581997533908755
2615003,Taquaritinga do Norte,0.5488206253428415,0.0,0.5,0.5
2615102,Terezinha,0.6418786692759295,0.0,0.4948905109489051,0.5051094890510949
2615201,Terra Nova,0.7605153467222433,0.0,0.5133810780248775,0.4866189219751225
2615300,Timbaúba,0.6527934256743323,0.0011266485519252436,0.5048543689320388,0.49514563106796117
2615409,Toritama,0.5672443674176777,0.0005199306759098787,0.4932484733809237,0.5067515266190763
2615508,Tracunhaém,0.7556462585034014,0.0,0.4948453608247423,0.5051546391752577
2615607,Trindade,0.7386097049018397,0.00012347203358439315,0.5083503544395049,0.491649645560495
2615706,Triunfo,0.6025702046644456,0.0019038553069966682,0.5054399243140965,0.4945600756859035
2615805,Tupanatinga,0.6694750486066104,0.02968243681140635,0.4974483286552692,0.5025516713447308
2615904,Tuparetama,0.6162291169451074,0.0,0.4852043212775951,0.5147956787224048
2616001,Venturosa,0.6137254901960785,0.00196078431372549,0.4968621510495564,0.5031378489504437
2616100,Verdejante,0.8167404129793511,0.004056047197640118,0.508529945553539,0.49147005444646097
2616183,Vertente do Lério,0.5101608806096528,0.0,0.4959830866807611,0.5040169133192389
2616209,Vertentes,0.6209422011084719,0.0011876484560570072,0.5051100628930818,0.49488993710691825
2616308,Vicência,0.6520340390203404,0.0,0.5070771773943589,0.4929228226056411
2616407,Vitória de Santo Antão,0.6370161857846587,0.000422237860661506,0.4998460806537374,0.5001539193462625
2616506,Xexéu,0.69989235737352,0.001076426264800861,0.5076498087547812,0.4923501912452189
2700102,Água Branca,0.8237591537835639,0.010414971521562245,0.5061409179056238,0.49385908209437623
2700201,Anadia,0.6938775510204082,0.0,0.5060987051979734,0.49390129480202666
2700300,Arapiraca,0.6511157148957032,0.0017870415763920737,0.4920662297343912,0.5079337702656088
2700409,Atalaia,0.7228185469149324,0.0008032128514056225,0.5083898607640128,0.4916101392359871
2700508,Barra de Santo Antônio,0.7313852813852814,0.00021645021645021645,0.49731586858492594,0.5026841314150741
2700607,Barra de São Miguel,0.7130872483221476,0.0,0.5033195020746888,0.4966804979253112
2700706,Batalha,0.7490107405313736,0.000942151874882231,0.5015761171889487,0.4984238828110514
2700805,Belém,0.7030791788856305,0.0021994134897360706,0.5082912761355444,0.49170872386445563
2700904,Belo Monte,0.618966253737719,0.0008543357539513029,0.4981020666385491,0.5018979333614508
2701001,Boca da Mata,0.7022852036256862,0.00038299502106472615,0.5005070993914807,0.49949290060851925
2701100,Branquinha,0.7492770387507229,0.0,0.524701873935264,0.4752981260647359
2701209,Cacimbinhas,0.7494252873563219,0.0003284072249589491,0.5058365758754864,0.49416342412451364
2701308,Cajueiro,0.7600430968139141,0.0,0.490750649747745,0.509249350252255
2701357,Campestre,0.6971428571428572,0.0014285714285714286,0.4973945997157745,0.5026054002842255
2701407,Campo Alegre,0.7443595451537212,0.00036098911016184344,0.4923932989995856,0.5076067010004144
2701506,Campo Grande,0.728494623655914,0.0013440860215053765,0.49748575259805566,0.5025142474019444
2701605,Canapi,0.6900999091734786,0.00018165304268846503,0.5051194539249146,0.4948805460750853
2701704,Capela,0.7181105373876459,0.0007649646203863071,0.5017961807525052,0.4982038192474948
2701803,Carneiros,0.7754723971841423,0.0,0.49282296650717705,0.507177033492823
2701902,Chã Preta,0.7114678899082569,0.00045871559633027525,0.5241347905282332,0.47586520947176686
2702009,Coité do Nóia,0.6386182462356067,0.0002952465308532625,0.5100117785630153,0.48998822143698467
2702108,Colônia Leopoldina,0.6758564437194127,0.0,0.51104,0.48896
2702207,Coqueiro Seco,0.7614276768941766,0.0012523481527864746,0.5093399750933998,0.49066002490660027
2702306,Coruripe,0.7068115127676843,0.002060310919647874,0.4993269701419481,0.5006730298580518
2702355,Craíbas,0.6772126005727533,0.0002727396699849993,0.4960725893824485,0.5039274106175514
2702405,Delmiro Gouveia,0.7296993537510537,0.0030907558302894073,0.49299505123022236,0.5070049487697776
2702504,Dois Riachos,0.7802067946824225,0.0,0.5035108250438853,0.49648917495611466
2702553,Estrela de Alagoas,0.7027134876296888,0.0,0.49004926108374386,0.5099507389162562
2702603,Feira Grande,0.6339218349177607,0.012977214425833711,0.5018737820416729,0.49812621795832707
2702702,Feliz Deserto,0.7661764705882353,0.0007352941176470588,0.5003610108303249,0.4996389891696751
2702801,Flexeiras,0.7668979696736058,0.0005140066820868671,0.5116279069767442,0.4883720930232558
2702900,Girau do Ponciano,0.809079550187422,0.0,0.498670654702559,0.501329345297441
2703007,Ibateguara,0.6639560886359016,0.0,0.5096540627514079,0.4903459372485921
2703106,Igaci,0.6797917778964229,0.0014682327816337426,0.4943001060445387,0.5056998939554613
2703205,Igreja Nova,0.7113848653039123,0.0005414918099363748,0.5020128824476651,0.49798711755233493
2703304,Inhapi,0.7694838933148597,0.01818496709386907,0.49569329505151155,0.5043067049484884
2703403,Jacaré dos Homens,0.768235294117647,0.0,0.4994124559341951,0.500587544065805
2703502,Jacuípe,0.7026911576249466,0.0,0.5093220338983051,0.4906779661016949
2703601,Japaratinga,0.7869674185463659,0.0,0.5137614678899083,0.48623853211009177
2703700,Jaramataia,0.7027491408934707,0.0,0.4997150997150997,0.5002849002849002
2703759,Jequiá da Praia,0.7142101084943107,0.0,0.5105222135619641,0.48947778643803586
2703809,Joaquim Gomes,0.6878936319104269,0.06592022393282015,0.5206886975840045,0.47931130241599557
2703908,Jundiá,0.7259865971705137,0.0,0.5003625815808557,0.49963741841914433
2704005,Junqueiro,0.6644558743909041,0.0005414185165132648,0.5018686599038975,0.4981313400961025
2704104,Lagoa da Canoa,0.7474109180270317,0.00035106196243637,0.5097044937926211,0.49029550620737894
2704203,Limoeiro de Anadia,0.6797446314567615,0.00011607661056297156,0.49659077776493704,0.503409222235063
2704302,Maceió,0.649590527873705,0.0023048840651208684,0.4901243940898207,0.5098756059101793
2704401,Major Isidoro,0.6961743009092469,0.00017155601303825698,0.4985546675735419,0.5014453324264581
2704500,Maragogi,0.771703831998268,0.001082485386447283,0.5036910238579223,0.4963089761420777
2704609,Maravilha,0.6849357011635028,0.000612369871402327,0.5248937462052217,0.4751062537947784
2704708,Marechal Deodoro,0.7289857205947299,0.001324893272486383,0.49721115537848604,0.502788844621514
2704807,Maribondo,0.6892198939661701,0.0,0.49975037443834247,0.5002496255616575
2704906,Mar Vermelho,0.6942740286298569,0.0,0.5253549695740365,0.4746450304259635
2705002,Mata Grande,0.7332005973120955,0.009706321553011448,0.5019180794456132,0.4980819205543868
2705101,Matriz de Camaragibe,0.7489264626945786,0.0067096081588835215,0.4917662682602922,0.5082337317397079
2705200,Messias,0.7189392357485905,0.0041762372102735435,0.4950852557673019,0.5049147442326981
2705309,Minador do Negrão,0.7412809131261889,0.0,0.5158090514569126,0.4841909485430874
2705408,Monteirópolis,0.8061946902654867,0.0,0.4913194444444444,0.5086805555555556
2705507,Murici,0.7190758293838863,0.00023696682464454977,0.5084587562711469,0.4915412437288531
2705606,Novo Lino,0.7016742770167428,0.0020294266869609334,0.5175283732660781,0.4824716267339218
2705705,Olho d'Água das Flores,0.7474418604651163,0.0020155038759689923,0.48036346835053134,0.5196365316494687
2705804,Olho d'Água do Casado,0.7555325034578146,0.0027662517289073307,0.5206469373709567,0.47935306262904337
2705903,Olho d'Água Grande,0.6930051813471503,0.0,0.4948186528497409,0.5051813471502591
2706000,Olivença,0.7581610446137106,0.0,0.5173253925284245,0.48267460747157553
2706109,Ouro Branco,0.6539912917271408,0.0005805515239477503,0.5128792215226102,0.4871207784773898
2706208,Palestina,0.833033033033033,0.0,0.4813519813519814,0.5186480186480187
2706307,Palmeira dos Índios,0.6615463652709992,0.026149499100950425,0.49645136584120503,0.503548634158795
2706406,Pão de Açúcar,0.8331612903225807,0.0006451612903225806,0.49765793138371944,0.5023420686162805
2706422,Pariconha,0.49209361163820364,0.36495888678051863,0.5070643642072213,0.49293563579277866
2706448,Paripueira,0.7275862068965517,0.00028735632183908046,0.5015691868758916,0.4984308131241084
2706505,Passo de Camaragibe,0.7841487713083906,0.0,0.5119099177132957,0.4880900822867042
2706604,Paulo Jacinto,0.6629935720844812,0.0,0.5043123014071721,0.49568769859282796
2706703,Penedo,0.7401713156160773,0.0008236327696024599,0.4998642705901515,0.5001357294098485
2706802,Piaçabuçu,0.7452687358062074,0.00018925056775170325,0.5019412090959512,0.4980587909040488
2706901,Pilar,0.71470737913486,0.00010178117048346055,0.4869057211925866,0.5130942788074134
2707008,Pindoba,0.7122473246135553,0.0,0.509478672985782,0.490521327014218
2707107,Piranhas,0.7768172888015717,0.0013097576948264572,0.4952994204764971,0.5047005795235029
2707206,Poço das Trincheiras,0.7406602953953084,0.0004344048653344917,0.5160042964554242,0.4839957035445757
2707305,Porto Calvo,0.7250156739811913,0.0003761755485893417,0.49751676185746213,0.5024832381425379
2707404,Porto de Pedras,0.7757992715499797,0.0024281667341157424,0.49524940617577196,0.504750593824228
2707503,Porto Real do Colégio,0.6442498347653668,0.10277594183740912,0.5049132001310187,0.49508679986898135
2707602,Quebrangulo,0.6904362416107382,0.0002796420581655481,0.5115566694514063,0.4884433305485937
2707701,Rio Largo,0.7074484146955209,0.0016607951685958732,0.5048390282441241,0.495160971755876
2707800,Roteiro,0.7336265884652982,0.0004887585532746823,0.5004830917874397,0.4995169082125604
2707909,Santa Luzia do Norte,0.7811414392059554,0.001488833746898263,0.491970802919708,0.5080291970802919
2708006,Santana do Ipanema,0.6956645547091905,0.001708549868299281,0.4986345494013024,0.5013654505986975
2708105,Santana do Mundaú,0.6596685082872928,0.00027624309392265195,0.5043956043956044,0.4956043956043956
2708204,São Brás,0.7034107760751359,0.0014829461196243204,0.5022026431718062,0.4977973568281938
2708303,São José da Laje,0.6804691916336914,0.00042396834369700395,0.5143132397467658,0.48568676025323426
2708402,São José da Tapera,0.7986577181208053,9.726680284019065e-05,0.5034372351445522,0.49656276485544776
2708501,São Luís do Quitunde,0.7656880217615608,9.379983116030391e-05,0.5054013782827342,0.49459862171726576
2708600,São Miguel dos Campos,0.6998697512869814,0.0016746263102400299,0.49578302287482556,0.5042169771251744
2708709,São Miguel dos Milagres,0.7834008097165992,0.0005060728744939271,0.5174757281553398,0.4825242718446602
2708808,São Sebastião,0.608453505718548,0.017006464445549478,0.49792408066429417,0.5020759193357058
2708907,Satuba,0.7361780224822206,0.0009176416609314062,0.49626104690686607,0.5037389530931339
2708956,Senador Rui Palmeira,0.8157169117647058,0.0,0.49527783878761256,0.5047221612123874
2709004,Tanque d'Arca,0.7040087863811093,0.0,0.5142091152815014,0.4857908847184987
2709103,Taquarana,0.67012484614032,0.003340953050817654,0.5032201914708442,0.49677980852915576
2709152,Teotônio Vilela,0.7138697318007663,0.001992337164750958,0.4965532743893301,0.5034467256106698
2709202,Traipu,0.7594997594997595,0.0025252525252525255,0.5087782156932998,0.4912217843067001
2709301,União dos Palmares,0.6689065999895817,0.0024482992134187633,0.49274619367406575,0.5072538063259343
2709400,Viçosa,0.708317313853646,0.00012815583749839805,0.4945306537776647,0.5054693462223353
2800100,Amparo do São Francisco,0.7991266375545851,0.0,0.5043352601156069,0.4956647398843931
2800209,Aquidabã,0.7355570839064649,0.0,0.4922922252010724,0.5077077747989276
2800308,Aracaju,0.6950877516358801,0.0036404092004265797,0.4881606696732747,0.5118393303267252
2800407,Arauá,0.8082684242061114,0.0,0.523851590106007,0.47614840989399293
2800506,Areia Branca,0.76284046692607,0.002723735408560311,0.5121340523882897,0.4878659476117103
2800605,Barra dos Coqueiros,0.8117253864364294,0.0012533073388107507,0.4944268611531581,0.5055731388468419
2800670,Boquim,0.7665694591728526,0.0002651113467656416,0.5053394858272907,0.4946605141727093
2800704,Brejo Grande,0.7664576802507836,0.0,0.5140115163147793,0.48598848368522074
2801009,Campo do Brito,0.7260416666666667,0.0,0.5047876769358868,0.4952123230641132
2801108,Canhoba,0.7718600953895072,0.0,0.5365659777424483,0.46343402225755165
2801207,Canindé de São Francisco,0.7422955593302596,0.0013346275175928173,0.5035503670718497,0.4964496329281502
2801306,Capela,0.8075491759702286,0.0011695906432748538,0.5068377866610562,0.49316221333894383
2801405,Carira,0.6605456453305352,0.0005246589716684155,0.5107185731435432,0.48928142685645687
2801504,Carmópolis,0.7939093484419264,0.00023607176581680832,0.5031564180500351,0.4968435819499649
2801603,Cedro de São João,0.6135734072022161,0.0006925207756232687,0.4794801641586867,0.5205198358413132
2801702,Cristinápolis,0.8359650752368568,0.0020434701839123167,0.5134537412458533,0.4865462587541467
2801900,Cumbe,0.6990654205607477,0.0,0.5239819004524887,0.4760180995475113
2802007,Divina Pastora,0.7989130434782609,0.005434782608695652,0.5212443095599393,0.4787556904400607
2802106,Estância,0.8048271907418026,0.0007298128551321483,0.49846515911183875,0.5015348408881612
2802205,Feira Nova,0.7611484422724496,0.0012217470983506415,0.5177603853100542,0.4822396146899458
2802304,Frei Paulo,0.7294034090909091,0.0,0.502835538752363,0.497164461247637
2802403,Gararu,0.7391560932428445,0.0011802891708468574,0.5177575579688876,0.48224244203111244
2802502,General Maynard,0.8331479421579533,0.0,0.5132743362831859,0.48672566371681414
2802601,Graccho Cardoso,0.6932245922208281,0.0,0.5127092374457533,0.48729076255424675
2802700,Ilha das Flores,0.7651340996168582,0.0,0.5140924464487034,0.4859075535512965
2802809,Indiaroba,0.8408030825390387,0.002839180693571284,0.5205506010081427,0.4794493989918573
2802908,Itabaiana,0.6240269548042291,0.00042600983695441694,0.5025892719121966,0.49741072808780334
2803005,Itabaianinha,0.7066554338668913,0.0009267059814658804,0.5026702269692924,0.49732977303070763
2803104,Itabi,0.6857962697274032,0.0007173601147776184,0.5085836909871244,0.49141630901287553
2803203,Itaporanga d'Ajuda,0.807869625817519,0.0010721561059290233,0.500471056212708,0.49952894378729196
2803302,Japaratuba,0.8279798761609907,0.0007739938080495357,0.5148514851485149,0.48514851485148514
2803401,Japoatã,0.7822233476829578,0.0,0.49699248120300754,0.5030075187969925
2803500,Lagarto,0.6994649333860021,0.0019032570833482961,0.49875807252856436,0.5012419274714357
2803609,Laranjeiras,0.8470308788598575,0.00332541567695962,0.4956480828040461,0.5043519171959538
2803708,Macambira,0.7805540467137425,0.0,0.5078590785907859,0.4921409214092141
2803807,Malhada dos Bois,0.77447216890595,0.0,0.5100095328884652,0.4899904671115348
2803906,Malhador,0.7828539199097575,0.0005640157924421884,0.5183305132543711,0.48166948674562887
2804003,Maruim,0.7995079950799509,0.002870028700287003,0.5005103082261686,0.4994896917738314
2804102,Moita Bonita,0.652710159039273,0.0003245699448231094,0.5090148100450741,0.49098518995492596
2804201,Monte Alegre de Sergipe,0.7086001829826166,0.00022872827081427266,0.5095671981776765,0.49043280182232346
2804300,Muribeca,0.7716711349419124,0.008489722966934763,0.516893374286968,0.48310662571303203
2804409,Neópolis,0.7985961123110151,0.0008999280057595393,0.507399577167019,0.492600422832981
2804458,Nossa Senhora Aparecida,0.7240816326530612,0.0,0.5097560975609756,0.4902439024390244
2804508,Nossa Senhora da Glória,0.6151441822948175,0.0011090945755192578,0.5012536355430749,0.4987463644569251
2804607,Nossa Senhora das Dores,0.6932052161976664,0.0016472203157172271,0.5025057564675606,0.4974942435324394
2804706,Nossa Senhora de Lourdes,0.7098530212302667,0.0005443658138268917,0.5077415910304325,0.4922584089695675
2804805,Nossa Senhora do Socorro,0.758575308126175,0.0046375600584917485,0.5033891384238465,0.49661086157615353
2804904,Pacatuba,0.7937455239914061,0.00023872045834328001,0.5144961977186312,0.4855038022813688
2805000,Pedra Mole,0.8409854423292273,0.0,0.5244988864142539,0.4755011135857461
2805109,Pedrinhas,0.7864077669902912,0.004674577490111471,0.5058739765040939,0.494126023495906
2805208,Pinhão,0.8335280373831776,0.0,0.4997094712376525,0.5002905287623475
2805307,Pirambu,0.7511503067484663,0.0011503067484662577,0.49850411368735975,0.5014958863126402
2805406,Poço Redondo,0.7717082721488008,0.0001957905041605482,0.5117266673101052,0.4882733326898948
2805505,Poço Verde,0.6761015911872705,0.0007649938800489596,0.49908536585365854,0.5009146341463414
2805604,Porto da Folha,0.6329627055825805,0.01714153347231874,0.5204946187313946,0.4795053812686054
2805703,Propriá,0.6923076923076923,0.0028936580660718593,0.5047980097144888,0.4952019902855112
2805802,Riachão do Dantas,0.8272199170124481,0.00016597510373443983,0.5167740869277805,0.48322591307221946
2805901,Riachuelo,0.8640429338103757,0.0007155635062611807,0.4847742387119356,0.5152257612880644
2806008,Ribeirópolis,0.6082874055929781,0.0010206164523372118,0.5117179539433463,0.48828204605665376
2806107,Rosário do Catete,0.8327272727272728,0.0007272727272727272,0.4964080459770115,0.5035919540229885
2806206,Salgado,0.769988117467323,0.0016975046681378374,0.5053727333781061,0.4946272666218939
2806305,Santa Luzia do Itanhy,0.8281027104136948,0.0007132667617689016,0.5199267063673844,0.4800732936326157
2806404,Santana do São Francisco,0.7954646509559804,0.0013339261894175188,0.5101863892501084,0.48981361074989166
2806503,Santa Rosa de Lima,0.7898617511520737,0.0,0.5095367847411444,0.4904632152588556
2806602,Santo Amaro das Brotas,0.7949329359165425,0.0038748137108792846,0.5071090047393365,0.4928909952606635
2806701,São Cristóvão,0.7810092616636372,0.0035488617675062755,0.5072556278990595,0.49274437210094046
2806800,São Domingos,0.7759020191989408,0.0013240648791790798,0.5161502966381015,0.4838497033618985
2806909,São Francisco,0.823170731707317,0.0,0.5137055837563452,0.4862944162436548
2807006,São Miguel do Aleixo,0.7538071065989848,0.0,0.5198647506339814,0.4801352493660186
2807105,Simão Dias,0.704616724738676,0.002613240418118467,0.4984891651558318,0.5015108348441681
2807204,Siriri,0.8135089209855565,0.0016992353440951572,0.4957125357288689,0.504287464271131
2807303,Telha,0.664804469273743,0.0011173184357541898,0.5071664829106945,0.4928335170893054
2807402,Tobias Barreto,0.6598175106219962,0.0019502681618722574,0.503932119205298,0.496067880794702
2807501,Tomar do Geru,0.7369597615499255,0.0009935419771485345,0.5117936117936118,0.48820638820638823
2807600,Umbaúba,0.7879648027249503,0.0005676979846721544,0.49916457811194653,0.5008354218880535
2900108,Abaíra,0.5583677685950413,0.0005165289256198347,0.496654657745754,0.503345342254246
2900207,Abaré,0.8455710955710956,0.03885003885003885,0.518462124095927,0.4815378759040731
2900306,Acajutiba,0.7896740423507019,0.0007137758743754461,0.5037453183520599,0.49625468164794007
2900355,Adustina,0.6754132231404959,0.0008264462809917355,0.500510099979596,0.499489900020404
2900405,Água Fria,0.9277403551745255,0.0020412329046744235,0.5154246794871795,0.48457532051282054
2900504,Érico Cardoso,0.706183915411727,0.0003204101249599487,0.5058898439987265,0.4941101560012735
2900603,Aiquara,0.8718354430379747,0.0,0.5149606299212598,0.48503937007874015
2900702,Alagoinhas,0.842166019519362,0.0038041767236855913,0.49455973948776266,0.5054402605122373
2900801,Alcobaça,0.8630158481092107,0.0028244155029028715,0.5048708829441781,0.49512911705582185
2900900,Almadina,0.8208705357142857,0.0016741071428571428,0.51947339550192,0.4805266044980801
2901007,Amargosa,0.8276874672260094,0.0003146303093864709,0.5063568153397249,0.4936431846602751
2901106,Amélia Rodrigues,0.9254561003420753,0.0014253135689851768,0.5173098751418842,0.4826901248581158
2901155,América Dourada,0.8482729391820301,0.00169527442254715,0.5016652789342215,0.49833472106577853
2901205,Anagé,0.6746515679442509,0.0008710801393728223,0.5120759056929269,0.487924094307073
2901304,Andaraí,0.8949494949494949,0.0,0.5279199110122358,0.47208008898776416
2901353,Andorinha,0.7186807777504307,0.0012306177701206006,0.5163954335681321,0.4836045664318679
2901403,Angical,0.7294487427466151,0.00024177949709864604,0.5408699808795411,0.45913001912045887
2901502,Anguera,0.9179743223965763,0.0007132667617689016,0.5216312056737589,0.47836879432624113
2901601,Antas,0.6407911527009783,0.0006380263717566993,0.505307855626327,0.49469214437367304
2901700,Antônio Cardoso,0.9454746747854968,0.0016606698034874066,0.5163506457818082,0.48364935421819183
2901809,Antônio Gonçalves,0.8113385826771654,0.0,0.5219831618334893,0.47801683816651075
2901908,Aporá,0.7641287284144427,0.0007849293563579278,0.5146484375,0.4853515625
2901957,Apuarema,0.819672131147541,0.0,0.5221696082651743,0.47783039173482567
2902005,Aracatu,0.6813329862015101,0.0,0.5231925369266649,0.47680746307333505
2902054,Araçás,0.8948344370860927,0.003708609271523179,0.5074393108848865,0.4925606891151135
2902104,Araci,0.7790318686624819,0.0003017865765330758,0.5137768214691292,0.4862231785308708
2902203,Aramari,0.9267015706806283,0.0,0.49982716902868995,0.50017283097131
2902252,Arataca,0.8230869849574886,0.002289077828646174,0.5253307518554372,0.47466924814456274
2902302,Aratuípe,0.8986361960928861,0.003317360855141909,0.5210144927536232,0.4789855072463768
2902401,Aurelino Leal,0.8846783625730994,0.0016374269005847953,0.5116439935439244,0.48835600645607563
2902500,Baianópolis,0.7211538461538461,0.0,0.5204209471310448,0.47957905286895514
2902609,Baixa Grande,0.8340846047156727,0.00017337031900138697,0.505664263645726,0.49433573635427397
2902658,Banzaê,0.5155895691609977,0.2094671201814059,0.5157090291536938,0.48429097084630623
2902708,Barra,0.840770852152966,0.0003613369467028004,0.5106294289287203,0.4893705710712797
2902807,Barra da Estiva,0.6510874595094863,0.00046274872744099955,0.49708141321044547,0.5029185867895545
2902906,Barra do Choça,0.7320056899004267,0.004551920341394026,0.5084586466165414,0.49154135338345867
2903003,Barra do Mendes,0.7248268513585508,0.0007991475759190197,0.5129766949152542,0.4870233050847458
2903102,Barra do Rocha,0.8589743589743589,0.002787068004459309,0.5213533000554631,0.4786466999445369
2903201,Barreiras,0.7421717722961992,0.0019646365422396855,0.49085482330468005,0.50914517669532
2903235,Barro Alto,0.6746347941567065,0.0002656042496679947,0.5189939743253864,0.4810060256746136
2903276,Barrocas,0.7366589327146171,0.0006960556844547563,0.5227900552486188,0.47720994475138123
2903300,Barro Preto,0.8906988964792433,0.004203888596952181,0.5204188481675392,0.47958115183246075
2903409,Belmonte,0.8717547700969659,0.005004691898654989,0.5144848954298993,0.4855151045701007
2903508,Belo Campo,0.7692811885514529,0.0,0.5237576285963382,0.4762423714036617
2903607,Biritinga,0.869253195783808,0.0013455931823278763,0.5119152691968226,0.4880847308031774
2903706,Boa Nova,0.7132243684992571,0.003396306516663129,0.51786464901219,0.48213535098781
2903805,Boa Vista do Tupim,0.822594880847308,0.003353927625772286,0.5239334027055151,0.4760665972944849
2903904,Bom Jesus da Lapa,0.7907001154613205,0.004041146216017634,0.5019628099173554,0.49803719008264463
2903953,Bom Jesus da Serra,0.6552406064601186,0.0006591957811470006,0.5201970443349754,0.4798029556650246
2904001,Boninal,0.8201058201058201,0.0002405002405002405,0.5078459343794579,0.4921540656205421
2904050,Bonito,0.777845652616575,0.005497861942577886,0.5084342131375272,0.4915657868624727
2904100,Boquira,0.6850728155339806,0.0009101941747572816,0.50666866476847,0.49333133523153005
2904209,Botuporã,0.7396930484501956,0.001504664459825459,0.5129195129195129,0.48708048708048707
2904308,Brejões,0.7927801218940459,0.0039849976558837315,0.5006928406466513,0.49930715935334874
2904407,Brejolândia,0.7064881565396498,0.0,0.504421768707483,0.495578231292517
2904506,Brotas de Macaúbas,0.6948424068767909,0.0,0.5065440396179696,0.49345596038203043
2904605,Brumado,0.5911293113392548,0.0004614142346291383,0.49787160607455133,0.5021283939254487
2904704,Buerarema,0.8492840994724944,0.011303692539562924,0.5002803214352457,0.49971967856475424
2904753,Buritirama,0.7881840048105833,0.0004509921828021648,0.5191426459719143,0.4808573540280857
2904803,Caatiba,0.7836684948202316,0.0,0.519014298752662,0.48098570124733797
2904852,Cabaceiras do Paraguaçu,0.9187209717756342,0.001250446588067167,0.5182171913689423,0.48178280863105766
2904902,Cachoeira,0.8904446344591705,0.002672082086361693,0.49311783107403545,0.5068821689259645
2905008,Caculé,0.6218822746923844,0.0008313934153641503,0.5147811725846408,0.4852188274153592
2905107,Caém,0.8588578844905905,0.0003244646333549643,0.5003184713375797,0.4996815286624204
2905156,Caetanos,0.6286165176223041,0.0002630194634402946,0.5115062761506276,0.4884937238493724
2905206,Caetité,0.6090811583839828,0.0020021451555237756,0.5011362022439995,0.4988637977560006
2905305,Cafarnaum,0.8267672007540057,0.00037700282752120643,0.5221518987341772,0.4778481012658228
2905404,Cairu,0.8743652020313535,0.0015455950540958269,0.506893580353296,0.493106419646704
2905503,Caldeirão Grande,0.7950093909310437,0.0018781862087469815,0.5075777718691837,0.49242222813081626
2905602,Camacan,0.8353070175438596,0.011403508771929825,0.5046556951061065,0.4953443048938935
2905701,Camaçari,0.8400830737279336,0.0033492752987290303,0.4991873426824883,0.5008126573175117
2905800,Camamu,0.8794469883761888,0.0040507220852412824,0.5060700659035726,0.4939299340964273
2905909,Campo Alegre de Lourdes,0.7765436522154544,0.00011943150603129105,0.5024043966109457,0.4975956033890543
2906006,Campo Formoso,0.7632747829598223,0.0010094891984655764,0.5076162215628091,0.4923837784371909
2906105,Canápolis,0.6472292647591452,0.0003621876131836291,0.5077254761049227,0.49227452389507725
2906204,Canarana,0.7639850057670127,0.0005767012687427913,0.5142775556824671,0.48572244431753286
2906303,Canavieiras,0.8334431269213878,0.004391743522178305,0.501464049452337,0.4985359505476629
2906402,Candeal,0.8935824532900081,0.0,0.5084405144694534,0.4915594855305466
2906501,Candeias,0.9103783830748512,0.00021721186845649246,0.5021824717562479,0.49781752824375214
2906600,Candiba,0.7232441471571907,0.0002787068004459309,0.5195344970906068,0.48046550290939316
2906709,Cândido Sales,0.7220608662709939,0.00012627857052658164,0.5075187969924813,0.4924812030075188
2906808,Cansanção,0.7656393042416845,0.00183094293561184,0.5113039967702866,0.48869600322971335
2906824,Canudos,0.7456353591160221,0.0070718232044198895,0.5115720524017467,0.48842794759825325
2906857,Capela do Alto Alegre,0.6867233485938522,0.001962066710268149,0.5231616456106252,0.4768383543893748
2906873,Capim Grosso,0.7098790054514027,0.0014625714665602977,0.49537037037037035,0.5046296296296297
2906899,Caraíbas,0.592296511627907,0.0,0.4911584265608084,0.5088415734391917
2906907,Caravelas,0.841500889535824,0.0021025392204431508,0.5194244604316547,0.4805755395683453
2907004,Cardeal da Silva,0.8930712858094604,0.0033311125916055963,0.5087548638132295,0.4912451361867704
2907103,Carinhanha,0.8072050236862399,0.00044067423157430867,0.5203870827443732,0.4796129172556268
2907202,Casa Nova,0.6883579865914654,0.001383420240502288,0.5128972944575781,0.48710270554242185
2907301,Castro Alves,0.8921017402945114,0.0033467202141900937,0.5064400478024167,0.4935599521975833
2907400,Catolândia,0.7396449704142012,0.0,0.5408163265306123,0.45918367346938777
2907509,Catu,0.8809169395653468,0.0007442691277165823,0.5005119204329385,0.4994880795670616
2907558,Caturama,0.58125,0.0,0.5221715706589308,0.4778284293410692
2907608,Central,0.7534188034188034,0.0014957264957264958,0.516259298618491,0.48374070138150904
2907707,Chorrochó,0.8625906082571698,0.002206114087614245,0.5221948212083847,0.47780517879161527
2907806,Cícero Dantas,0.6288319088319089,0.0020512820512820513,0.5077252734859592,0.4922747265140408
2907905,Cipó,0.7732303194821466,0.0006264355815410315,0.4958263772954925,0.5041736227045075
2908002,Coaraci,0.8428752031786165,0.0,0.5034802784222738,0.4965197215777262
2908101,Cocos,0.631638418079096,0.0026365348399246705,0.525982492084187,0.474017507915813
2908200,Conceição da Feira,0.9272791770131252,0.0023057821922667612,0.5077057793345009,0.4922942206654991
2908309,Conceição do Almeida,0.9139784946236559,0.0,0.5096548890714873,0.49034511092851274
2908408,Conceição do Coité,0.7458566693336381,0.0008572408275231455,0.4993486264514302,0.5006513735485698
2908507,Conceição do Jacuípe,0.899272309459977,0.0028086301544746587,0.5099736544975536,0.4900263455024464
2908606,Conde,0.8680610365693239,0.002104709287029729,0.5047803617571059,0.49521963824289406
2908705,Condeúba,0.7069118298626496,0.000664599025254763,0.5035382574082264,0.49646174259177356
2908804,Contendas do Sincorá,0.7208931419457735,0.0,0.5304829770387965,0.46951702296120346
2908903,Coração de Maria,0.9180526156637435,0.0,0.5102648021422196,0.4897351978577804
2909000,Cordeiros,0.6686315789473685,0.0,0.5027368421052631,0.49726315789473685
2909109,Coribe,0.7055979643765903,0.0,0.5092638958437656,0.49073610415623437
2909208,Coronel João Sá,0.6866368047779022,0.002799552071668533,0.514943382216447,0.485056617783553
2909307,Correntina,0.7218585685159352,0.0005365382551775941,0.4964433591676399,0.5035566408323601
2909406,Cotegipe,0.7831806436457599,0.00305379375146817,0.5211234911792015,0.4788765088207985
2909505,Cravolândia,0.790650406504065,0.0,0.5124077800134138,0.4875922199865862
2909604,Crisópolis,0.754559400034089,0.0001704448610874382,0.5176151761517616,0.4823848238482385
2909703,Cristópolis,0.6554579673776663,0.0002509410288582183,0.524472049689441,0.475527950310559
2909802,Cruz das Almas,0.880259920509747,0.0018295375686076588,0.49700224831376466,0.5029977516862353
2909901,Curaçá,0.8191936161276775,0.02089458210835783,0.5155002592016589,0.4844997407983411
2910008,Dário Meira,0.8148802017654476,0.0015132408575031526,0.5107985936715218,0.48920140632847814
2910057,Dias d'Ávila,0.8457289935117165,0.0025738645503780365,0.5034109991603695,0.4965890008396306
2910107,Dom Basílio,0.47503242542153046,0.0,0.5247652962123664,0.47523470378763355
2910206,Dom Macedo Costa,0.8787010506208214,0.0009551098376313276,0.48,0.52
2910305,Elísio Medrado,0.7759481037924152,0.003992015968063872,0.5054671968190855,0.4945328031809145
2910404,Encruzilhada,0.7731987664704233,0.001261564339781329,0.5155487379723888,0.4844512620276112
2910503,Entre Rios,0.8903483723586522,0.00016317206494248184,0.4993171045231783,0.5006828954768218
2910602,Esplanada,0.8262616364527192,0.005291523762861343,0.5067255956956187,0.49327440430438124
2910701,Euclides da Cunha,0.7731076923076923,0.017784615384615385,0.5081566566872365,0.49184334331276347
2910727,Eunápolis,0.7599044675470638,0.008921045237426243,0.4950859524222955,0.5049140475777044
2910750,Fátima,0.6390610328638497,0.0003755868544600939,0.512962962962963,0.48703703703703705
2910776,Feira da Mata,0.643184421534937,0.0,0.5197294250281849,0.48027057497181513
2910800,Feira de Santana,0.821591468416735,0.0017850697292863002,0.49201769946004953,0.5079823005399505
2910859,Filadélfia,0.8147077050196241,0.0012394133443503407,0.5149847094801223,0.4850152905198777
2910909,Firmino Alves,0.7517594369801663,0.008317338451695458,0.5057034220532319,0.49429657794676807
2911006,Floresta Azul,0.8030716723549488,0.0034129692832764505,0.5242290748898678,0.47577092511013214
2911105,Formosa do Rio Preto,0.812748457847841,0.0008224811514736121,0.5170836696260425,0.4829163303739575
2911204,Gandu,0.8307657195024535,0.0014835102133972384,0.5015300918055083,0.49846990819449166
2911253,Gavião,0.7227091633466135,0.0,0.5216706067769897,0.47832939322301027
2911303,Gentio do Ouro,0.6233722871452421,0.0,0.5103195739014648,0.4896804260985353
2911402,Glória,0.6197277393438965,0.11202856505244366,0.5045484801420014,0.4954515198579987
2911501,Gongogi,0.8873351977626848,0.002796644027167399,0.5072520580164641,0.4927479419835359
2911600,Governador Mangabeira,0.9380500431406384,0.0005176876617773944,0.5010266940451745,0.4989733059548255
2911659,Guajeru,0.7321721984883339,0.0,0.5035971223021583,0.49640287769784175
2911709,Guanambi,0.6656825206440006,0.002537251464686073,0.493561055804183,0.5064389441958169
2911808,Guaratinga,0.7926362766974817,0.000637551801083838,0.5307351077313055,0.46926489226869456
2911857,Heliópolis,0.6147927525440556,0.0,0.5199109572099926,0.4800890427900074
2911907,Iaçu,0.8386515697375193,0.001029336078229542,0.5050184220556473,0.4949815779443527
2912004,Ibiassucê,0.592797783933518,0.0,0.5178849144634525,0.4821150855365474
2912103,Ibicaraí,0.7946442472364939,0.0024910477969796044,0.5032198712051518,0.49678012879484823
2912202,Ibicoara,0.8037316110513096,0.000897021887334051,0.4966119828815977,0.5033880171184023
2912301,Ibicuí,0.724202626641651,0.00023452157598499062,0.5140861466821885,0.4859138533178114
2912400,Ibipeba,0.7142228093350946,0.0015411712901805372,0.5142236699239957,0.48577633007600435
2912509,Ibipitanga,0.586708707252001,0.00024254183846713557,0.5132148005766458,0.48678519942335413
2912608,Ibiquera,0.8700361010830325,0.0,0.5135520684736091,0.4864479315263909
2912707,Ibirapitanga,0.8684800897363993,0.0012619181155356142,0.5069857518328953,0.4930142481671047
2912806,Ibirapuã,0.7409351145038168,0.02194656488549618,0.5070888468809074,0.4929111531190926
2912905,Ibirataia,0.8559716787777156,0.0001863238308179616,0.520459174226995,0.479540825773005
2913002,Ibitiara,0.8101809954751131,0.0,0.5141955835962145,0.48580441640378547
2913101,Ibititá,0.7317622950819672,0.00020491803278688525,0.5162800162800163,0.4837199837199837
2913200,Ibotirama,0.7898908523908524,0.016372141372141373,0.5058930190389845,0.4941069809610154
2913309,Ichu,0.7390090718771808,0.0027913468248429866,0.5381414701803051,0.4618585298196949
2913408,Igaporã,0.6762723681152684,0.0006971880083662561,0.5035788501500809,0.4964211498499192
2913457,Igrapiúna,0.8795728243581005,0.0006816632583503749,0.523035833518807,0.47696416648119294
2913507,Iguaí,0.7453813029587443,0.0,0.5089828634604754,0.4910171365395246
2913606,Ilhéus,0.801729873586161,0.02243996854775298,0.49412562583527814,0.5058743741647218
2913705,Inhambupe,0.8327675540468108,0.0021440057173485795,0.50991626267078,0.49008373732921995
2913804,Ipecaetá,0.8559662090813094,0.0,0.5110363674584822,0.48896363254151776
2913903,Ipiaú,0.8385231684149665,0.001734533740811101,0.5007385524372231,0.49926144756277696
2914000,Ipirá,0.808098286900848,0.0033454461556209265,0.500969544884225,0.49903045511577504
2914109,Ipupiara,0.48880597014925375,0.0,0.5140495867768595,0.4859504132231405
2914208,Irajuba,0.7651245551601423,0.0005083884087442806,0.5116632860040567,0.4883367139959432
2914307,Iramaia,0.8173441734417344,0.0008130081300813008,0.5202374527792768,0.47976254722072315
2914406,Iraquara,0.8293306806877931,0.0012789540997584197,0.4976711362032463,0.5023288637967537
2914505,Irará,0.9393466250300264,0.000360317079029546,0.4978020672448616,0.5021979327551385
2914604,Irecê,0.6982267426380532,0.001118270408434954,0.48961673939330214,0.5103832606066978
2914653,Itabela,0.8123657737086017,0.005651633322030066,0.5206445115810675,0.47935548841893255
2914703,Itaberaba,0.798166714408479,0.004812374677742767,0.5005368748233965,0.4994631251766036
2914802,Itabuna,0.7918769481965267,0.0030800059373608433,0.48747265675263324,0.5125273432473668
2914901,Itacaré,0.8984511784511785,0.0053872053872053875,0.520244258595513,0.4797557414044869
2915007,Itaeté,0.8472075869336143,0.001053740779768177,0.5218466611706513,0.47815333882934874
2915106,Itagi,0.8169014084507042,0.00025608194622279127,0.5057530043467144,0.4942469956532856
2915205,Itagibá,0.8036465638148668,0.0011687704534829358,0.5143518518518518,0.48564814814814816
2915304,Itagimirim,0.7945859872611465,0.0015923566878980893,0.5013014055179594,0.4986985944820406
2915353,Itaguaçu da Bahia,0.7832809857453491,0.000724812756704518,0.5263157894736842,0.47368421052631576
2915403,Itaju do Colônia,0.7385321100917431,0.040265035677879715,0.5120481927710844,0.4879518072289157
2915502,Itajuípe,0.8408858603066439,0.0018739352640545145,0.5034367141659681,0.49656328583403186
2915601,Itamaraju,0.8536827039524386,0.012716062974788066,0.5087623220153341,0.49123767798466594
2915700,Itamari,0.8321332133213322,0.00045004500450045,0.5134770889487871,0.4865229110512129
2915809,Itambé,0.7722222222222223,0.0015015015015015015,0.5037772181898978,0.4962227818101022
2915908,Itanagra,0.9198364008179959,0.0036809815950920245,0.5026305139619587,0.49736948603804126
2916005,Itanhém,0.7042380522993688,0.0016230838593327321,0.515379113018598,0.484620886981402
2916104,Itaparica,0.9125354107648725,0.000708215297450425,0.5075597749648383,0.49244022503516177
2916203,Itapé,0.81824,0.00352,0.513857916533928,0.486142083466072
2916302,Itapebi,0.8118154663126452,0.008961168270826419,0.4831168831168831,0.5168831168831168
2916401,Itapetinga,0.7518275241021295,0.0022248119504184767,0.4981132075471698,0.5018867924528302
2916500,Itapicuru,0.8015545060999606,9.838646202282565e-05,0.5124226652263577,0.48757733477364235
2916609,Itapitanga,0.8294520547945206,0.00034246575342465754,0.5040927694406548,0.49590723055934516
2916708,Itaquara,0.7506350550381033,0.0,0.5037942664418212,0.49620573355817876
2916807,Itarantim,0.7489655172413793,0.0005911330049261083,0.5102599179206566,0.4897400820793434
2916856,Itatim,0.7706126209120221,0.0016121602947950253,0.5050343249427918,0.49496567505720823
2916906,Itiruçu,0.8017094017094017,0.0,0.5142615080485738,0.48573849195142615
2917003,Itiúba,0.8106742605180967,0.0007348888480617307,0.5166924406440462,0.48330755935595376
2917102,Itororó,0.7912995594713657,0.0009177679882525697,0.5013579576317219,0.4986420423682781
2917201,Ituaçu,0.610682607018897,0.0001928268414963363,0.5122605363984675,0.4877394636015326
2917300,Ituberá,0.8538185418987498,0.0019804431241490284,0.5125061304561059,0.48749386954389407
2917334,Iuiu,0.7776191835569511,0.0008564087924636027,0.5333333333333333,0.4666666666666667
2917359,Jaborandi,0.7244785949506037,0.0,0.512568306010929,0.48743169398907105
2917409,Jacaraci,0.6179591836734694,0.0,0.5069161920260374,0.49308380797396256
2917508,Jacobina,0.7752413193650213,0.0036140720069536576,0.49059151886197894,0.5094084811380211
2917607,Jaguaquara,0.764189744995887,0.0018508363038113517,0.5015646258503401,0.4984353741496599
2917706,Jaguarari,0.7538853812530355,0.0014570179698882952,0.517980471540843,0.48201952845915697
2917805,Jaguaripe,0.9022840119165839,0.0,0.525323910482921,0.4746760895170789
2917904,Jandaíra,0.9151663106499848,0.0006103143118706134,0.5209471766848816,0.4790528233151184
2918001,Jequié,0.7617876877388574,0.0020203987244711667,0.5006154514517414,0.49938454854825864
2918100,Jeremoabo,0.7396267439753579,0.0015401340822612792,0.5172692930383163,0.48273070696168374
2918209,Jiquiriçá,0.8133300541072307,0.0,0.5148058252427185,0.48519417475728155
2918308,Jitaúna,0.8204452956667465,0.0007182188173330142,0.5154761904761904,0.4845238095238095
2918357,João Dourado,0.7764724068635028,0.0009275003864584944,0.5067434459766631,0.49325655402333685
2918407,Juazeiro,0.7585357760352084,0.0027768560400985,0.5023871676856495,0.4976128323143505
2918456,Jucuruçu,0.8525239194985154,0.0,0.5195788088186903,0.48042119118130966
2918506,Jussara,0.7354352296093215,0.0,0.5324116047144152,0.46758839528558477
2918555,Jussari,0.8566757493188011,0.0,0.5214092140921409,0.4785907859078591
2918605,Jussiape,0.5820353063343717,0.0010384215991692627,0.5131782945736434,0.4868217054263566
2918704,Lafaiete Coutinho,0.7847358121330724,0.003913894324853229,0.5159112825458052,0.4840887174541948
2918753,Lagoa Real,0.5246736003540606,0.0,0.5187389770723104,0.4812610229276896
2918803,Laje,0.8470695970695971,0.0010683760683760685,0.5162121212121212,0.48378787878787877
2918902,Lajedão,0.7262032085561497,0.0,0.498416050686378,0.5015839493136219
2919009,Lajedinho,0.8428063943161634,0.0,0.524390243902439,0.47560975609756095
2919058,Lajedo do Tabocal,0.7300252312867956,0.0037846930193439865,0.49854711498547116,0.5014528850145289
2919108,Lamarão,0.9066121336059987,0.0006816632583503749,0.5142857142857142,0.4857142857142857
2919157,Lapão,0.7672495594415074,0.0021689033482445437,0.5250804721030042,0.4749195278969957
2919207,Lauro de Freitas,0.8026699652251033,0.002824001680397694,0.4979238833704205,0.5020761166295795
2919306,Lençóis,0.8839568801521877,0.0031705770450221942,0.5060956548921538,0.4939043451078462
2919405,Licínio de Almeida,0.6332326283987916,0.0018126888217522659,0.5282962071041541,0.47170379289584585
2919504,Livramento de Nossa Senhora,0.5964163108096793,0.0005023863350916855,0.5036259064766192,0.49637409352338085
2919553,Luís Eduardo Magalhães,0.7134773939753193,0.0009160963517809991,0.49405745349890745,0.5059425465010926
2919603,Macajuba,0.8153254248156461,0.0,0.5134543178973717,0.4865456821026283
2919702,Macarani,0.7138671875,0.001953125,0.5085758334939294,0.4914241665060705
2919801,Macaúbas,0.6451314854299929,0.0014214641080312722,0.5101451317458081,0.4898548682541919
2919900,Macururé,0.768857520952801,0.004411116012351125,0.5021570319240725,0.49784296807592754
2919926,Madre de Deus,0.8866001274155871,0.0014865151836908049,0.5002094679514034,0.4997905320485966
2919959,Maetinga,0.6812896405919662,0.0,0.5166402535657686,0.48335974643423135
2920007,Maiquinique,0.736359850062474,0.0008329862557267805,0.5143560295324036,0.4856439704675964
2920106,Mairi,0.7813114168304449,0.0,0.5152753108348135,0.4847246891651865
2920205,Malhada,0.9067796610169492,0.0007704160246533128,0.523384030418251,0.47661596958174907
2920304,Malhada de Pedras,0.5730671197960917,0.0,0.5084745762711864,0.4915254237288136
2920403,Manoel Vitorino,0.6808263695450325,0.0,0.512031466913466,0.487968533086534
2920452,Mansidão,0.908774546358439,0.0017399950285856326,0.5136868064118373,0.4863131935881628
2920502,Maracás,0.7218194740582801,0.0022743425728500356,0.493542953396968,0.506457046603032
2920601,Maragogipe,0.8407496078593247,0.0002476677949310658,0.5221578388965967,0.4778421611034033
2920700,Maraú,0.9173441734417345,0.00016937669376693767,0.5221848739495798,0.47781512605042015
2920809,Marcionílio Souza,0.8667861409796893,0.0,0.521995866548568,0.47800413345143195
2920908,Mascote,0.8315615402787621,0.0025986298133711316,0.51850994909764,0.48149005090236
2921005,Mata de São João,0.896683900873596,0.0018719914423248351,0.506806282722513,0.4931937172774869
2921054,Matina,0.7650289017341041,0.00028901734104046245,0.5113473139902327,0.4886526860097673
2921104,Medeiros Neto,0.733940226726211,0.0027481964960494676,0.5252079443218469,0.47479205567815314
2921203,Miguel Calmon,0.8069010416666667,0.0005208333333333333,0.5052563270603504,0.4947436729396496
2921302,Milagres,0.76832942751925,0.001004352192835621,0.492184901895577,0.507815098104423
2921401,Mirangaba,0.8313451254627725,0.0010283833813245578,0.5117872254684667,0.48821277453153333
2921450,Mirante,0.5935547517264058,0.0003288391976323578,0.5222367560497057,0.4777632439502943
2921500,Monte Santo,0.6351672337420556,0.0005777749245682737,0.5072296865003199,0.4927703134996801
2921609,Morpará,0.7953767123287672,0.0008561643835616438,0.4895343870140965,0.5104656129859034
2921708,Morro do Chapéu,0.8042488619119879,0.0023710166919575114,0.5142723880597015,0.4857276119402985
2921807,Mortugaba,0.6881000872854234,0.0,0.5039096437880104,0.49609035621198955
2921906,Mucugê,0.7860434496379197,0.0013166556945358788,0.501468189233279,0.49853181076672104
2922003,Mucuri,0.8100241770503999,0.0029756369722893808,0.5044491331070544,0.4955508668929456
2922052,Mulungu do Morro,0.7786885245901639,0.0005122950819672131,0.5083375442142496,0.49166245578575035
2922102,Mundo Novo,0.8241656773512729,0.00013190871916633689,0.5338041061854322,0.46619589381456783
2922201,Muniz Ferreira,0.8485153497735279,0.0005032712632108706,0.5195586760280843,0.48044132397191575
2922250,Muquém do São Francisco,0.8364188163884674,0.022154779969650987,0.5326119627291854,0.46738803727081457
2922300,Muritiba,0.8918549788924758,0.0004966476285075739,0.49602640909646656,0.5039735909035334
2922409,Mutuípe,0.8484440706476031,0.0,0.5004993342210386,0.4995006657789614
2922508,Nazaré,0.8829192142578379,0.0014309873812930923,0.5017435102673382,0.49825648973266173
2922607,Nilo Peçanha,0.8810824876398647,0.0,0.5176865478956881,0.4823134521043119
2922656,Nordestina,0.7690302398331595,0.0007820646506777894,0.5191511387163561,0.4808488612836439
2922706,Nova Canaã,0.7256944444444444,0.0002314814814814815,0.5242361589708248,0.4757638410291753
2922730,Nova Fátima,0.7916049382716049,0.0014814814814814814,0.4995088408644401,0.50049115913556
2922755,Nova Ibiá,0.8554729011689692,0.0005313496280552603,0.507399577167019,0.492600422832981
2922805,Nova Itarana,0.782830429239269,0.0012749681257968552,0.5031525851197982,0.4968474148802018
2922854,Nova Redenção,0.8585345192714952,0.0,0.5254237288135594,0.4745762711864407
2922904,Nova Soure,0.8088674150916584,0.0012789540997584197,0.517718480869688,0.48228151913031203
2923001,Nova Viçosa,0.8073596893752206,0.003353335686551359,0.5036134087940792,0.49638659120592077
2923035,Novo Horizonte,0.6446771378708551,0.00034904013961605586,0.5166723960123754,0.4833276039876246
2923050,Novo Triunfo,0.6158523344191097,0.0,0.49213192498383274,0.5078680750161673
2923100,Olindina,0.817380694143167,0.00040672451193058567,0.5068401287553648,0.4931598712446352
2923209,Oliveira dos Brejinhos,0.7771789344009855,0.0003079765937788728,0.5220644373186746,0.47793556268132537
2923308,Ouriçangas,0.9475160256410257,0.0,0.5023382696804365,0.4976617303195635
2923357,Ourolândia,0.7879932829554995,0.0033585222502099076,0.5067429505516959,0.49325704944830406
2923407,Palmas de Monte Alto,0.764149377593361,0.0034854771784232365,0.5183946488294314,0.4816053511705686
2923506,Palmeiras,0.8540587219343696,0.006044905008635579,0.5087569414780009,0.4912430585219991
2923605,Paramirim,0.6822070892264711,0.00034922297887200976,0.5111576011157601,0.4888423988842399
2923704,Paratinga,0.8352890975037337,0.001173458502240239,0.5128339444735464,0.48716605552645365
2923803,Paripiranga,0.6302408018579636,0.0,0.514839491217444,0.485160508782556
2923902,Pau Brasil,0.6138237159162968,0.24128091312618896,0.5020420986490732,0.4979579013509268
2924009,Paulo Afonso,0.6891625780180902,0.0076098928607189345,0.4941059930658742,0.5058940069341258
2924058,Pé de Serra,0.7554030002542589,0.0027968471904398677,0.49811699723826264,0.5018830027617374
2924108,Pedrão,0.950990099009901,0.0,0.5119687347337567,0.4880312652662433
2924207,Pedro Alexandre,0.8684449283251678,0.0,0.501985559566787,0.498014440433213
2924306,Piatã,0.7123929881777415,0.00040766408479412964,0.5047312260922086,0.49526877390779145
2924405,Pilão Arcado,0.8061184723304754,0.0010717069368667187,0.5143754760091394,0.48562452399086065
2924504,Pindaí,0.762902514336127,0.0011027790030877812,0.5210652695917922,0.47893473040820783
2924603,Pindobaçu,0.7634914885910902,0.0032596885186526622,0.5136746143057503,0.48632538569424966
2924652,Pintadas,0.8306371739848135,0.0003301419610432486,0.5215827338129496,0.4784172661870504
2924678,Piraí do Norte,0.8618570042057586,0.0,0.5221973810284254,0.47780261897157456
2924702,Piripá,0.7544710518338891,0.0,0.5107348049591776,0.4892651950408225
2924801,Piritiba,0.8014404976264528,0.0004910787362907187,0.519349593495935,0.48065040650406504
2924900,Planaltino,0.7029856533540132,0.00038774718883288094,0.5130368098159509,0.4869631901840491
2925006,Planalto,0.6847326049453709,0.0001437607820586544,0.5023500925794047,0.49764990742059534
2925105,Poções,0.7114088509947218,0.001705237515225335,0.4912012856568903,0.5087987143431096
2925204,Pojuca,0.856431894406578,0.0016228497241155468,0.4939245363461948,0.5060754636538052
2925253,Ponto Novo,0.8005413283364564,0.0,0.5098969072164948,0.49010309278350517
2925303,Porto Seguro,0.75479267635972,0.04614970382337103,0.4944640564826701,0.5055359435173299
2925402,Potiraguá,0.8010016694490818,0.003005008347245409,0.5216672179953689,0.47833278200463114
2925501,Prado,0.7836520891704227,0.0835668169082714,0.5151442017617955,0.4848557982382044
2925600,Presidente Dutra,0.6902275769745649,0.0,0.5218900160170848,0.4781099839829151
2925709,Presidente Jânio Quadros,0.6334295460509053,0.0,0.51953125,0.48046875
2925758,Presidente Tancredo Neves,0.8314876584389593,0.0014676450967311542,0.5075568405835195,0.4924431594164805
2925808,Queimadas,0.7479977116704806,0.002288329519450801,0.5145451965375337,0.4854548034624663
2925907,Quijingue,0.8298619520465004,0.007507871155243401,0.5187643296729818,0.4812356703270182
2925931,Quixabeira,0.7720861172976986,0.0,0.5131725417439703,0.4868274582560297
2925956,Rafael Jambeiro,0.8578178059943895,0.0002952901225454009,0.5019757061320065,0.4980242938679936
2926004,Remanso,0.7192624849439452,0.0016677476141943853,0.5052898092051723,0.49471019079482775
2926103,Retirolândia,0.721671826625387,0.0,0.5041449186367823,0.4958550813632177
2926202,Riachão das Neves,0.8408309669705575,0.00044836347332237334,0.5203000882612533,0.4796999117387467
2926301,Riachão do Jacuípe,0.764013764013764,0.001332001332001332,0.5058849411505885,0.4941150588494115
2926400,Riacho de Santana,0.6543612830613393,0.0009003939223410242,0.515748469671675,0.48425153032832496
2926509,Ribeira do Amparo,0.7944910695072089,0.0006455777921239509,0.5186925870540483,0.4813074129459517
2926608,Ribeira do Pombal,0.6895358893052753,0.006413952147592966,0.5047196796338673,0.49528032036613273
2926657,Ribeirão do Largo,0.7695652173913043,0.0,0.5223648385842085,0.47763516141579154
2926707,Rio de Contas,0.5598341232227488,0.0,0.49328271028037385,0.5067172897196262
2926806,Rio do Antônio,0.5639908256880733,0.0,0.5027447392497713,0.49725526075022874
2926905,Rio do Pires,0.5408014039192747,0.0,0.5110336817653891,0.4889663182346109
2927002,Rio Real,0.7641269004306178,0.001142455400298796,0.5108209936037852,0.48917900639621487
2927101,Rodelas,0.5956260720411664,0.13336192109777015,0.49659284497444633,0.5034071550255537
2927200,Ruy Barbosa,0.8260717205933886,0.0017521317603083752,0.5084706428405663,0.49152935715943374
2927309,Salinas da Margarida,0.9389352818371608,0.005741127348643006,0.5116936520174762,0.48830634798252376
2927408,Salvador,0.8335343769620485,0.0024424927811601393,0.4916451141679308,0.5083548858320692
2927507,Santa Bárbara,0.8754774637127578,0.0005729564553093965,0.504568338616446,0.495431661383554
2927606,Santa Brígida,0.738881829733164,0.0014824227022448115,0.5175624206517139,0.48243757934828607
2927705,Santa Cruz Cabrália,0.6814443587766641,0.16795168337188385,0.5053062268252142,0.49469377317478586
2927804,Santa Cruz da Vitória,0.8208092485549133,0.0005254860746190226,0.5174934725848565,0.4825065274151436
2927903,Santa Inês,0.8104596935376416,0.0,0.5199867855963,0.48001321440370004
2928000,Santaluz,0.7892067356461757,0.00375329681476973,0.4926795026073004,0.5073204973926996
2928059,Santa Luzia,0.8600303183425972,0.0017685699848408287,0.517799352750809,0.48220064724919093
2928109,Santa Maria da Vitória,0.7163767146202743,0.001756440281030445,0.5141317861583091,0.4858682138416908
2928208,Santana,0.6911636045494314,0.0005832604257801109,0.5245381062355658,0.4754618937644342
2928307,Santanópolis,0.9055900621118013,0.0,0.5012305168170632,0.49876948318293685
2928406,Santa Rita de Cássia,0.7928891098955744,0.0014917951268025858,0.5270568070519099,0.4729431929480901
2928505,Santa Terezinha,0.8148550724637681,0.0010869565217391304,0.5264483627204031,0.473551637279597
2928604,Santo Amaro,0.9301215845208524,0.0005229441757092431,0.49930052142947984,0.5006994785705201
2928703,Santo Antônio de Jesus,0.8059539155655817,0.0012085078955849178,0.48493446291560105,0.515065537084399
2928802,Santo Estêvão,0.8844207543350651,0.0003373591525538088,0.4970525187566988,0.5029474812433011
2928901,São Desidério,0.7517194723193145,0.00033825684970120647,0.5141097424412094,0.4858902575587906
2928950,São Domingos,0.7761780104712042,0.002617801047120419,0.500862812769629,0.499137187230371
2929008,São Félix,0.891542288557214,0.00472636815920398,0.5126953125,0.4873046875
2929057,São Félix do Coribe,0.6971592389887933,0.003388063591347407,0.5040103492884864,0.4959896507115136
2929107,São Felipe,0.8550645571922167,0.0007274049827241316,0.4999099585809472,0.5000900414190528
2929206,São Francisco do Conde,0.935467217346412,0.002374806401652039,0.5103692463328275,0.48963075366717246
2929255,São Gabriel,0.7465446395218528,0.00018677624206200972,0.5214644118193644,0.4785355881806356
2929305,São Gonçalo dos Campos,0.937546947097328,0.00042923060414207535,0.49562526675202734,0.5043747332479727
2929354,São José da Vitória,0.8857312018946122,0.006512729425695678,0.5079365079365079,0.49206349206349204
2929370,São José do Jacuípe,0.7435808466342817,0.00034698126301179735,0.5214236351071182,0.4785763648928818
2929404,São Miguel das Matas,0.8413194444444444,0.00034722222222222224,0.5209415022499134,0.4790584977500865
2929503,São Sebastião do Passé,0.9139616055846422,0.0006980802792321117,0.503194479938666,0.496805520061334
2929602,Sapeaçu,0.8933588761174968,0.0008514261387824606,0.5014786649767639,0.49852133502323615
2929701,Sátiro Dias,0.7905946498551712,0.0010223206679161698,0.5119946317731924,0.48800536822680757
2929750,Saubara,0.9322522522522523,0.0,0.5059732958538299,0.49402670414617006
2929800,Saúde,0.8252489559910055,0.00064246707356248,0.5205087440381558,0.4794912559618442
2929909,Seabra,0.756582655608342,0.00048313068685079316,0.5106263982102909,0.4893736017897092
2930006,Sebastião Laranjeiras,0.7834895675839129,0.0,0.5016511558090664,0.49834884419093367
2930105,Senhor do Bonfim,0.7483236702798084,0.0013612301487269977,0.5,0.5
2930154,Serra do Ramalho,0.8087328426496917,0.0026854983091306943,0.5252072159921989,0.47479278400780106
2930204,Sento Sé,0.8043880518107323,0.0006167944312274209,0.5133796698523023,0.4866203301476977
2930303,Serra Dourada,0.7497103128621089,0.0003862495171881035,0.5130218307162007,0.48697816928379933
2930402,Serra Preta,0.8832442067736186,0.004679144385026738,0.5286372613561554,0.47136273864384465
2930501,Serrinha,0.8102614176024144,0.0024854644711730504,0.5042813858516665,0.49571861414833357
2930600,Serrolândia,0.7695920164367479,0.0008805400645729381,0.5165252997952617,0.4834747002047382
2930709,Simões Filho,0.879614959194045,0.0018534572957460166,0.49947272833792256,0.5005272716620774
2930758,Sítio do Mato,0.8344459279038718,0.000267022696929239,0.5204509701101206,0.4795490298898794
2930766,Sítio do Quinto,0.7074064381052081,0.0005234231876472127,0.49466840052015604,0.505331599479844
2930774,Sobradinho,0.7554060547813551,0.00608681723530354,0.5070444831407314,0.49295551685926864
2930808,Souto Soares,0.7272727272727273,0.0,0.5183036607321464,0.48169633926785355
2930907,Tabocas do Brejo Velho,0.6683843588966354,0.0006062443164595332,0.5234143449911085,0.47658565500889155
2931004,Tanhaçu,0.6214325170318542,0.00018412815319462345,0.5088138082996695,0.4911861917003305
2931053,Tanque Novo,0.6769328802039083,0.000637213254035684,0.5153504128731738,0.48464958712682615
2931103,Tanquinho,0.9168657429526995,0.0,0.5134751773049645,0.48652482269503544
2931202,Taperoá,0.8960421267198913,0.00016986580601324953,0.5125738396624473,0.48742616033755276
2931301,Tapiramutá,0.8345683586513524,0.0,0.5095764272559853,0.4904235727440147
2931350,Teixeira de Freitas,0.7392832405530899,0.005515507554962674,0.49537869387961814,0.5046213061203818
2931400,Teodoro Sampaio,0.957630979498861,0.0,0.524297815425769,0.4757021845742309
2931509,Teofilândia,0.8272360758548604,0.0034343736001194564,0.516907514450867,0.4830924855491329
2931608,Teolândia,0.8756657107742728,0.0006145022531749283,0.5226271525830998,0.4773728474169003
2931707,Terra Nova,0.9559068219633944,0.0008319467554076539,0.5123809523809524,0.4876190476190476
2931806,Tremedal,0.6883780332056194,0.0,0.501591343093571,0.49840865690642905
2931905,Tucano,0.6816703525432548,0.002536750357746845,0.5046886115242838,0.4953113884757162
2932002,Uauá,0.6610910186859554,0.003616636528028933,0.5049903172948011,0.49500968270519885
2932101,Ubaíra,0.8083994232155732,0.0005407354001441961,0.5128389297899084,0.4871610702100916
2932200,Ubaitaba,0.8699983668136534,0.0026130981544994283,0.49788892497564147,0.5021110750243586
2932309,Ubatã,0.8713361772395761,0.0015136920324755746,0.49931917211328974,0.5006808278867102
2932408,Uibaí,0.7028619528619529,0.0005611672278338945,0.5170880800222284,0.4829119199777716
2932457,Umburanas,0.8256227758007118,0.00018730099269526128,0.5022075055187638,0.4977924944812362
2932507,Una,0.8986259113853057,0.015423443634324173,0.5031280411511192,0.49687195884888086
2932606,Urandi,0.7308163265306122,0.0,0.5187296416938111,0.4812703583061889
2932705,Uruçuca,0.8319650655021834,0.0017467248908296944,0.49698847014283254,0.5030115298571675
2932804,Utinga,0.8036820371644873,0.0012044046799724708,0.4906694059236432,0.5093305940763568
2932903,Valença,0.8506376622879246,0.0021063919420933708,0.4993003290344541,0.5006996709655459
2933000,Valente,0.732943469785575,0.000899685110211426,0.5021593447505585,0.49784065524944154
2933059,Várzea da Roça,0.6450594804564215,0.0033988832240835153,0.5263791857383763,0.4736208142616237
2933109,Várzea do Poço,0.7157074859368239,0.0008654262224145391,0.5221887117621715,0.47781128823782854
2933158,Várzea Nova,0.7769488037046566,0.0020581425263699513,0.5194936708860759,0.48050632911392405
2933174,Varzedo,0.864941366761019,0.0004043671653861706,0.5072347266881029,0.4927652733118971
2933208,Vera Cruz,0.9095855178553764,0.0007913740231476902,0.5099292174596933,0.4900707825403067
2933257,Vereda,0.7180031864046734,0.004779607010090282,0.5351294241944005,0.4648705758055996
2933307,Vitória da Conquista,0.6989321391663796,0.0009859004359342892,0.49196521410341243,0.5080347858965876
2933406,Wagner,0.8617283950617284,0.0021164021164021165,0.5014035087719299,0.49859649122807015
2933455,Wanderley,0.7427041499330655,0.0,0.5227272727272727,0.4772727272727273
2933505,Wenceslau Guimarães,0.8673469387755102,0.0016773832820799553,0.5137298192355457,0.4862701807644543
2933604,Xique-Xique,0.826246030650283,0.0020709650697224905,0.5058163404954154,0.49418365950458465
3100104,Abadia dos Dourados,0.3002628120893561,0.0,0.5013089005235603,0.4986910994764398
3100203,Abaeté,0.4955640050697085,0.0009053050878145935,0.5082555635319455,0.49174443646805455
3100302,Abre Campo,0.6259678379988088,0.0,0.5119152691968226,0.4880847308031774
3100401,Acaiaca,0.8188118811881188,0.0029702970297029703,0.51252408477842,0.48747591522157996
3100500,Açucena,0.8232161874334398,0.003549875754348598,0.5256320224719101,0.4743679775280899
3100609,Água Boa,0.7978701190227605,0.0,0.5148063781321185,0.48519362186788156
3100708,Água Comprida,0.4534412955465587,0.0,0.531062124248497,0.46893787575150303
3100807,Aguanil,0.41623843782117165,0.0010277492291880781,0.507172131147541,0.492827868852459
3100906,Águas Formosas,0.7409918636187525,0.000581170089112747,0.5030864197530864,0.49691358024691357
3101003,Águas Vermelhas,0.7614107883817427,0.0,0.5271037687145069,0.472896231285493
3101102,Aimorés,0.615921555592488,0.004487286022935018,0.4985168094924192,0.5014831905075807
3101201,Aiuruoca,0.3390293916609706,0.0,0.5228046289993192,0.4771953710006807
3101300,Alagoa,0.27414330218068533,0.0,0.5224806201550387,0.47751937984496123
3101409,Albertina,0.18498659517426275,0.0,0.4893048128342246,0.5106951871657754
3101508,Além Paraíba,0.628638964916646,0.001119681512814133,0.5057400320948031,0.4942599679051969
3101607,Alfenas,0.35305970940714815,0.0006893626047300881,0.5001845115715114,0.4998154884284886
3101631,Alfredo Vasconcelos,0.3940917661847894,0.0,0.520702634880803,0.479297365119197
3101706,Almenara,0.7328575561770663,0.0009644131545954287,0.5159686364505641,0.4840313635494358
3101805,Alpercata,0.7507739938080495,0.0,0.5250511247443763,0.47494887525562374
3101904,Alpinópolis,0.3023065931822821,0.0,0.5260385005065856,0.4739614994934144
3102001,Alterosa,0.25951873286628085,0.0,0.4971168437025797,0.5028831562974203
3102050,Alto Caparaó,0.43789921930447123,0.0014194464158978,0.5222929936305732,0.47770700636942676
3102100,Alto Rio Doce,0.497011638880151,0.0018873859704309531,0.5060465116279069,0.493953488372093
3102209,Alvarenga,0.6221033868092691,0.0,0.5248474280732345,0.47515257192676547
3102308,Alvinópolis,0.6948307530831803,0.0002623983206507478,0.5068741893644617,0.4931258106355383
3102407,Alvorada de Minas,0.9298245614035088,0.0,0.4836852207293666,0.5163147792706334
3102506,Amparo do Serra,0.6803723816912335,0.0,0.5,0.5
3102605,Andradas,0.23929983060417842,0.00022586109542631282,0.5119235095613048,0.48807649043869517
3102704,Cachoeira de Pajeú,0.7582461786001609,0.0,0.502207948615014,0.49779205138498595
3102803,Andrelândia,0.4029465930018416,0.001841620626151013,0.5023783388218075,0.49762166117819245
3102852,Angelândia,0.7873076923076923,0.0,0.49924642049736245,0.5007535795026375
3102902,Antônio Carlos,0.5139724089140432,0.0007074637424831977,0.5111346765641569,0.48886532343584305
3103009,Antônio Dias,0.722263868065967,0.0,0.5132841328413285,0.4867158671586716
3103108,Antônio Prado de Minas,0.47645429362880887,0.0,0.5382513661202186,0.46174863387978143
3103207,Araçaí,0.7762711864406779,0.0,0.4856175972927242,0.5143824027072758
3103306,Aracitaba,0.5720250521920668,0.0,0.529045643153527,0.470954356846473
3103405,Araçuaí,0.7989276139410187,0.003542703944848717,0.5023818597560976,0.49761814024390244
3103504,Araguari,0.42350047303689686,0.0004541154210028382,0.512271089762834,0.487728910237166
3103603,Arantina,0.2749615975422427,0.0,0.5238095238095238,0.47619047619047616
3103702,Araponga,0.7492486045513096,0.0,0.5459183673469388,0.45408163265306123
3103751,Araporã,0.6027235050325637,0.0,0.5140679953106683,0.4859320046893318
3103801,Arapuá,0.15187713310580206,0.0017064846416382253,0.5238907849829352,0.4761092150170648
3103900,Araújos,0.3538011695906433,0.0,0.5104116222760291,0.48958837772397096
3104007,Araxá,0.42550081678273577,0.0015045997764594617,0.5039410119501653,0.4960589880498347
3104106,Arceburgo,0.3819055244195356,0.0,0.5357570914902118,0.4642429085097883
3104205,Arcos,0.41139954853273136,0.0004514672686230248,0.5091990127888715,0.4908009872111286
3104304,Areado,0.3070725156669651,0.0002984183825723665,0.5272028385570668,0.47279716144293316
3104403,Argirita,0.5814606741573034,0.0014044943820224719,0.5160390516039052,0.4839609483960948
3104452,Aricanduva,0.6952727272727273,0.0,0.5084626234132581,0.4915373765867419
3104502,Arinos,0.8103202121150316,0.0,0.5216264700019932,0.47837352999800675
3104601,Astolfo Dutra,0.5116707616707616,0.0012285012285012285,0.5082568807339449,0.4917431192660551
3104700,Ataléia,0.8086185044359949,0.0005069708491761723,0.5250501002004008,0.4749498997995992
3104809,Augusto de Lima,0.8655199374511336,0.0007818608287724785,0.5099236641221374,0.4900763358778626
3104908,Baependi,0.2733990147783251,0.0002239140170174653,0.5032373297611074,0.4967626702388926
3105004,Baldim,0.7658610271903323,0.0005035246727089627,0.5230769230769231,0.47692307692307695
3105103,Bambuí,0.4157754010695187,0.0007639419404125286,0.503896597605018,0.49610340239498196
3105202,Bandeira,0.7686804451510334,0.0,0.5122529644268775,0.48774703557312254
3105301,Bandeira do Sul,0.3589021815622801,0.0,0.5277973258268824,0.4722026741731175
3105400,Barão de Cocais,0.7225697159238988,0.001954652071931196,0.508380608561114,0.491619391438886
3105509,Barão do Monte Alto,0.6498579545454546,0.0,0.4881450488145049,0.5118549511854951
3105608,Barbacena,0.4057827158912619,0.0008325061637475585,0.502560839828217,0.497439160171783
3105707,Barra Longa,0.7326164874551971,0.0,0.5038650737877723,0.4961349262122277
3105905,Barroso,0.5481162981162981,0.001638001638001638,0.5062931384490459,0.4937068615509541
3106002,Bela Vista de Minas,0.8048405685747215,0.0,0.4952088922958988,0.5047911077041012
3106101,Belmiro Braga,0.6073170731707317,0.0,0.4775212636695018,0.5224787363304981
3106200,Belo Horizonte,0.57878586713183,0.0013365207381408062,0.49473540915112074,0.5052645908488793
3106309,Belo Oriente,0.7784647866083547,0.0003016136329362087,0.5100389571471381,0.48996104285286185
3106408,Belo Vale,0.49385474860335193,0.0,0.5011135857461024,0.49888641425389757
3106507,Berilo,0.8522811344019728,0.0009864364981504315,0.5271432080569884,0.47285679194301156
3106606,Bertópolis,0.6672051696284329,0.12197092084006463,0.5276663993584603,0.4723336006415397
3106655,Berizal,0.6829073482428115,0.0007987220447284345,0.5039494470774092,0.4960505529225908
3106705,Betim,0.6961240017725314,0.0010654045237264644,0.5033972280114768,0.49660277198852326
3106804,Bias Fortes,0.5460750853242321,0.0,0.5119182746878547,0.4880817253121453
3106903,Bicas,0.4115015974440895,0.0012779552715654952,0.5117460317460317,0.4882539682539683
3107000,Biquinhas,0.5468483816013628,0.0,0.4957410562180579,0.504258943781942
3107109,Boa Esperança,0.4685273738655216,0.0002927686152044501,0.5146108592921207,0.48538914070787925
3107208,Bocaina de Minas,0.2942664418212479,0.0,0.5206402695871946,0.4793597304128054
3107307,Bocaiúva,0.7708928440635757,7.324397568300007e-05,0.5122004515988055,0.48779954840119455
3107406,Bom Despacho,0.47531231409875074,0.0007648508540834538,0.5140328697850822,0.48596713021491783
3107505,Bom Jardim de Minas,0.3364299933642999,0.0033178500331785005,0.505270092226614,0.49472990777338605
3107604,Bom Jesus da Penha,0.33150384193194293,0.0,0.528322440087146,0.47167755991285404
3107703,Bom Jesus do Amparo,0.7532116294793779,0.0,0.5200803212851406,0.4799196787148594
3107802,Bom Jesus do Galho,0.6865364850976362,0.0,0.5152524993591386,0.4847475006408613
3107901,Bom Repouso,0.1272863008585293,0.0007465472191116088,0.5148367952522255,0.48516320474777447
3108008,Bom Sucesso,0.6547938521590632,0.0,0.5058458601765689,0.49415413982343115
3108107,Bonfim,0.4404674945215486,0.0,0.5100143061516452,0.4899856938483548
3108206,Bonfinópolis de Minas,0.7454068241469817,0.0,0.5336721728081322,0.4663278271918678
3108255,Bonito de Minas,0.8744007670182167,0.0,0.5175244711083044,0.4824755288916956
3108305,Borda da Mata,0.21395822720326033,0.0,0.5146686899342438,0.4853313100657562
3108404,Botelhos,0.35391061452513967,0.002793296089385475,0.49958228905597324,0.5004177109440268
3108503,Botumirim,0.7612216566404443,0.00046274872744099955,0.5229357798165137,0.47706422018348627
3108552,Brasilândia de Minas,0.7940898345153664,0.0,0.5144642443878732,0.4855357556121268
3108602,Brasília de Minas,0.7657903348969128,0.0004363477691720301,0.5061795316565482,0.4938204683434519
3108701,Brás Pires,0.6280642434488588,0.0,0.5067567567567568,0.49324324324324326
3108800,Braúnas,0.6956521739130435,0.0,0.504665629860031,0.4953343701399689
3108909,Brazópolis,0.19508830022075055,0.0,0.5091957178149876,0.4908042821850124
3109006,Brumadinho,0.5526376946316524,0.0009295840111550081,0.5077963769777574,0.49220362302224263
3109105,Bueno Brandão,0.12270916334661354,0.0007968127490039841,0.5178429817605076,0.4821570182394925
3109204,Buenópolis,0.8130936227951153,0.00033921302578018993,0.5082242363209131,0.49177576367908693
3109253,Bugre,0.7124756335282652,0.001949317738791423,0.5033686236766122,0.4966313763233879
3109303,Buritis,0.7449622166246851,0.001102015113350126,0.5027675276752768,0.49723247232472323
3109402,Buritizeiro,0.8158625915635261,0.002525890376357666,0.5050192093196183,0.4949807906803817
3109451,Cabeceira Grande,0.7228195937873357,0.008960573476702509,0.5360046457607434,0.4639953542392567
3109501,Cabo Verde,0.3852777777777778,0.0002777777777777778,0.5351411178749308,0.46485888212506915
3109600,Cachoeira da Prata,0.7078916372202592,0.0,0.49243306169965073,0.5075669383003493
3109709,Cachoeira de Minas,0.13871951219512196,0.0007621951219512195,0.523030072325847,0.476969927674153
3109808,Cachoeira Dourada,0.608424336973479,0.0015600624024961,0.5015479876160991,0.4984520123839009
3109907,Caetanópolis,0.7291044776119403,0.001119402985074627,0.528169014084507,0.47183098591549294
3110004,Caeté,0.7110191208357973,0.0004928050463236743,0.5023469587326422,0.4976530412673577
3110103,Caiana,0.4608058608058608,0.0,0.5163398692810458,0.48366013071895425
3110202,Cajuri,0.6726078799249531,0.0,0.5411985018726592,0.45880149812734083
3110301,Caldas,0.20120522263140275,0.009039169735520589,0.5148879223820676,0.4851120776179324
3110400,Camacho,0.2960609911054638,0.0,0.5145385587863464,0.4854614412136536
3110509,Camanducaia,0.327218270310745,0.0005615874204417821,0.5123720930232558,0.4876279069767442
3110608,Cambuí,0.2087665973444249,0.00015997440409534473,0.5065307422746097,0.49346925772539024
3110707,Cambuquira,0.5300220056585979,0.0028292989625903803,0.5238540692235735,0.4761459307764266
3110806,Campanário,0.8139980824544583,0.023969319271332695,0.4720379146919431,0.5279620853080569
3110905,Campanha,0.4273462386669934,0.000490075961774075,0.5188080117244749,0.4811919882755252
3111002,Campestre,0.2316808216472447,0.00019751135690302193,0.5119842829076621,0.48801571709233793
3111101,Campina Verde,0.44830699774266364,0.0,0.5121293800539084,0.48787061994609165
3111150,Campo Azul,0.7795497185741088,0.0,0.5131332082551595,0.48686679174484054
3111200,Campo Belo,0.4366644385026738,0.0014204545454545455,0.5025325915469567,0.49746740845304327
3111309,Campo do Meio,0.4258731290092659,0.0007127583749109052,0.5056417489421721,0.49435825105782794
3111408,Campo Florido,0.5633187772925764,0.002183406113537118,0.5313010342950463,0.46869896570495373
3111507,Campos Altos,0.4793828145783453,0.0,0.523317435082141,0.47668256491785904
3111606,Campos Gerais,0.41858830146231724,0.0,0.5085266983505731,0.4914733016494269
3111705,Canaã,0.6222802436901653,0.0,0.5111492281303602,0.4888507718696398
3111804,Canápolis,0.5491467576791809,0.00034129692832764505,0.5320296695886716,0.4679703304113284
3111903,Cana Verde,0.441588785046729,0.0,0.5244375484871994,0.47556245151280063
3112000,Candeias,0.3567164179104478,0.00029850746268656717,0.5200833085391252,0.47991669146087473
3112059,Cantagalo,0.7677725118483413,0.0,0.5019638648860958,0.49803613511390415
3112109,Caparaó,0.39372138652714195,0.0006540222367560497,0.5143229166666666,0.4856770833333333
3112208,Capela Nova,0.3815668202764977,0.0,0.5123287671232877,0.4876712328767123
3112307,Capelinha,0.7593349686563097,0.0,0.49538712011577424,0.5046128798842258
3112406,Capetinga,0.3123582766439909,0.0,0.5353306953080836,0.46466930469191636
3112505,Capim Branco,0.7555362570560139,0.0,0.5077054794520548,0.4922945205479452
3112604,Capinópolis,0.5429740791268759,0.0019099590723055935,0.5197190707725554,0.48028092922744464
3112653,Capitão Andrade,0.6751435602953241,0.0,0.5003990422984836,0.49960095770151636
3112703,Capitão Enéas,0.8352448169386855,0.00022055580061755624,0.5167464114832536,0.48325358851674644
3112802,Capitólio,0.26456440406199894,0.0010689470871191875,0.5190274841437632,0.4809725158562368
3112901,Caputira,0.6576465764657646,0.0004100041000410004,0.5212765957446809,0.4787234042553192
3113008,Caraí,0.8595029239766082,0.00014619883040935673,0.5099212138896995,0.49007878611030053
3113107,Caranaíba,0.6592505854800936,0.0,0.532183908045977,0.46781609195402296
3113206,Carandaí,0.5003326679973387,0.0006653359946773121,0.5205479452054794,0.4794520547945205
3113305,Carangola,0.5114242193450115,0.0005077430820005078,0.5056675062972292,0.49433249370277077
3113404,Caratinga,0.590831840521795,0.0005511919525974921,0.49918735891647853,0.5008126410835214
3113503,Carbonita,0.6744011976047904,0.0007485029940119761,0.5173303834808259,0.48266961651917406
3113602,Careaçu,0.3255968169761273,0.001326259946949602,0.5493050959629384,0.45069490403706153
3113701,Carlos Chagas,0.7453323375653472,0.0003734129947722181,0.5026827012025902,0.4973172987974098
3113800,Carmésia,0.6876923076923077,0.12461538461538461,0.4992389649923896,0.5007610350076104
3113909,Carmo da Cachoeira,0.6430986781432524,0.0,0.5036518563603165,0.4963481436396835
3114006,Carmo da Mata,0.49265536723163844,0.0003766478342749529,0.5118110236220472,0.4881889763779528
3114105,Carmo de Minas,0.4621430442756091,0.00026198585276395077,0.507716453047345,0.49228354695265497
3114204,Carmo do Cajuru,0.39682846644749564,0.0005801585766776252,0.5141653905053599,0.48583460949464014
3114303,Carmo do Paranaíba,0.40617610237863405,0.0,0.5245652773944245,0.4754347226055755
3114402,Carmo do Rio Claro,0.29604997984683595,0.00040306328093510683,0.5168539325842697,0.48314606741573035
3114501,Carmópolis de Minas,0.37714156898106405,0.0,0.5165696372592924,0.48343036274070755
3114550,Carneirinho,0.44395017793594305,0.0,0.5243101182654402,0.4756898817345598
3114600,Carrancas,0.6103626943005181,0.0,0.5164271047227926,0.48357289527720737
3114709,Carvalhópolis,0.2243839169909209,0.0012970168612191958,0.512258064516129,0.48774193548387096
3114808,Carvalhos,0.25443262411347517,0.0026595744680851063,0.5176991150442478,0.4823008849557522
3114907,Casa Grande,0.4431818181818182,0.0,0.5451197053406999,0.4548802946593002
3115003,Cascalho Rico,0.47619047619047616,0.0,0.5277337559429477,0.4722662440570523
3115102,Cássia,0.38855281526291297,0.0011633317822242904,0.5064874884151993,0.49351251158480075
3115201,Conceição da Barra de Minas,0.5725490196078431,0.0,0.5321188878235859,0.4678811121764142
3115300,Cataguases,0.4373559733171619,0.0008489993935718618,0.5075812274368231,0.4924187725631769
3115359,Catas Altas,0.7098039215686275,0.0,0.506201550387597,0.4937984496124031
3115409,Catas Altas da Noruega,0.7757201646090535,0.0,0.51,0.49
3115458,Catuji,0.8382698636577339,0.0009402914903620122,0.5143651529193698,0.4856348470806302
3115474,Catuti,0.7456839309428951,0.0026560424966799467,0.5215968586387435,0.47840314136125656
3115508,Caxambu,0.4367163009404389,0.001371473354231975,0.509551656920078,0.490448343079922
3115607,Cedro do Abaeté,0.5851063829787234,0.0,0.534965034965035,0.46503496503496505
3115706,Central de Minas,0.5696125907990315,0.0,0.49304295220810646,0.5069570477918935
3115805,Centralina,0.5166199439327193,0.00040048057669203043,0.5176886792452831,0.482311320754717
3115904,Chácara,0.41142020497803805,0.0014641288433382138,0.5051094890510949,0.4948905109489051
3116001,Chalé,0.49002064693737096,0.0,0.49965682910089226,0.5003431708991077
3116100,Chapada do Norte,0.9256071906674316,0.0,0.49923751429660695,0.5007624857033931
3116159,Chapada Gaúcha,0.7948290241868223,0.003336113427856547,0.5125103106956282,0.48748968930437175
3116209,Chiador,0.5512630014858841,0.0,0.46187683284457476,0.5381231671554252
3116308,Cipotânea,0.4751082251082251,0.0,0.5137466307277628,0.4862533692722372
3116407,Claraval,0.36340425531914894,0.0,0.5114503816793893,0.48854961832061067
3116506,Claro dos Poções,0.7452142206016409,0.0,0.5063520871143375,0.49364791288566245
3116605,Cláudio,0.43833997932358587,0.001476886722788362,0.5047702920886541,0.49522970791134596
3116704,Coimbra,0.46010797840431916,0.0011997600479904018,0.49910125823846613,0.5008987417615338
3116803,Coluna,0.8403908794788274,0.0003619254433586681,0.49927693420101227,0.5007230657989877
3116902,Comendador Gomes,0.5064748201438849,0.0,0.5156695156695157,0.4843304843304843
3117009,Comercinho,0.7133811734909244,0.00042211903756859433,0.509251471825063,0.4907485281749369
3117108,Conceição da Aparecida,0.2812105926860025,0.0012610340479192938,0.501675041876047,0.4983249581239531
3117207,Conceição das Pedras,0.13935681470137826,0.0,0.5336391437308868,0.46636085626911317
3117306,Conceição das Alagoas,0.4757328207592504,0.00032035880185808104,0.5212531486146096,0.4787468513853904
3117405,Conceição de Ipanema,0.5714285714285714,0.0,0.5116988809766022,0.4883011190233978
3117504,Conceição do Mato Dentro,0.7937524253007373,0.002522312766783081,0.5178502879078695,0.48214971209213053
3117603,Conceição do Pará,0.5674570727718724,0.0,0.5240770465489567,0.47592295345104335
3117702,Conceição do Rio Verde,0.5172719220549159,0.0,0.5043962485345839,0.4956037514654162
3117801,Conceição dos Ouros,0.13304093567251463,0.0,0.5034658883619118,0.4965341116380883
3117836,Cônego Marinho,0.8126151012891344,0.007826887661141806,0.5110112359550562,0.48898876404494385
3117876,Confins,0.7620558375634517,0.0,0.49402139710509757,0.5059786028949025
3117900,Congonhal,0.23783326280152348,0.0,0.5116180819602872,0.4883819180397127
3118007,Congonhas,0.632648295189164,0.00046707146193367583,0.5095903022863281,0.49040969771367193
3118106,Congonhas do Norte,0.8132867132867133,0.0,0.5097357440890126,0.4902642559109875
3118205,Conquista,0.3772870662460568,0.0,0.5225,0.4775
3118304,Conselheiro Lafaiete,0.5522103398951025,0.0006130372590422995,0.5092367032074706,0.49076329679252945
3118403,Conselheiro Pena,0.6548520302821748,0.0012044046799724708,0.5076739427012278,0.49232605729877216
3118502,Consolação,0.23891625615763548,0.0,0.47572815533980584,0.5242718446601942
3118601,Contagem,0.6320578021149018,0.0011771132760168047,0.5005642834241744,0.4994357165758256
3118700,Coqueiral,0.3934092758340114,0.0004068348250610252,0.48396264717823795,0.5160373528217621
3118809,Coração de Jesus,0.7696286472148541,0.0002652519893899204,0.506294256490952,0.493705743509048
3118908,Cordisburgo,0.7372958257713249,0.0009074410163339383,0.5266245487364621,0.4733754512635379
3119005,Cordislândia,0.5022371364653244,0.0,0.4871508379888268,0.5128491620111731
3119104,Corinto,0.8029685206328494,0.0,0.5056397035127296,0.49436029648727037
3119203,Coroaci,0.7653305926687222,0.0013703323055841042,0.5246682545083362,0.47533174549166385
3119302,Coromandel,0.34931297709923664,0.0004580152671755725,0.501364049712034,0.49863595028796603
3119401,Coronel Fabriciano,0.6429238411832817,0.0015687446307847458,0.5039556377079483,0.49604436229205173
3119500,Coronel Murta,0.7158657513348589,0.02135774218154081,0.5112466641250476,0.48875333587495234
3119609,Coronel Pacheco,0.5386779184247539,0.0,0.518005540166205,0.481994459833795
3119708,Coronel Xavier Chaves,0.5668874172185431,0.0026490066225165563,0.4980392156862745,0.5019607843137255
3119807,Córrego Danta,0.41904761904761906,0.0,0.5210884353741496,0.47891156462585033
3119906,Córrego do Bom Jesus,0.12792127921279212,0.0,0.5178351783517835,0.4821648216482165
3119955,Córrego Fundo,0.2692026335040234,0.0,0.5254730713245997,0.4745269286754003
3120003,Córrego Novo,0.6799485861182519,0.0,0.4827144686299616,0.5172855313700384
3120102,Couto de Magalhães de Minas,0.8289156626506025,0.010441767068273093,0.5165615141955836,0.4834384858044164
3120151,Crisólita,0.7638580931263859,0.0005543237250554324,0.49861649142224684,0.5013835085777532
3120201,Cristais,0.3921852387843705,0.0,0.5064935064935064,0.4935064935064935
3120300,Cristália,0.8334140435835351,0.0,0.5115273775216138,0.4884726224783862
3120409,Cristiano Otoni,0.5070202808112324,0.0015600624024961,0.527047913446677,0.47295208655332305
3120508,Cristina,0.2523076923076923,0.0,0.5247410817031071,0.475258918296893
3120607,Crucilândia,0.3445692883895131,0.0009363295880149813,0.5036968576709797,0.49630314232902034
3120706,Cruzeiro da Fortaleza,0.3543457497612225,0.0,0.48859315589353614,0.5114068441064639
3120805,Cruzília,0.392352016762703,0.0,0.4959624902318312,0.5040375097681687
3120839,Cuparaque,0.678513731825525,0.0,0.523015873015873,0.476984126984127
3120870,Curral de Dentro,0.7254997562164798,0.0,0.5101547388781431,0.4898452611218569
3120904,Curvelo,0.7613250139501851,0.000355095622178258,0.5042025265488953,0.49579747345110475
3121001,Datas,0.8145780051150895,0.0012787723785166241,0.5104629042485732,0.4895370957514268
3121100,Delfim Moreira,0.26512968299711814,0.0004803073967339097,0.5318334131163236,0.4681665868836764
3121209,Delfinópolis,0.29383313180169285,0.0,0.5281774580335732,0.47182254196642687
3121258,Delta,0.6859142607174104,0.0026246719160104987,0.5664814023086789,0.43351859769132106
3121308,Descoberto,0.47224594363791633,0.0,0.5046888320545609,0.49531116794543906
3121407,Desterro de Entre Rios,0.30282555282555285,0.0,0.5106512477175897,0.4893487522824102
3121506,Desterro do Melo,0.33001422475106684,0.0,0.5120567375886524,0.4879432624113475
3121605,Diamantina,0.7724384722120792,0.0012415102607171548,0.49878153669724773,0.5012184633027523
3121704,Diogo de Vasconcelos,0.7011258955987717,0.0,0.5217821782178218,0.4782178217821782
3121803,Dionísio,0.7346014492753623,0.0,0.5094594594594595,0.4905405405405405
3121902,Divinésia,0.5417156286721504,0.0,0.512280701754386,0.48771929824561405
3122009,Divino,0.5173737373737374,0.00040404040404040404,0.5021991203518592,0.49780087964814074
3122108,Divino das Laranjeiras,0.6883942766295708,0.0,0.5333333333333333,0.4666666666666667
3122207,Divinolândia de Minas,0.7097387173396674,0.003800475059382423,0.5209854014598541,0.479014598540146
3122306,Divinópolis,0.41249380267724345,0.0007818161015979558,0.5092112458280693,0.4907887541719307
3122355,Divisa Alegre,0.7677345537757437,0.0005720823798627002,0.5005656108597285,0.4994343891402715
3122405,Divisa Nova,0.4788823911630929,0.000649772579597141,0.500322788896062,0.49967721110393803
3122454,Divisópolis,0.7047184170471842,0.0015220700152207,0.5117335352006056,0.4882664647993944
3122470,Dom Bosco,0.7192307692307692,0.0,0.5177902621722846,0.48220973782771537
3122504,Dom Cavati,0.6310904872389791,0.0,0.527328714395689,0.472671285604311
3122603,Dom Joaquim,0.8385245901639344,0.001639344262295082,0.5142857142857142,0.4857142857142857
3122702,Dom Silvério,0.6185925282363163,0.0,0.5069204152249135,0.4930795847750865
3122801,Dom Viçoso,0.11942446043165468,0.0,0.492816091954023,0.507183908045977
3122900,Dona Euzébia,0.5684754521963824,0.0006459948320413437,0.5157152020525978,0.4842847979474022
3123007,Dores de Campos,0.3612494341330919,0.0009053870529651426,0.5036166365280289,0.49638336347197104
3123106,Dores de Guanhães,0.8048422597212033,0.0007336757153338225,0.5057553956834533,0.49424460431654677
3123205,Dores do Indaiá,0.46618985695708715,0.002925877763328999,0.5267224726336124,0.4732775273663876
3123304,Dores do Turvo,0.48788927335640137,0.0,0.5181347150259067,0.48186528497409326
3123403,Doresópolis,0.3257328990228013,0.0,0.5154320987654321,0.4845679012345679
3123502,Douradoquara,0.35645933014354064,0.0,0.5629453681710214,0.43705463182897863
3123528,Durandé,0.6093892433910666,0.0009115770282588879,0.5070615034168565,0.4929384965831435
3123601,Elói Mendes,0.42748575047498416,0.00031665611146295124,0.49811498586239394,0.501885014137606
3123700,Engenheiro Caldas,0.6939404313591235,0.0020540910647038686,0.4986376021798365,0.5013623978201635
3123809,Engenheiro Navarro,0.815146985550573,0.0004982561036372695,0.5218030377266046,0.4781969622733954
3123858,Entre Folhas,0.6659226190476191,0.0,0.5018504811250926,0.4981495188749075
3123908,Entre Rios de Minas,0.4356125356125356,0.0002849002849002849,0.5084554678692221,0.4915445321307779
3124005,Ervália,0.5340270551508844,0.0002081165452653486,0.5018648984666391,0.49813510153336094
3124104,Esmeraldas,0.7600895539975255,0.002179932834501856,0.510658124635993,0.489341875364007
3124203,Espera Feliz,0.48362299465240643,0.00016711229946524063,0.5116163292399601,0.4883836707600398
3124302,Espinosa,0.6981727213400043,0.00184903197737655,0.5021074246190425,0.49789257538095755
3124401,Espírito Santo do Dourado,0.14785992217898833,0.0,0.529126213592233,0.470873786407767
3124500,Estiva,0.20580474934036938,0.0,0.5187828700225394,0.4812171299774606
3124609,Estrela Dalva,0.574468085106383,0.0,0.502454991816694,0.49754500818330605
3124708,Estrela do Indaiá,0.5309734513274337,0.0,0.5119798234552333,0.4880201765447667
3124807,Estrela do Sul,0.5205696202531646,0.0005274261603375527,0.5185185185185185,0.48148148148148145
3124906,Eugenópolis,0.5232843137254902,0.0008169934640522876,0.505591054313099,0.49440894568690097
3125002,Ewbank da Câmara,0.6740597878495661,0.0,0.4937799043062201,0.5062200956937799
3125101,Extrema,0.32478405315614617,0.00026578073089701,0.5106580166821131,0.4893419833178869
3125200,Fama,0.29766536964980544,0.0,0.4951644100580271,0.504835589941973
3125309,Faria Lemos,0.6595744680851063,0.0,0.530373831775701,0.4696261682242991
3125408,Felício dos Santos,0.787716955941255,0.0,0.49933510638297873,0.5006648936170213
3125507,São Gonçalo do Rio Preto,0.7669584245076586,0.0,0.500544069640914,0.499455930359086
3125606,Felisburgo,0.7763028515240905,0.0004916420845624386,0.5320606950562897,0.4679393049437102
3125705,Felixlândia,0.7663276231263383,0.0002676659528907923,0.49732620320855614,0.5026737967914439
3125804,Fernandes Tourinho,0.6943765281173594,0.0,0.5302663438256658,0.46973365617433416
3125903,Ferros,0.7521495327102804,0.0,0.4970282317979198,0.5029717682020802
3125952,Fervedouro,0.5741002117148906,0.0,0.5147415886229622,0.4852584113770378
3126000,Florestal,0.5673678226264923,0.0,0.48610323312535453,0.5138967668746455
3126109,Formiga,0.3722754452517199,0.0009001478814376647,0.5132420675537359,0.4867579324462641
3126208,Formoso,0.801062091503268,0.0004084967320261438,0.518754988028731,0.48124501197126895
3126307,Fortaleza de Minas,0.3542074363992172,0.0,0.4892367906066536,0.5107632093933464
3126406,Fortuna de Minas,0.727403156384505,0.0,0.5159059474412172,0.48409405255878285
3126505,Francisco Badaró,0.8586921850079745,0.0,0.5364765848996496,0.46352341510035044
3126604,Francisco Dumont,0.7397849462365591,0.0007168458781362007,0.5197132616487455,0.48028673835125446
3126703,Francisco Sá,0.758173618940248,0.0015501691093573844,0.5217870932156646,0.47821290678433537
3126752,Franciscópolis,0.8804733727810651,0.0,0.5213325540619521,0.47866744593804794
3126802,Frei Gaspar,0.8598884066955983,0.0,0.4896341463414634,0.5103658536585366
3126901,Frei Inocêncio,0.8044265593561368,0.002012072434607646,0.5031872509960159,0.4968127490039841
3126950,Frei Lagonegro,0.7602459016393442,0.0,0.49897750511247446,0.5010224948875256
3127008,Fronteira,0.5383771929824561,0.0,0.5089334055224689,0.49106659447753115
3127057,Fronteira dos Vales,0.7556634304207119,0.0,0.5165354330708661,0.48346456692913387
3127073,Fruta de Leite,0.7330367074527252,0.0,0.5341409691629956,0.4658590308370044
3127107,Frutal,0.3975131876412962,0.0010550113036925397,0.5173831775700934,0.48261682242990656
3127206,Funilândia,0.7604060913705584,0.0,0.5014691478942214,0.49853085210577863
3127305,Galiléia,0.705982905982906,0.0017094017094017094,0.49722838137472286,0.5027716186252772
3127339,Gameleiras,0.6041666666666666,0.0,0.5150351887396033,0.4849648112603967
3127354,Glaucilândia,0.8103666245259166,0.0,0.5143929912390488,0.4856070087609512
3127370,Goiabeira,0.6842105263157895,0.0,0.4844559585492228,0.5155440414507773
3127388,Goianá,0.5447058823529412,0.0,0.5287221570926143,0.4712778429073857
3127404,Gonçalves,0.1279527559055118,0.0,0.5127701375245579,0.48722986247544203
3127503,Gonzaga,0.750269687162891,0.0,0.5002689618074233,0.49973103819257664
3127602,Gouveia,0.784070796460177,0.0002949852507374631,0.4973730297723292,0.5026269702276708
3127701,Governador Valadares,0.7003622613188621,0.0007505015370848788,0.4937386918923539,0.506261308107646
3127800,Grão Mogol,0.8115520465406192,0.00041554124246831497,0.5162609940683166,0.4837390059316834
3127909,Grupiara,0.3277591973244147,0.0,0.51,0.49
3128006,Guanhães,0.7326677759290072,0.0012201885745978924,0.497196261682243,0.502803738317757
3128105,Guapé,0.3622228620788943,0.0,0.5132440900028482,0.4867559099971518
3128204,Guaraciaba,0.7522682445759369,0.0,0.5115009746588693,0.4884990253411306
3128253,Guaraciama,0.821969696969697,0.0,0.5052870090634441,0.4947129909365559
3128303,Guaranésia,0.3901065755077418,0.00020108586366378444,0.516653290529695,0.483346709470305
3128402,Guarani,0.6070272769301895,0.0004623208506703652,0.5237655745269958,0.47623442547300415
3128501,Guarará,0.5087538619979403,0.0,0.5148717948717949,0.48512820512820515
3128600,Guarda-Mor,0.697594501718213,0.0,0.5050904977375565,0.49490950226244346
3128709,Guaxupé,0.34176804541768047,0.00040551500405515005,0.5132163931775927,0.48678360682240723
3128808,Guidoval,0.49294184076792774,0.0,0.5016685205784205,0.4983314794215795
3128907,Guimarânia,0.44610458911419426,0.0005336179295624333,0.5145579671784013,0.48544203282159876
3129004,Guiricema,0.32017982017982016,0.0,0.5121951219512195,0.4878048780487805
3129103,Gurinhatã,0.4996028594122319,0.0,0.5138121546961326,0.4861878453038674
3129202,Heliodora,0.20292747837658018,0.0,0.490352628077179,0.5096473719228211
3129301,Iapu,0.5806686046511628,0.0003633720930232558,0.5048197072474117,0.49518029275258835
3129400,Ibertioga,0.45858895705521474,0.0,0.5087853323147441,0.4912146676852559
3129509,Ibiá,0.5044232437120555,0.0015611448395490026,0.5260614428719365,0.4739385571280635
3129608,Ibiaí,0.8391397849462365,0.0,0.5171379605826907,0.4828620394173093
3129657,Ibiracatu,0.7129015808261091,0.0,0.5312341289994922,0.46876587100050787
3129707,Ibiraci,0.4059345365555216,0.0021413276231263384,0.5080817322354376,0.4919182677645624
3129806,Ibirité,0.7090933151011226,0.001058644493945877,0.4962002779225291,0.5037997220774709
3129905,Ibitiúra de Minas,0.15717821782178218,0.0,0.511742892459827,0.48825710754017304
3130002,Ibituruna,0.5799721835883171,0.0,0.4843962008141113,0.5156037991858887
3130051,Icaraí de Minas,0.80897330030278,0.002202036884117809,0.5129958960328317,0.48700410396716826
3130101,Igarapé,0.6775389177168273,0.0018002753362278937,0.5083594566353187,0.49164054336468127
3130200,Igaratinga,0.4896496815286624,0.0007961783439490446,0.5300504071345483,0.46994959286545174
3130309,Iguatama,0.5237618809404703,0.0005002501250625312,0.5097353969046431,0.49026460309535697
3130408,Ijaci,0.6245869134170522,0.0,0.48623853211009177,0.5137614678899083
3130507,Ilicínea,0.40876389797253104,0.0,0.5079313693752023,0.49206863062479766
3130556,Imbé de Minas,0.5554926387315968,0.0,0.503954802259887,0.496045197740113
3130606,Inconfidentes,0.2163141993957704,0.0012084592145015106,0.5027027027027027,0.4972972972972973
3130655,Indaiabira,0.6918294849023091,0.0,0.524822695035461,0.475177304964539
3130705,Indianópolis,0.5478312537136066,0.0,0.5137186223000584,0.4862813776999416
3130804,Ingaí,0.5239520958083832,0.0,0.5207100591715976,0.47928994082840237
3130903,Inhapim,0.6115459882583171,0.0,0.49822294022617125,0.5017770597738288
3131000,Inhaúma,0.7536415452818239,0.0,0.5160478288231592,0.4839521711768408
3131109,Inimutaba,0.7628415300546448,0.0,0.5050720768820075,0.49492792311799255
3131158,Ipaba,0.7130044843049327,0.0014268242967794538,0.5187727089220832,0.48122729107791684
3131208,Ipanema,0.5795761947700632,0.0002254283137962128,0.4964061096136568,0.5035938903863432
3131307,Ipatinga,0.6159564476846914,0.0011779500485506438,0.5009394786288349,0.49906052137116513
3131406,Ipiaçu,0.4979508196721312,0.0020491803278688526,0.49490835030549896,0.505091649694501
3131505,Ipuiúna,0.3130659767141009,0.0008624407072013799,0.5394849785407725,0.46051502145922746
3131604,Iraí de Minas,0.4569377990430622,0.0,0.5217132659131469,0.47828673408685307
3131703,Itabira,0.7415314043754411,0.0006704304869442484,0.4986213395692995,0.5013786604307005
3131802,Itabirinha,0.696969696969697,0.0007390983000739098,0.5083333333333333,0.49166666666666664
3131901,Itabirito,0.5678089839388474,0.0004294425835265825,0.5082466379091601,0.49175336209083986
3132008,Itacambira,0.6863905325443787,0.0,0.5493867010974822,0.4506132989025178
3132107,Itacarambi,0.8343927160281739,0.023363683215942278,0.514919011082694,0.48508098891730606
3132206,Itaguara,0.3086587436332767,0.0,0.5027063599458728,0.4972936400541272
3132305,Itaipé,0.7536462476796606,0.0,0.5119016479204813,0.4880983520795187
3132404,Itajubá,0.2598874872144562,0.0005966587112171838,0.5092144373673037,0.4907855626326964
3132503,Itamarandiba,0.6973350896747391,0.0007092917215523356,0.5054603747119527,0.4945396252880473
3132602,Itamarati de Minas,0.5574425574425574,0.0,0.5034414945919371,0.49655850540806296
3132701,Itambacuri,0.8251641471980455,0.0007634753397465262,0.5041584757296235,0.49584152427037653
3132800,Itambé do Mato Dentro,0.7589743589743589,0.0,0.5563139931740614,0.44368600682593856
3132909,Itamogi,0.25198637911464244,0.0,0.5293005671077504,0.4706994328922495
3133006,Itamonte,0.26075877689694227,0.00028312570781426955,0.5127334465195246,0.4872665534804754
3133105,Itanhandu,0.2131624927198602,0.0,0.4954928758359988,0.5045071241640011
3133204,Itanhomi,0.6234269119070668,0.0,0.5041243654822335,0.4958756345177665
3133303,Itaobim,0.7484714673913043,0.0006793478260869565,0.5078428065441053,0.49215719345589476
3133402,Itapagipe,0.31348837209302327,0.0009302325581395349,0.5315481686672823,0.4684518313327178
3133501,Itapecerica,0.3937324226597027,0.004620329449578144,0.5079968012794882,0.4920031987205118
3133600,Itapeva,0.21755196304849886,0.0013856812933025404,0.5253690036900369,0.4746309963099631
3133709,Itatiaiuçu,0.6234058514628658,0.0,0.5003700962250185,0.4996299037749815
3133758,Itaú de Minas,0.23704491097528568,0.0,0.5133774834437086,0.4866225165562914
3133808,Itaúna,0.4480164478295407,0.0007476286154852577,0.5048867478808653,0.49511325211913476
3133907,Itaverava,0.5980891719745223,0.0006369426751592356,0.5157828282828283,0.4842171717171717
3134004,Itinga,0.7899277220797388,0.0,0.5252149663025796,0.4747850336974204
3134103,Itueta,0.5651867512332629,0.0,0.509447165850245,0.4905528341497551
3134202,Ituiutaba,0.46150572413499596,0.0005958207430735838,0.5069239213037238,0.4930760786962763
3134301,Itumirim,0.5521512385919165,0.0,0.48326898326898327,0.5167310167310167
3134400,Iturama,0.49215922798552475,0.0004386445882223928,0.5092482422931314,0.4907517577068686
3134509,Itutinga,0.5304259634888439,0.0010141987829614604,0.5321931589537223,0.4678068410462777
3134608,Jaboticatubas,0.7866513233601842,0.00023014959723820482,0.5183840217884703,0.48161597821152974
3134707,Jacinto,0.7808572349339349,0.0,0.5162640901771337,0.48373590982286635
3134806,Jacuí,0.21037946428571427,0.0,0.5188470066518847,0.4811529933481153
3134905,Jacutinga,0.26293632696018243,0.00017540782318891423,0.5034940600978337,0.4965059399021663
3135001,Jaguaraçu,0.731675392670157,0.0,0.5147625160462131,0.4852374839537869
3135050,Jaíba,0.7894977586680084,0.0013722440764797365,0.509428855003158,0.490571144996842
3135076,Jampruca,0.8538461538461538,0.0,0.514324693042292,0.48567530695770805
3135100,Janaúba,0.7592889334001002,0.0022033049574361543,0.5010441527446301,0.49895584725536996
3135209,Januária,0.8221253737394213,0.0015709724826432879,0.501497454327643,0.49850254567235697
3135308,Japaraíba,0.404739336492891,0.0,0.5084269662921348,0.49157303370786515
3135357,Japonvar,0.7024608501118568,0.0,0.50129677658392,0.49870322341608003
3135407,Jeceaba,0.6366412213740458,0.0007633587786259542,0.5245653817082389,0.47543461829176115
3135456,Jenipapo de Minas,0.8631226454583508,0.0,0.527719883284702,0.472280116715298
3135506,Jequeri,0.6520135259760221,0.0,0.5137837019085125,0.4862162980914874
3135605,Jequitaí,0.8289755679382769,0.0008572653236176596,0.49447278911564624,0.5055272108843537
3135704,Jequitibá,0.745799853907962,0.0,0.5155459146782357,0.48445408532176426
3135803,Jequitinhonha,0.7519149601375645,0.0014069094888228856,0.5137315748642358,0.4862684251357642
3135902,Jesuânia,0.2547876769358868,0.0,0.5324459234608985,0.46755407653910147
3136009,Joaíma,0.7384579329739864,0.00046871338176704945,0.5134946486738018,0.4865053513261982
3136108,Joanésia,0.670749279538905,0.0,0.5312724658519051,0.46872753414809487
3136207,João Monlevade,0.6431327160493827,0.0008267195767195767,0.5007370202544085,0.49926297974559153
3136306,João Pinheiro,0.6796727501573316,0.0007866582756450598,0.5062758303995102,0.4937241696004898
3136405,Joaquim Felício,0.8429752066115702,0.0,0.5338283828382838,0.4661716171617162
3136504,Jordânia,0.7507507507507507,0.0,0.5328005328005329,0.4671994671994672
3136520,José Gonçalves de Minas,0.7553459119496856,0.0,0.5253600500939261,0.4746399499060739
3136553,José Raydan,0.8122415219189413,0.0008271298593879239,0.5115131578947368,0.48848684210526316
3136579,Josenópolis,0.7912303664921466,0.0006544502617801048,0.5533854166666666,0.4466145833333333
3136603,Nova União,0.7231638418079096,0.0,0.5066666666666667,0.49333333333333335
3136652,Juatuba,0.702177554438861,0.0011725293132328308,0.514004914004914,0.485995085995086
3136702,Juiz de Fora,0.47050066034337856,0.0011205827030055628,0.50080635551142,0.49919364448857995
3136801,Juramento,0.7906779661016949,0.000847457627118644,0.5210084033613446,0.4789915966386555
3136900,Juruaia,0.094732853353543,0.0,0.4858115777525539,0.5141884222474461
3136959,Juvenília,0.7494356659142212,0.000564334085778781,0.5147468002225932,0.4852531997774068
3137007,Ladainha,0.8443023693117714,0.011658518239939826,0.5075517434271862,0.4924482565728137
3137106,Lagamar,0.4357060849598163,0.0,0.5304496300512237,0.4695503699487763
3137205,Lagoa da Prata,0.4793326693227092,0.00049800796812749,0.5092354841381596,0.49076451586184044
3137304,Lagoa dos Patos,0.8205128205128205,0.002331002331002331,0.5148288973384031,0.48517110266159696
3137403,Lagoa Dourada,0.3778830963665087,0.000631911532385466,0.5235404896421846,0.4764595103578154
3137502,Lagoa Formosa,0.45456784043339077,0.0,0.5048828125,0.4951171875
3137536,Lagoa Grande,0.6070175438596491,0.0,0.5283971392511569,0.47160286074884306
3137601,Lagoa Santa,0.6634120891406424,0.0014161138853693077,0.5073735437251143,0.4926264562748857
3137700,Lajinha,0.5562951692658805,0.0001901863826550019,0.5066112580279561,0.4933887419720438
3137809,Lambari,0.30852211434735705,0.0004314994606256742,0.5201291711517761,0.4798708288482239
3137908,Lamim,0.5637019230769231,0.001201923076923077,0.4970131421744325,0.5029868578255675
3138005,Laranjal,0.30292479108635095,0.0006963788300835655,0.5037957211870255,0.49620427881297446
3138104,Lassance,0.7905982905982906,0.0,0.5228966986155484,0.47710330138445156
3138203,Lavras,0.49754965179262317,0.0019774739919181496,0.5042277459103462,0.4957722540896537
3138302,Leandro Ferreira,0.47414880201765447,0.0,0.5132075471698113,0.4867924528301887
3138351,Leme do Prado,0.7449313276651406,0.0,0.530638852672751,0.46936114732724904
3138401,Leopoldina,0.5620616538900669,0.0005708693524710488,0.49656621152137026,0.5034337884786297
3138500,Liberdade,0.3146067415730337,0.0,0.522017614091273,0.477982385908727
3138609,Lima Duarte,0.4865930599369085,0.0013144058885383807,0.5103538663171691,0.48964613368283094
3138625,Limeira do Oeste,0.5391780821917809,0.000547945205479452,0.4889009204114781,0.511099079588522
3138658,Lontra,0.6511627906976745,0.0,0.5345861655337865,0.46541383446621354
3138674,Luisburgo,0.5023474178403756,0.0,0.5289351851851852,0.4710648148148148
3138682,Luislândia,0.7837150127226463,0.0,0.5087108013937283,0.4912891986062718
3138708,Luminárias,0.40561031084154664,0.0,0.4886535552193646,0.5113464447806354
3138807,Luz,0.5268841911764706,0.00045955882352941176,0.5170609645131938,0.48293903548680617
3138906,Machacalis,0.7589041095890411,0.0,0.5284463894967177,0.47155361050328226
3139003,Machado,0.4658669787400039,0.0002925687536571094,0.5049091085836492,0.4950908914163507
3139102,Madre de Deus de Minas,0.3785357737104825,0.0008319467554076539,0.5164744645799012,0.48352553542009885
3139201,Malacacheta,0.801037752728574,0.0008946144211844695,0.49876803942273845,0.5012319605772615
3139250,Mamonas,0.6195722618276086,0.0,0.5249360613810742,0.4750639386189258
3139300,Manga,0.8252158331975892,0.00602704023456589,0.5143268769009124,0.48567312309908756
3139409,Manhuaçu,0.5625059281039553,0.0011856207910461917,0.5002110001406668,0.4997889998593332
3139508,Manhumirim,0.5586972083035076,0.0005368647100930566,0.5010683760683761,0.49893162393162394
3139607,Mantena,0.6821578003586372,0.00044829647340107593,0.4923506913798176,0.5076493086201824
3139706,Maravilhas,0.6493775933609959,0.0,0.5025746652935118,0.49742533470648814
3139805,Mar de Espanha,0.47537112010796223,0.00033738191632928474,0.4963037634408602,0.5036962365591398
3139904,Maria da Fé,0.29466357308584684,0.0,0.5045021867764342,0.49549781322356573
3140001,Mariana,0.7152103559870551,0.0024436959249719307,0.5012870012870013,0.49871299871299873
3140100,Marilac,0.873701039168665,0.0007993605115907274,0.5067513899920572,0.4932486100079428
3140159,Mário Campos,0.6771844660194175,0.0040453074433656954,0.5230114392125566,0.47698856078744345
3140209,Maripá de Minas,0.4715821812596006,0.0,0.5022556390977444,0.49774436090225566
3140308,Marliéria,0.7505197505197505,0.0,0.5065590312815338,0.4934409687184662
3140407,Marmelópolis,0.24937343358395989,0.0,0.49122807017543857,0.5087719298245614
3140506,Martinho Campos,0.456460232631248,0.01068846274756366,0.5144724556489262,0.48552754435107376
3140530,Martins Soares,0.5888376856118792,0.0015360983102918587,0.5068772287315334,0.49312277126846665
3140555,Mata Verde,0.7908777969018933,0.0,0.5418445772843723,0.45815542271562765
3140605,Materlândia,0.8992481203007519,0.0015037593984962407,0.5182427401340283,0.48175725986597173
3140704,Mateus Leme,0.6320936639118457,0.00041322314049586776,0.5039477266539614,0.4960522733460387
3140803,Matias Barbosa,0.5597560975609757,0.0,0.5168846972923639,0.48311530270763614
3140852,Matias Cardoso,0.8356122759039806,0.0,0.5225689185095426,0.47743108149045743
3140902,Matipó,0.7060771328398909,0.0,0.4959270752521334,0.5040729247478666
3141009,Mato Verde,0.6132423984086388,0.0002841716396703609,0.5096317280453257,0.4903682719546742
3141108,Matozinhos,0.7408459940977156,0.0009837140671111596,0.5072949313736086,0.49270506862639146
3141207,Matutina,0.22156398104265404,0.0,0.5171597633136095,0.48284023668639053
3141306,Medeiros,0.37557603686635943,0.0,0.5217391304347826,0.4782608695652174
3141405,Medina,0.776293251113395,0.00017129153819801302,0.5010252904989747,0.4989747095010253
3141504,Mendes Pimentel,0.6920103092783505,0.0,0.5095663265306123,0.49043367346938777
3141603,Mercês,0.4305177111716621,0.0,0.48527131782945737,0.5147286821705427
3141702,Mesquita,0.7273877292852625,0.0,0.5060088551549652,0.4939911448450348
3141801,Minas Novas,0.7592987663482051,0.0007420461923754754,0.5120161438268208,0.48798385617317924
3141900,Minduri,0.5800203873598369,0.0020387359836901123,0.5131578947368421,0.4868421052631579
3142007,Mirabela,0.7633766233766234,0.0,0.5095410005157297,0.49045899948427024
3142106,Miradouro,0.4725066363291619,0.0003792188092529389,0.5124716553287982,0.4875283446712018
3142205,Miraí,0.4939487756825218,0.0,0.5226130653266332,0.47738693467336685
3142254,Miravânia,0.5652498135719612,0.009694258016405667,0.49122807017543857,0.5087719298245614
3142304,Moeda,0.6043643263757116,0.0028462998102466793,0.5096952908587258,0.4903047091412742
3142403,Moema,0.44380069524913096,0.0011587485515643105,0.5037593984962406,0.49624060150375937
3142502,Monjolos,0.8740031897926634,0.0,0.5206349206349207,0.4793650793650794
3142601,Monsenhor Paulo,0.3967867575462512,0.0,0.525242718446602,0.4747572815533981
3142700,Montalvânia,0.7382131324004305,0.00021528525296017224,0.5228534814181973,0.4771465185818026
3142809,Monte Alegre de Minas,0.45114345114345117,0.0006237006237006237,0.5131388371611836,0.4868611628388165
3142908,Monte Azul,0.632590051457976,0.0,0.5069148028000683,0.4930851971999317
3143005,Monte Belo,0.26533090467516696,0.0006071645415907711,0.529607250755287,0.47039274924471297
3143104,Monte Carmelo,0.47065385275441907,0.0012871117212974086,0.5079378555055607,0.49206214449443925
3143153,Monte Formoso,0.7101449275362319,0.0,0.540948275862069,0.45905172413793105
3143203,Monte Santo de Minas,0.3664330218068536,0.0,0.5120248254460822,0.48797517455391776
3143302,Montes Claros,0.7066667976964957,0.0014642583384107393,0.49136675277254455,0.5086332472274555
3143401,Monte Sião,0.24597565763643503,0.00019630938358853554,0.5072378716744914,0.4927621283255086
3143450,Montezuma,0.6539792387543253,0.0,0.5086206896551724,0.49137931034482757
3143500,Morada Nova de Minas,0.5004816955684007,0.0004816955684007707,0.5208034433285509,0.47919655667144906
3143609,Morro da Garça,0.8401759530791789,0.0,0.5078236130867709,0.492176386913229
3143708,Morro do Pilar,0.8214702450408401,0.0,0.5184770436730123,0.48152295632698766
3143807,Munhoz,0.22620519159456118,0.0,0.5215252152521526,0.4784747847478475
3143906,Muriaé,0.49263115738886665,0.0007208650380456547,0.4940821351973946,0.5059178648026055
3144003,Mutum,0.6128550074738416,0.00029895366218236175,0.5113095238095238,0.4886904761904762
3144102,Muzambinho,0.21231206826493296,0.0010158472165786266,0.506890960680989,0.49310903931901096
3144201,Nacip Raydan,0.771689497716895,0.0,0.5418552036199095,0.4581447963800905
3144300,Nanuque,0.7560975609756098,0.0019054878048780487,0.498015873015873,0.501984126984127
3144359,Naque,0.789308176100629,0.0,0.5122843700993205,0.48771562990067957
3144375,Natalândia,0.6723585912486659,0.0,0.5321390937829295,0.4678609062170706
3144409,Natércia,0.18363273453093812,0.0,0.5099800399201597,0.49001996007984033
3144508,Nazareno,0.598703888334995,0.0009970089730807576,0.519163763066202,0.4808362369337979
3144607,Nepomuceno,0.5311724565756824,0.00015508684863523573,0.5042385709960642,0.4957614290039358
3144656,Ninheira,0.6932515337423313,0.00034083162917518747,0.5251017639077341,0.47489823609226595
3144672,Nova Belém,0.7239915074309978,0.0,0.4886251236399604,0.5113748763600395
3144706,Nova Era,0.7556481684579952,0.0004386926957666155,0.49549162730785745,0.5045083726921425
3144805,Nova Lima,0.6670205773800495,0.0008089387734465848,0.49912381715315673,0.5008761828468432
3144904,Nova Módica,0.7720739219712526,0.0,0.5235756385068763,0.4764243614931238
3145000,Nova Ponte,0.559757505773672,0.0,0.5165525114155252,0.4834474885844749
3145059,Nova Porteirinha,0.7286612758310872,0.0004492362982929021,0.5124444444444445,0.4875555555555556
3145109,Nova Resende,0.1634932724041635,0.0,0.5297393065046824,0.4702606934953176
3145208,Nova Serrana,0.6243354225199913,0.0002593473092716663,0.5204710684069555,0.4795289315930445
3145307,Novo Cruzeiro,0.8358131307876392,0.00041618978254083863,0.5117972917521543,0.48820270824784573
3145356,Novo Oriente de Minas,0.7676079195066536,0.0,0.5177033492822967,0.48229665071770333
3145372,Novorizonte,0.7130620985010707,0.0,0.515625,0.484375
3145406,Olaria,0.4911504424778761,0.0,0.5657894736842105,0.4342105263157895
3145455,Olhos-d'Água,0.8233082706766918,0.0,0.5204207920792079,0.47957920792079206
3145505,Olímpio Noronha,0.419811320754717,0.0,0.529874213836478,0.470125786163522
3145604,Oliveira,0.4949735723909213,0.0,0.5069001029866117,0.49309989701338824
3145703,Oliveira Fortes,0.40190476190476193,0.0019047619047619048,0.5142857142857142,0.4857142857142857
3145802,Onça de Pitangui,0.6177184466019418,0.0,0.5143540669856459,0.48564593301435405
3145851,Oratórios,0.7229845626072041,0.0008576329331046312,0.514743049705139,0.485256950294861
3145877,Orizânia,0.6173036093418259,0.0,0.5069611137782045,0.4930388862217955
3145901,Ouro Branco,0.5962408282239421,0.0009046135289978892,0.5087806329993055,0.4912193670006945
3146008,Ouro Fino,0.2471195868096941,0.0015891934843067143,0.5133386159535129,0.48666138404648707
3146107,Ouro Preto,0.7022365939099973,0.0022096469954190246,0.5093940195819,0.49060598041810005
3146206,Ouro Verde de Minas,0.785472972972973,0.0011261261261261261,0.5125909345271404,0.48740906547285956
3146255,Padre Carvalho,0.7679324894514767,0.0,0.5149606299212598,0.48503937007874015
3146305,Padre Paraíso,0.8028811086797958,0.0,0.4910762574364521,0.5089237425635479
3146404,Paineiras,0.40874524714828897,0.0,0.5175023651844843,0.4824976348155156
3146503,Pains,0.46469366562824505,0.0010384215991692627,0.5092497430626927,0.4907502569373073
3146552,Pai Pedro,0.8408590308370044,0.0,0.524904214559387,0.47509578544061304
3146602,Paiva,0.36127167630057805,0.0,0.4668587896253602,0.5331412103746398
3146701,Palma,0.5586854460093896,0.0,0.524,0.476
3146750,Palmópolis,0.7468418393127843,0.0015159171298635675,0.5313131313131313,0.4686868686868687
3146909,Papagaios,0.6066278775613458,0.0005059448520111307,0.5120039196472318,0.48799608035276826
3147006,Paracatu,0.7719529224017554,0.0008777179333732296,0.5077924639968435,0.4922075360031564
3147105,Pará de Minas,0.486913377941645,0.00018207474168146023,0.5107292275855864,0.4892707724144136
3147204,Paraguaçu,0.34759047803367527,0.00019353590090961874,0.5113548883756736,0.4886451116243264
3147303,Paraisópolis,0.21061499578770007,0.0021061499578770007,0.5078831196132017,0.4921168803867984
3147402,Paraopeba,0.7406758049091489,0.0004781638508128785,0.49984202211690365,0.5001579778830963
3147501,Passabém,0.7704545454545455,0.0,0.5045454545454545,0.4954545454545455
3147600,Passa Quatro,0.18198529411764705,0.0005252100840336134,0.5163826998689384,0.4836173001310616
3147709,Passa Tempo,0.34079084287200834,0.0005202913631633715,0.5152770585189022,0.4847229414810979
3147808,Passa Vinte,0.42178217821782177,0.0,0.5118577075098815,0.4881422924901186
3147907,Passos,0.409075617687736,0.0005980637685493215,0.5079907827250427,0.4920092172749573
3147956,Patis,0.8103350369108461,0.0005678591709256105,0.5208803611738149,0.4791196388261851
3148004,Patos de Minas,0.4332380209687202,0.0004043554862374722,0.5079210752073205,0.49207892479267945
3148103,Patrocínio,0.4462775735294118,0.0003676470588235294,0.5195284049526584,0.4804715950473416
3148202,Patrocínio do Muriaé,0.47901234567901235,0.0,0.5220529270248596,0.47794707297514033
3148301,Paula Cândido,0.5959715639810427,0.0,0.508461235733963,0.491538764266037
3148400,Paulistas,0.8715469613259669,0.0,0.5119945167923236,0.4880054832076765
3148509,Pavão,0.7870004391743523,0.0,0.5064488392089423,0.4935511607910576
3148608,Peçanha,0.7553546865788957,0.0,0.49744797801334906,0.5025520219866509
3148707,Pedra Azul,0.817984361424848,0.0007240081088908196,0.5082769540808982,0.49172304591910176
3148756,Pedra Bonita,0.44177350427350426,0.0,0.5074309978768577,0.49256900212314225
3148806,Pedra do Anta,0.6793349168646081,0.0,0.49406175771971494,0.505938242280285
3148905,Pedra do Indaiá,0.30930232558139537,0.0,0.5023148148148148,0.4976851851851852
3149002,Pedra Dourada,0.6798029556650246,0.0,0.4934426229508197,0.5065573770491804
3149101,Pedralva,0.26401564537157757,0.000651890482398957,0.510250569476082,0.489749430523918
3149150,Pedras de Maria da Cruz,0.7739393939393939,0.0,0.5128052412150089,0.4871947587849911
3149200,Pedrinópolis,0.4171632896305125,0.0011918951132300357,0.5152582159624414,0.4847417840375587
3149309,Pedro Leopoldo,0.7124949725164231,0.000737364257943424,0.5091499801087389,0.4908500198912611
3149408,Pedro Teixeira,0.23459715639810427,0.0,0.5071090047393365,0.4928909952606635
3149507,Pequeri,0.6080910240202275,0.0,0.5376884422110553,0.4623115577889447
3149606,Pequi,0.5759013282732448,0.0,0.4981132075471698,0.5018867924528302
3149705,Perdigão,0.46875,0.0,0.523405972558515,0.47659402744148505
3149804,Perdizes,0.4144120707596254,0.001040582726326743,0.518000518000518,0.481999481999482
3149903,Perdões,0.4938545234737054,0.00020149103364900262,0.5001000600360216,0.4998999399639784
3149952,Periquito,0.8170362903225806,0.0,0.4963468095470044,0.5036531904529956
3150000,Pescador,0.8617021276595744,0.0,0.5068825910931174,0.4931174089068826
3150109,Piau,0.5305785123966942,0.0,0.5585874799357945,0.44141252006420545
3150158,Piedade de Caratinga,0.5718518518518518,0.0014814814814814814,0.5154185022026432,0.4845814977973568
3150208,Piedade de Ponte Nova,0.7253333333333334,0.0,0.49605609114811566,0.5039439088518843
3150307,Piedade do Rio Grande,0.5138613861386139,0.0009900990099009901,0.5087890625,0.4912109375
3150406,Piedade dos Gerais,0.38936372269705605,0.000949667616334283,0.5526315789473685,0.4473684210526316
3150505,Pimenta,0.299451918285999,0.0,0.5121951219512195,0.4878048780487805
3150539,Pingo-d'Água,0.8378136200716846,0.0,0.5039787798408488,0.4960212201591512
3150570,Pintópolis,0.8574640287769785,0.0,0.5340959084909811,0.4659040915090189
3150604,Piracema,0.5100064557779213,0.0012911555842479018,0.518542199488491,0.48145780051150894
3150703,Pirajuba,0.43853820598006643,0.0,0.5425971877584781,0.4574028122415219
3150802,Piranga,0.7376287618662897,0.0016158351848111492,0.5101634117178159,0.4898365882821841
3150901,Piranguçu,0.15030674846625766,0.0,0.5019157088122606,0.49808429118773945
3151008,Piranguinho,0.23925501432664756,0.0004775549188156638,0.5119047619047619,0.4880952380952381
3151107,Pirapetinga,0.5079181151023561,0.001544998068752414,0.492742551566081,0.5072574484339191
3151206,Pirapora,0.80110167241837,0.001260950358375365,0.5041883780753248,0.49581162192467515
3151305,Piraúba,0.5414864333464412,0.0,0.49475320637388265,0.5052467936261174
3151404,Pitangui,0.47249924448473857,0.0015110305228165609,0.5188890548006571,0.481110945199343
3151503,Piumhi,0.38732302896480064,0.000519547993245876,0.5138996138996139,0.4861003861003861
3151602,Planura,0.49659348978046935,0.001514004542013626,0.5405405405405406,0.4594594594594595
3151701,Poço Fundo,0.26802421574023116,0.000275178866263071,0.5101258894362343,0.48987411056376573
3151800,Poços de Caldas,0.32875386996904027,0.0016309155241043785,0.5026131924960114,0.49738680750398856
3151909,Pocrane,0.6366589327146172,0.0004640371229698376,0.5199443413729128,0.4800556586270872
3152006,Pompéu,0.6923076923076923,0.005869130869130869,0.5069214749479358,0.4930785250520642
3152105,Ponte Nova,0.6661869468230553,0.0007195797654169965,0.5038059329871238,0.49619406701287616
3152131,Ponto Chique,0.7952013710368466,0.003427592116538132,0.49372384937238495,0.5062761506276151
3152170,Ponto dos Volantes,0.7958807254841684,0.0,0.5091352009744214,0.49086479902557856
3152204,Porteirinha,0.7190530519110097,0.00038030043734550294,0.5064223649414431,0.49357763505855684
3152303,Porto Firme,0.6256704980842912,0.0007662835249042146,0.5072685539403213,0.49273144605967867
3152402,Poté,0.8017241379310345,0.0006805807622504537,0.5070961928362244,0.49290380716377563
3152501,Pouso Alegre,0.28332277621934665,0.000935058667390583,0.5079250720461095,0.4920749279538905
3152600,Pouso Alto,0.2838487972508591,0.0006872852233676976,0.5206043956043956,0.4793956043956044
3152709,Prados,0.5451776649746193,0.0,0.4977238239757208,0.5022761760242792
3152808,Prata,0.5278875019750355,0.0,0.5181023720349563,0.4818976279650437
3152907,Pratápolis,0.36594019260010135,0.0,0.5358585858585858,0.46414141414141413
3153004,Pratinha,0.4346590909090909,0.0,0.5169971671388102,0.4830028328611898
3153103,Presidente Bernardes,0.5358166189111748,0.0007163323782234957,0.4789135096497498,0.5210864903502502
3153202,Presidente Juscelino,0.8407407407407408,0.0,0.5060129509713228,0.4939870490286771
3153301,Presidente Kubitschek,0.8601156069364162,0.0,0.5183066361556065,0.4816933638443936
3153400,Presidente Olegário,0.5015933715742511,0.0004248990864669641,0.5033769523005488,0.49662304769945126
3153509,Alto Jequitibá,0.35426653883029724,0.0,0.5195984703632888,0.4804015296367113
3153608,Prudente de Morais,0.7485549132947977,0.000722543352601156,0.5159687721788503,0.48403122782114977
3153707,Quartel Geral,0.4538922155688623,0.0,0.5213776722090261,0.47862232779097386
3153806,Queluzito,0.3783783783783784,0.0,0.49148418491484186,0.5085158150851582
3153905,Raposos,0.7499369800857071,0.0005041593143433325,0.4980411361410382,0.5019588638589618
3154002,Raul Soares,0.6327377729651688,0.00018047283883775492,0.49314580737048247,0.5068541926295176
3154101,Recreio,0.5589519650655022,0.0,0.4941835415769065,0.5058164584230935
3154150,Reduto,0.5852054794520548,0.0027397260273972603,0.5189535504538174,0.4810464495461826
3154200,Resende Costa,0.3842455621301775,0.0,0.5029433406916851,0.49705665930831494
3154309,Resplendor,0.645737744506158,0.026563631972953392,0.5145515267175572,0.4854484732824427
3154408,Ressaquinha,0.46473029045643155,0.0024896265560165973,0.4885057471264368,0.5114942528735632
3154457,Riachinho,0.7676641729010806,0.0,0.5393988627132412,0.4606011372867587
3154507,Riacho dos Machados,0.7346870838881492,0.0,0.5216385860588041,0.4783614139411959
3154606,Ribeirão das Neves,0.7515863859244304,0.002355542736275358,0.5077004716981132,0.4922995283018868
3154705,Ribeirão Vermelho,0.540478905359179,0.0034207525655644243,0.4971815107102593,0.5028184892897407
3154804,Rio Acima,0.7728565623730191,0.003250711093051605,0.4989971921379864,0.5010028078620137
3154903,Rio Casca,0.7570224719101124,0.001966292134831461,0.4994535519125683,0.5005464480874317
3155009,Rio Doce,0.6594427244582043,0.0,0.5521472392638037,0.44785276073619634
3155108,Rio do Prado,0.773995915588836,0.0,0.515625,0.484375
3155207,Rio Espera,0.4700520833333333,0.0,0.5058139534883721,0.4941860465116279
3155306,Rio Manso,0.4620253164556962,0.0,0.5410094637223974,0.4589905362776025
3155405,Rio Novo,0.4884705882352941,0.00047058823529411766,0.503755868544601,0.4962441314553991
3155504,Rio Paranaíba,0.39966329966329966,0.0003367003367003367,0.5240963855421686,0.4759036144578313
3155603,Rio Pardo de Minas,0.6712109915858984,0.00010650761529449355,0.5164369034994698,0.4835630965005302
3155702,Rio Piracicaba,0.7088243748203507,0.0008623167576889911,0.5035663338088445,0.4964336661911555
3155801,Rio Pomba,0.49746893695352046,0.0004601932811780948,0.5161364156557565,0.48386358434424354
3155900,Rio Preto,0.4804329725228976,0.0,0.5203657522859518,0.4796342477140482
3156007,Rio Vermelho,0.8211401425178148,0.0,0.49976569821930644,0.5002343017806935
3156106,Ritápolis,0.4731833910034602,0.0,0.5102389078498294,0.48976109215017066
3156205,Rochedo de Minas,0.5559633027522936,0.0,0.49272727272727274,0.5072727272727273
3156304,Rodeiro,0.4926027397260274,0.0,0.4994535519125683,0.5005464480874317
3156403,Romaria,0.384,0.0,0.5228310502283106,0.4771689497716895
3156452,Rosário da Limeira,0.48234200743494426,0.0,0.5127978817299206,0.4872021182700794
3156502,Rubelita,0.7720797720797721,0.0,0.5290023201856149,0.4709976798143852
3156601,Rubim,0.7715736040609137,0.0003904724716907458,0.521486643437863,0.47851335656213706
3156700,Sabará,0.7427897533886666,0.0007762584343464501,0.501804418625121,0.49819558137487896
3156809,Sabinópolis,0.8238738738738739,0.0009009009009009009,0.5079751883030571,0.49202481169694284
3156908,Sacramento,0.408347245409015,0.001001669449081803,0.5204775327474714,0.4795224672525286
3157005,Salinas,0.7103840417598807,0.0008389261744966443,0.4909980611208568,0.5090019388791432
3157104,Salto da Divisa,0.8076074972436604,0.0,0.5106267029972752,0.4893732970027248
3157203,Santa Bárbara,0.7309697601668405,0.0020855057351407717,0.5028394424367578,0.4971605575632421
3157252,Santa Bárbara do Leste,0.6162790697674418,0.0,0.5060180541624875,0.49398194583751254
3157278,Santa Bárbara do Monte Verde,0.5083459787556904,0.0030349013657056147,0.512781954887218,0.48721804511278194
3157302,Santa Bárbara do Tugúrio,0.4863481228668942,0.0,0.48934356351236147,0.5106564364876386
3157336,Santa Cruz de Minas,0.4953681131155534,0.00048756704046806434,0.5016900048285853,0.4983099951714148
3157377,Santa Cruz de Salinas,0.6414473684210527,0.0,0.5370065789473685,0.4629934210526316
3157401,Santa Cruz do Escalvado,0.7213254035683943,0.002548853016142736,0.5094494658997535,0.4905505341002465
3157500,Santa Efigênia de Minas,0.7432530999270606,0.0007293946024799417,0.5053763440860215,0.4946236559139785
3157609,Santa Fé de Minas,0.8220757825370676,0.0,0.5159967186218212,0.48400328137817883
3157658,Santa Helena de Minas,0.7180493273542601,0.12556053811659193,0.5128062360801782,0.48719376391982183
3157708,Santa Juliana,0.4131695667007847,0.0010235414534288639,0.5174517112843104,0.4825482887156896
3157807,Santa Luzia,0.7445079365079366,0.001142857142857143,0.5026793555209061,0.49732064447909385
3157906,Santa Margarida,0.5402270483711747,0.0,0.5062271062271062,0.4937728937728938
3158003,Santa Maria de Itabira,0.8282664941785253,0.0,0.5141584473433026,0.48584155265669743
3158102,Santa Maria do Salto,0.7182009838369642,0.004919184820801124,0.5112359550561798,0.4887640449438202
3158201,Santa Maria do Suaçuí,0.8058025269068788,0.0004679457182966776,0.5148698884758365,0.4851301115241636
3158300,Santana da Vargem,0.5291871249318058,0.0,0.5029810298102981,0.49701897018970187
3158409,Santana de Cataguases,0.43346007604562736,0.0,0.49937421777221525,0.5006257822277848
3158508,Santana de Pirapama,0.779495105615662,0.0,0.5220966084275437,0.4779033915724563
3158607,Santana do Deserto,0.6276150627615062,0.0010460251046025104,0.5149638802889577,0.4850361197110423
3158706,Santana do Garambéu,0.5686619718309859,0.0,0.5422535211267606,0.45774647887323944
3158805,Santana do Jacaré,0.4857904085257549,0.0008880994671403197,0.5301837270341208,0.46981627296587924
3158904,Santana do Manhuaçu,0.6820934256055363,0.0,0.5103181427343079,0.4896818572656922
3158953,Santana do Paraíso,0.6976616983454123,0.0058799398331738,0.5082381078926389,0.49176189210736115
3159001,Santana do Riacho,0.7138492871690427,0.0010183299389002036,0.4917234664070107,0.5082765335929893
3159100,Santana dos Montes,0.5750262329485835,0.0,0.525231719876416,0.4747682801235839
3159209,Santa Rita de Caldas,0.17292437863564253,0.0,0.4855186940494997,0.5144813059505002
3159308,Santa Rita de Jacutinga,0.35342465753424657,0.0,0.5231607629427792,0.4768392370572207
3159357,Santa Rita de Minas,0.6512968299711815,0.0005763688760806917,0.5062429057888763,0.49375709421112374
3159407,Santa Rita de Ibitipoca,0.5082327113062569,0.0,0.5345773874862788,0.4654226125137212
3159506,Santa Rita do Itueto,0.6194029850746269,0.0,0.5053763440860215,0.4946236559139785
3159605,Santa Rita do Sapucaí,0.3011380803706315,0.0007050055393292376,0.5159184493321282,0.48408155066787184
3159704,Santa Rosa da Serra,0.523153942428035,0.0037546933667083854,0.5447852760736196,0.45521472392638035
3159803,Santa Vitória,0.5559297570363243,0.0007216742843396681,0.5212690951821387,0.47873090481786135
3159902,Santo Antônio do Amparo,0.6616314199395771,0.0006473888649115235,0.499466609771709,0.500533390228291
3160009,Santo Antônio do Aventureiro,0.4581772784019975,0.0,0.4969097651421508,0.5030902348578492
3160108,Santo Antônio do Grama,0.7319778188539742,0.0,0.5132662397072278,0.4867337602927722
3160207,Santo Antônio do Itambé,0.9389312977099237,0.0,0.5236664162283997,0.4763335837716003
3160306,Santo Antônio do Jacinto,0.7713385826771654,0.00031496062992125983,0.5128849780012571,0.4871150219987429
3160405,Santo Antônio do Monte,0.3652811004784689,0.0004485645933014354,0.5309339678762641,0.4690660321237359
3160454,Santo Antônio do Retiro,0.6750572082379863,0.0,0.5111821086261981,0.48881789137380194
3160504,Santo Antônio do Rio Abaixo,0.7462039045553145,0.0,0.5189873417721519,0.4810126582278481
3160603,Santo Hipólito,0.8605714285714285,0.0,0.523972602739726,0.476027397260274
3160702,Santos Dumont,0.5104827343199436,0.0009689922480620155,0.5113784985613392,0.48862150143866073
3160801,São Bento Abade,0.6891793754538853,0.0,0.5292418772563177,0.4707581227436823
3160900,São Brás do Suaçuí,0.6553398058252428,0.0,0.5005973715651135,0.4994026284348865
3160959,São Domingos das Dores,0.6409007912355448,0.0,0.5200729927007299,0.47992700729927007
3161007,São Domingos do Prata,0.7174887892376681,0.001180080245456691,0.49429303517353834,0.5057069648264617
3161056,São Félix de Minas,0.7360350492880613,0.0,0.5233949945593036,0.4766050054406964
3161106,São Francisco,0.8395577118357216,0.00028207153334085526,0.5172936552498596,0.48270634475014035
3161205,São Francisco de Paula,0.4901019796040792,0.0,0.5257793764988009,0.47422062350119903
3161304,São Francisco de Sales,0.4168482207697894,0.0,0.5050071530758226,0.4949928469241774
3161403,São Francisco do Glória,0.5363924050632911,0.0,0.522007722007722,0.477992277992278
3161502,São Geraldo,0.4774218448475492,0.0007719027402547279,0.505011565150347,0.49498843484965305
3161601,São Geraldo da Piedade,0.8645418326693227,0.0007968127490039841,0.5100463678516228,0.4899536321483771
3161650,São Geraldo do Baixio,0.6806002143622722,0.0,0.5042553191489362,0.4957446808510638
3161700,São Gonçalo do Abaeté,0.6021441334127456,0.0,0.5082449941107184,0.4917550058892815
3161809,São Gonçalo do Pará,0.4928909952606635,0.00039494470774091627,0.5160281469898358,0.4839718530101642
3161908,São Gonçalo do Rio Abaixo,0.7989556135770235,0.0,0.514548802946593,0.485451197053407
3162005,São Gonçalo do Sapucaí,0.42314990512333966,0.0,0.5067716535433071,0.4932283464566929
3162104,São Gotardo,0.5120009231479344,0.0013847219016847449,0.5109130385098846,0.48908696149011543
3162203,São João Batista do Glória,0.26732101616628173,0.0005773672055427252,0.5225173210161663,0.47748267898383373
3162252,São João da Lagoa,0.8058823529411765,0.0007352941176470588,0.5137085137085137,0.4862914862914863
3162302,São João da Mata,0.12631578947368421,0.0,0.4954954954954955,0.5045045045045045
3162401,São João da Ponte,0.7517310839733098,0.0,0.521414342629482,0.47858565737051795
3162450,São João das Missões,0.23023023023023023,0.7102102102102102,0.512,0.488
3162500,São João del Rei,0.4563161106590724,0.0010170870626525631,0.504307955862347,0.49569204413765305
3162559,São João do Manhuaçu,0.6516282225237449,0.0,0.5078938528720188,0.4921061471279812
3162575,São João do Manteninha,0.7148562300319489,0.0,0.5023255813953489,0.49767441860465117
3162609,São João do Oriente,0.6472491909385113,0.0013869625520110957,0.5210355987055016,0.47896440129449835
3162658,São João do Pacuí,0.8361774744027304,0.0,0.5080851063829788,0.4919148936170213
3162708,São João do Paraíso,0.6683288217694828,0.0,0.5104875283446711,0.4895124716553288
3162807,São João Evangelista,0.8064586994727593,0.0006590509666080844,0.5103553520819708,0.4896446479180292
3162906,São João Nepomuceno,0.47952925575998673,0.0028178352395159954,0.5043350237199411,0.4956649762800589
3162922,São Joaquim de Bicas,0.7178281316802052,0.0011400883568476556,0.5517917133258678,0.44820828667413215
3162948,São José da Barra,0.29302587176602923,0.0005624296962879641,0.5052983825989961,0.4947016174010039
3162955,São José da Lapa,0.7110538900128748,0.0001839249586168843,0.5105955425648521,0.489404457435148
3163003,São José da Safira,0.7948717948717948,0.0016025641025641025,0.49759615384615385,0.5024038461538461
3163102,São José da Varginha,0.5509090909090909,0.0,0.5049954586739328,0.4950045413260672
3163201,São José do Alegre,0.3371647509578544,0.0009578544061302681,0.47655502392344495,0.523444976076555
3163300,São José do Divino,0.7460901563937442,0.0,0.5099818511796733,0.4900181488203267
3163409,São José do Goiabal,0.7606310013717421,0.0,0.503382949932341,0.496617050067659
3163508,São José do Jacuri,0.7742102537545313,0.0005178663904712584,0.5350742447516641,0.4649257552483359
3163607,São José do Mantimento,0.4341534008683068,0.0,0.4956772334293948,0.5043227665706052
3163706,São Lourenço,0.33085117385458684,0.00031026993484331366,0.49263114500669897,0.5073688549933011
3163805,São Miguel do Anta,0.6335260115606937,0.002890173410404624,0.5213625866050808,0.47863741339491916
3163904,São Pedro da União,0.1305785123966942,0.0,0.5427631578947368,0.45723684210526316
3164001,São Pedro dos Ferros,0.7505904581955598,0.0004723665564478035,0.5058329444703686,0.49416705552963136
3164100,São Pedro do Suaçuí,0.7821909032671365,0.0,0.5025477707006369,0.49745222929936306
3164209,São Romão,0.8652482269503546,0.0,0.5070293398533008,0.49297066014669927
3164308,São Roque de Minas,0.2736156351791531,0.0006514657980456026,0.5245795601552393,0.4754204398447607
3164407,São Sebastião da Bela Vista,0.3855619360131255,0.0,0.5204582651391162,0.4795417348608838
3164431,São Sebastião da Vargem Alegre,0.3061797752808989,0.0,0.5196629213483146,0.4803370786516854
3164472,São Sebastião do Anta,0.6537013801756587,0.0,0.5140586797066015,0.48594132029339854
3164506,São Sebastião do Maranhão,0.8071131047741109,0.0,0.5115236875800256,0.4884763124199744
3164605,São Sebastião do Oeste,0.3947909527073338,0.0006854009595613434,0.5389344262295082,0.4610655737704918
3164704,São Sebastião do Paraíso,0.37593029587946997,0.0004840563925697344,0.5119706448508181,0.4880293551491819
3164803,São Sebastião do Rio Preto,0.6261127596439169,0.0,0.4630681818181818,0.5369318181818182
3164902,São Sebastião do Rio Verde,0.2920892494929006,0.0,0.48073022312373226,0.5192697768762677
3165008,São Tiago,0.4243939976914198,0.001923816852635629,0.5082597003457549,0.4917402996542451
3165107,São Tomás de Aquino,0.46688741721854304,0.0016556291390728477,0.5247252747252747,0.47527472527472525
3165206,São Tomé das Letras,0.43988919667590026,0.000554016620498615,0.5374037403740374,0.46259625962596257
3165305,São Vicente de Minas,0.5875338753387533,0.0005420054200542005,0.48023504273504275,0.5197649572649573
3165404,Sapucaí-Mirim,0.20597196831200487,0.0018281535648994515,0.5212895377128953,0.4787104622871046
3165503,Sardoá,0.7143658810325477,0.0016835016835016834,0.5311982330204307,0.4688017669795693
3165537,Sarzedo,0.6877957837372723,0.002007744156030403,0.5078070052046701,0.49219299479532985
3165552,Setubinha,0.8872997711670481,0.0,0.5073446327683616,0.49265536723163844
3165560,Sem-Peixe,0.7407407407407407,0.0,0.4881656804733728,0.5118343195266272
3165578,Senador Amaral,0.16062544420753375,0.0,0.5416078984485191,0.45839210155148097
3165602,Senador Cortes,0.6078838174273858,0.0,0.4867075664621677,0.5132924335378323
3165701,Senador Firmino,0.4100558659217877,0.0,0.5005561735261401,0.4994438264738598
3165800,Senador José Bento,0.2077922077922078,0.0,0.5621761658031088,0.4378238341968912
3165909,Senador Modestino Gonçalves,0.7616926503340757,0.0,0.5346097201767305,0.4653902798232695
3166006,Senhora de Oliveira,0.5709482178883658,0.0,0.49193548387096775,0.5080645161290323
3166105,Senhora do Porto,0.8278867102396514,0.0,0.5200868621064061,0.4799131378935939
3166204,Senhora dos Remédios,0.3953488372093023,0.0003875968992248062,0.49866259075277036,0.5013374092472297
3166303,Sericita,0.6351145038167939,0.0015267175572519084,0.5228658536585366,0.4771341463414634
3166402,Seritinga,0.336322869955157,0.0,0.5246636771300448,0.47533632286995514
3166501,Serra Azul de Minas,0.8933333333333333,0.0,0.5114982578397212,0.48850174216027875
3166600,Serra da Saudade,0.5549738219895288,0.0,0.4973821989528796,0.5026178010471204
3166709,Serra dos Aimorés,0.7473391948172142,0.0009254974548819991,0.5178082191780822,0.4821917808219178
3166808,Serra do Salitre,0.5295971978984239,0.0010507880910683013,0.5134668508287292,0.4865331491712707
3166907,Serrania,0.44345238095238093,0.000496031746031746,0.505940594059406,0.49405940594059405
3166956,Serranópolis de Minas,0.6974358974358974,0.0008547008547008547,0.5059121621621622,0.49408783783783783
3167004,Serranos,0.42638623326959846,0.0,0.4866920152091255,0.5133079847908745
3167103,Serro,0.8879189399844115,0.0004676539360872954,0.5140488254260709,0.48595117457392906
3167202,Sete Lagoas,0.6989549767673711,0.001139377970839045,0.5031209888699383,0.4968790111300617
3167301,Silveirânia,0.34657039711191334,0.0,0.5134649910233393,0.4865350089766607
3167400,Silvianópolis,0.25646551724137934,0.0,0.536097212294496,0.4639027877055039
3167509,Simão Pereira,0.7059748427672956,0.0,0.5047169811320755,0.49528301886792453
3167608,Simonésia,0.6025641025641025,0.002003205128205128,0.5063737987840753,0.4936262012159247
3167707,Sobrália,0.6168958742632613,0.0,0.5110689437065149,0.48893105629348516
3167806,Soledade de Minas,0.29376854599406527,0.000741839762611276,0.49407407407407405,0.5059259259259259
3167905,Tabuleiro,0.42471443406022846,0.0,0.49585921325051757,0.5041407867494824
3168002,Taiobeiras,0.6763706388763027,0.0,0.49358252645800493,0.5064174735419951
3168051,Taparuba,0.5851216022889842,0.0,0.530758226037196,0.46924177396280403
3168101,Tapira,0.4367269267364415,0.0019029495718363464,0.5499058380414312,0.4500941619585687
3168200,Tapiraí,0.46588235294117647,0.0,0.4976635514018692,0.5023364485981309
3168309,Taquaraçu de Minas,0.7684319833852544,0.0010384215991692627,0.5288065843621399,0.4711934156378601
3168408,Tarumirim,0.6631089217296113,0.0,0.5114628820960698,0.4885371179039301
3168507,Teixeiras,0.5293296089385475,0.00034916201117318437,0.4892881824464409,0.5107118175535591
3168606,Teófilo Otoni,0.7615419220603947,0.0014901872574931115,0.49331550802139035,0.5066844919786097
3168705,Timóteo,0.6253411306042885,0.0012183235867446393,0.4973177507424083,0.5026822492575918
3168804,Tiradentes,0.46800947867298576,0.0,0.5125804564072557,0.4874195435927443
3168903,Tiros,0.31683804627249357,0.0,0.5124282982791587,0.4875717017208413
3169000,Tocantins,0.5713554987212276,0.0012787723785166241,0.5066056910569106,0.49339430894308944
3169059,Tocos do Moji,0.09382151029748284,0.0,0.515358361774744,0.48464163822525597
3169109,Toledo,0.1383960255500355,0.0007097232079489,0.531582682753726,0.46841731724627395
3169208,Tombos,0.5472659870250232,0.0009267840593141798,0.5167508031206975,0.48324919687930246
3169307,Três Corações,0.5690895818124935,0.0013035770153300658,0.5091907005643866,0.4908092994356133
3169356,Três Marias,0.7495754408883083,0.00039190071848465056,0.5028630921395106,0.4971369078604893
3169406,Três Pontas,0.5495053028685316,0.0002847177735070112,0.5087384136418311,0.4912615863581688
3169505,Tumiritinga,0.7896871378910776,0.0,0.5203160270880361,0.4796839729119639
3169604,Tupaciguara,0.5124536301006889,0.0008832361773538244,0.5146904512067156,0.48530954879328436
3169703,Turmalina,0.6568930977963942,0.00036423238025860496,0.508294266137757,0.49170573386224303
3169802,Turvolândia,0.3153000845308538,0.0,0.49286314021830396,0.5071368597816961
3169901,Ubá,0.5057607655502392,0.001722488038277512,0.5034988841396527,0.49650111586034723
3170008,Ubaí,0.8197222222222222,0.0,0.518244170096022,0.48175582990397803
3170057,Ubaporanga,0.6777708592777086,0.00031133250311332503,0.4925465838509317,0.5074534161490684
3170107,Uberaba,0.40842146060572504,0.00119041027628592,0.5101931698221851,0.48980683017781496
3170206,Uberlândia,0.46981257093373396,0.0013645518300083317,0.5047621517534703,0.49523784824652967
3170305,Umburatiba,0.7216494845360825,0.020618556701030927,0.5223021582733813,0.4776978417266187
3170404,Unaí,0.6287014830404777,0.000881014145171553,0.5105625330831047,0.4894374669168952
3170438,União de Minas,0.575955265610438,0.0,0.5463636363636364,0.4536363636363636
3170479,Uruana de Minas,0.7369614512471655,0.0,0.4988814317673378,0.5011185682326622
3170503,Urucânia,0.8133616118769883,0.0003534817956875221,0.5123626373626373,0.4876373626373626
3170529,Urucuia,0.8540823613425375,0.0,0.5030805687203791,0.49691943127962085
3170578,Vargem Alegre,0.6729857819905213,0.0,0.5337995337995338,0.4662004662004662
3170602,Vargem Bonita,0.4479166666666667,0.0,0.5104166666666666,0.4895833333333333
3170651,Vargem Grande do Rio Pardo,0.6388526727509778,0.0,0.5042345276872964,0.49576547231270357
3170701,Varginha,0.4559776063535462,0.0007486248087751847,0.501587404431774,0.498412595568226
3170750,Varjão de Minas,0.5764705882352941,0.004705882352941176,0.5110336817653891,0.4889663182346109
3170800,Várzea da Palma,0.7882479048918339,0.0,0.5122655122655123,0.48773448773448774
3170909,Varzelândia,0.7481292787772648,0.000318420633657061,0.5247979717952781,0.4752020282047219
3171006,Vazante,0.6317078147316874,0.000612119975515201,0.5119047619047619,0.4880952380952381
3171030,Verdelândia,0.8429781227946366,0.0,0.5164948453608248,0.48350515463917526
3171071,Veredinha,0.7238717339667459,0.0,0.538953488372093,0.461046511627907
3171105,Veríssimo,0.3946078431372549,0.0,0.4975609756097561,0.5024390243902439
3171154,Vermelho Novo,0.7046808510638298,0.0,0.5109983079526227,0.4890016920473773
3171204,Vespasiano,0.7401178619429989,0.0007581762415135955,0.49836430474520255,0.5016356952547975
3171303,Viçosa,0.5643993446435178,0.0017969451931716084,0.49779758783429473,0.5022024121657053
3171402,Vieiras,0.47762747138397504,0.0,0.5181347150259067,0.48186528497409326
3171501,Mathias Lobato,0.865055387713998,0.0,0.5260058881256133,0.47399411187438667
3171600,Virgem da Lapa,0.8529411764705882,0.0,0.5086334484459792,0.4913665515540207
3171709,Virgínia,0.16254245511887433,0.0,0.5094614264919942,0.49053857350800584
3171808,Virginópolis,0.7035819914558002,0.0,0.5011396939107783,0.49886030608922177
3171907,Virgolândia,0.7582554517133956,0.0,0.5245189323401613,0.4754810676598386
3172004,Visconde do Rio Branco,0.5697130712008501,0.0003188097768331562,0.5052951661948202,0.4947048338051798
3172103,Volta Grande,0.7114803625377644,0.0,0.495873968492123,0.5041260315078769
3172202,Wenceslau Braz,0.24786324786324787,0.0,0.48376068376068376,0.5162393162393163
3200102,Afonso Cláudio,0.49845956354300386,0.0012836970474967907,0.5178480367159612,0.48215196328403875
3200136,Águia Branca,0.6872461413484972,0.0,0.511552492906364,0.488447507093636
3200169,Água Doce do Norte,0.7206490614062997,0.0003181673560292714,0.5271756204838203,0.4728243795161797
3200201,Alegre,0.5241189702574356,0.000999750062484379,0.5129862060395178,0.48701379396048217
3200300,Alfredo Chaves,0.3606194690265487,0.0025284450063211127,0.5048726815466834,0.4951273184533166
3200359,Alto Rio Novo,0.6796671866874675,0.0,0.5193798449612403,0.4806201550387597
3200409,Anchieta,0.6141119221411192,0.004703974047039741,0.5087747544678796,0.49122524553212044
3200508,Apiacá,0.5518739815317762,0.0,0.5072619688004303,0.49273803119956966
3200607,Aracruz,0.6551813248341803,0.045094323369799294,0.5052419872480637,0.4947580127519363
3200706,Atílio Vivácqua,0.5955315870570108,0.0,0.5055196041111534,0.49448039588884657
3200805,Baixo Guandu,0.6347013409183259,0.0005417851821752675,0.49966266360815004,0.50033733639185
3200904,Barra de São Francisco,0.6955787102224725,0.000281610813855252,0.5085569999064808,0.4914430000935191
3201001,Boa Esperança,0.7227904537109887,0.00026226068712300026,0.5110879206887555,0.4889120793112445
3201100,Bom Jesus do Norte,0.5342105263157895,0.0004385964912280702,0.492194275802255,0.5078057241977451
3201159,Brejetuba,0.5620394930739758,0.00206307102858827,0.5123438861458031,0.48765611385419694
3201209,Cachoeiro de Itapemirim,0.5683414814510497,0.0007394930364405736,0.4991732837984037,0.5008267162015962
3201308,Cariacica,0.7085009414584047,0.0013052036973639164,0.5005203466145612,0.4994796533854388
3201407,Castelo,0.42780872794800373,0.00127669452181987,0.5138294178914478,0.48617058210855224
3201506,Colatina,0.5789344118164235,0.0005978547564621066,0.5018046746329327,0.49819532536706734
3201605,Conceição da Barra,0.7976000979551855,0.001101995836904616,0.5062984496124031,0.4937015503875969
3201704,Conceição do Castelo,0.521255060728745,0.00033738191632928474,0.5067114093959731,0.49328859060402686
3201803,Divino de São Lourenço,0.3801452784503632,0.003228410008071025,0.5314009661835749,0.46859903381642515
3201902,Domingos Martins,0.31605060778963034,0.00037211610022326965,0.503947693066864,0.49605230693313596
3202009,Dores do Rio Preto,0.34946871310507677,0.0011806375442739079,0.4982311320754717,0.5017688679245284
3202108,Ecoporanga,0.797623148467103,0.0001722356183258698,0.5067532911608822,0.4932467088391178
3202207,Fundão,0.6618190212373037,0.0006925207756232687,0.5049368541905855,0.49506314580941446
3202256,Governador Lindenberg,0.5396075581395349,0.0003633720930232558,0.5242929659173314,0.4757070340826686
3202306,Guaçuí,0.49138983050847457,0.0,0.5145748987854251,0.4854251012145749
3202405,Guarapari,0.6405065154973129,0.0020982109990429214,0.5010795974382434,0.4989204025617566
3202454,Ibatiba,0.4569830564237539,0.0003290014805066623,0.5090998524348254,0.49090014756517464
3202504,Ibiraçu,0.6285425101214575,0.00033738191632928474,0.5035341635812858,0.4964658364187142
3202553,Ibitirama,0.4195859872611465,0.0,0.5232419547079857,0.4767580452920143
3202603,Iconha,0.3366238894373149,0.0003290556103981573,0.5290831416365429,0.4709168583634571
3202652,Irupi,0.4262910798122066,0.0009389671361502347,0.50186799501868,0.49813200498132004
3202702,Itaguaçu,0.5397796817625459,0.0012239902080783353,0.532258064516129,0.46774193548387094
3202801,Itapemirim,0.5441086504343571,0.0003670622782332069,0.5046774389503098,0.4953225610496902
3202900,Itarana,0.4,0.0,0.5092417955488495,0.4907582044511505
3203007,Iúna,0.5005369127516779,0.00026845637583892615,0.507923824743641,0.49207617525635905
3203056,Jaguaré,0.7053558744139793,0.001704787611876687,0.509198146327763,0.49080185367223705
3203106,Jerônimo Monteiro,0.5286486486486487,0.00036036036036036037,0.4885222381635581,0.5114777618364419
3203130,João Neiva,0.5708732832339984,0.0015548069448043534,0.502706883217324,0.49729311678267596
3203163,Laranja da Terra,0.31660546715626275,0.0004079967360261118,0.5249898415278342,0.47501015847216577
3203205,Linhares,0.6938409510145521,0.002152080344332855,0.5013721603903034,0.4986278396096966
3203304,Mantenópolis,0.7103870788081315,0.000278473962684489,0.5098256296706338,0.49017437032936617
3203320,Marataízes,0.42440408626560727,0.000340522133938706,0.4955422638528383,0.5044577361471617
3203346,Marechal Floriano,0.4640198511166253,0.0005514199062586159,0.5053497942386831,0.49465020576131685
3203353,Marilândia,0.4485349361382419,0.0007513148009015778,0.49943757030371205,0.500562429696288
3203403,Mimoso do Sul,0.5791614518147684,0.0015644555694618273,0.5116927365649683,0.4883072634350317
3203502,Montanha,0.7155721502306172,0.000658906215681968,0.5255347010039284,0.4744652989960716
3203601,Mucurici,0.7736877982276755,0.0,0.5145172180958811,0.48548278190411887
3203700,Muniz Freire,0.50471327572663,0.0,0.506937658784444,0.493062341215556
3203809,Muqui,0.5837004405286343,0.0,0.513402625820569,0.48659737417943105
3203908,Nova Venécia,0.6082647270402046,0.00039964830948765085,0.5127041019514138,0.4872958980485862
3204005,Pancas,0.6295058906277475,0.0003516792685071215,0.516660820764644,0.483339179235356
3204054,Pedro Canário,0.7715439856373429,0.003590664272890485,0.49838044758539457,0.5016195524146054
3204104,Pinheiros,0.773453567473501,0.0011074197120708748,0.5164628410159925,0.4835371589840075
3204203,Piúma,0.5142204691716836,0.0012455885405854266,0.5083729584453174,0.4916270415546827
3204252,Ponto Belo,0.8052164261931187,0.0005549389567147614,0.5162534435261708,0.4837465564738292
3204302,Presidente Kennedy,0.6814630681818182,0.0,0.5151195499296765,0.4848804500703235
3204351,Rio Bananal,0.5276705276705277,0.003003003003003003,0.5192719486081371,0.480728051391863
3204401,Rio Novo do Sul,0.48779625044216485,0.0,0.4977007428369296,0.5022992571630704
3204500,Santa Leopoldina,0.43612615482637784,0.0,0.5308132147395171,0.46918678526048285
3204559,Santa Maria de Jetibá,0.192171926910299,0.0,0.5227976067670724,0.47720239323292757
3204609,Santa Teresa,0.3975700934579439,0.0011214953271028037,0.5026070763500932,0.4973929236499069
3204658,São Domingos do Norte,0.5624691358024692,0.0019753086419753087,0.5268870251603355,0.4731129748396645
3204708,São Gabriel da Palha,0.5497425093632958,0.0005852059925093633,0.5138386079644984,0.48616139203550157
3204807,São José do Calçado,0.5588703261734288,0.0011933174224343676,0.5178288431061807,0.48217115689381934
3204906,São Mateus,0.7578909729220167,0.0008451711471572994,0.4996936965984201,0.5003063034015799
3204955,São Roque do Canaã,0.40524781341107874,0.00036443148688046647,0.5038195707530011,0.4961804292469989
3205002,Serra,0.7206812652068126,0.0024507852245078524,0.5029211593542793,0.4970788406457207
3205010,Sooretama,0.7492464475383953,0.0007176690110521028,0.5046184453602387,0.49538155463976125
3205036,Vargem Alta,0.5148104265402843,0.0,0.5144145910962934,0.4855854089037066
3205069,Venda Nova do Imigrante,0.4181547619047619,0.0011160714285714285,0.5183748845798707,0.48162511542012926
3205101,Viana,0.7219436086035885,0.0014487908168951298,0.5208783896190318,0.47912161038096823
3205150,Vila Pavão,0.48177426438296006,0.0013175230566534915,0.5103024989039895,0.4896975010960105
3205176,Vila Valério,0.5336941813261163,0.0008119079837618403,0.5166756320602475,0.48332436793975253
3205200,Vila Velha,0.6064086356121754,0.002129728678401245,0.5010475703127263,0.4989524296872737
3205309,Vitória,0.575459506931811,0.0024841603412583905,0.49441323384695873,0.5055867661530413
3300100,Angra dos Reis,0.49820553912827575,0.003566349908584069,0.4992883828500267,0.5007116171499734
3300159,Aperibé,0.3164179104477612,0.0,0.4953271028037383,0.5046728971962616
3300209,Araruama,0.6110971629425056,0.0011836017359492126,0.5048955032577349,0.4951044967422651
3300225,Areal,0.5349389416553596,0.0,0.5119972963839134,0.4880027036160865
3300233,Armação dos Búzios,0.5295733911785973,0.00028922631959508316,0.4920270076138486,0.5079729923861515
3300258,Arraial do Cabo,0.4615269684745256,0.002838786792170925,0.5022334723049434,0.4977665276950566
3300308,Barra do Piraí,0.6122826823210658,0.0008579814856626778,0.5040533882742867,0.49594661172571325
3300407,Barra Mansa,0.5191132552262807,0.00029864461291063634,0.5036694940442168,0.49633050595578315
3300456,Belford Roxo,0.6962202887585902,0.0005989534077296513,0.5021216517683031,0.49787834823169685
3300506,Bom Jardim,0.34411318847902983,0.0,0.5040039222095114,0.49599607779048865
3300605,Bom Jesus do Itabapoana,0.5039935177682602,0.0009260331056835282,0.5025847214244687,0.4974152785755313
3300704,Cabo Frio,0.5586638657210009,0.0012063478857713347,0.49869958304091155,0.5013004169590884
3300803,Cachoeiras de Macacu,0.6102771362586605,0.0006495381062355658,0.5097927090779127,0.4902072909220872
3300902,Cambuci,0.4423791821561338,0.0015489467162329617,0.5264460253634395,0.47355397463656046
3300936,Carapebus,0.6640880690270753,0.002975304968759298,0.5114773396115362,0.4885226603884638
3300951,Comendador Levy Gasparian,0.6663296258847321,0.0,0.5317024463305042,0.46829755366949577
3301009,Campos dos Goytacazes,0.5518520079221272,0.0004972398971809026,0.5013802680229543,0.49861973197704573
3301108,Cantagalo,0.5788259958071279,0.0004192872117400419,0.5149625935162094,0.4850374064837905
3301157,Cardoso Moreira,0.47926580557443915,0.0,0.5035081857667891,0.4964918142332108
3301207,Carmo,0.5668805528134254,0.0004935834155972359,0.5040431266846361,0.49595687331536387
3301306,Casimiro de Abreu,0.5709652164187451,0.0012302874398836818,0.5076119568840982,0.4923880431159018
3301405,Conceição de Macabu,0.6303792851932896,0.0007293946024799417,0.507742167806986,0.49225783219301406
3301504,Cordeiro,0.47934215804251906,0.0,0.4983044085378017,0.5016955914621983
3301603,Duas Barras,0.49238578680203043,0.0014503263234227702,0.5109358192900681,0.48906418070993185
3301702,Duque de Caxias,0.6701547910675614,0.0008476231050520112,0.5007169889096945,0.49928301109030554
3301801,Engenheiro Paulo de Frontin,0.5238095238095238,0.0006523157208088715,0.49224806201550386,0.5077519379844961
3301850,Guapimirim,0.6474789006708505,0.0003606722931544399,0.49889071781292493,0.5011092821870751
3301876,Iguaba Grande,0.5416354088522131,0.0,0.512858740216176,0.48714125978382405
3301900,Itaboraí,0.6655275446851908,0.0009124903830670412,0.5013871105420401,0.4986128894579599
3302007,Itaguaí,0.6330629586713017,0.0012640893289792478,0.504332695319297,0.49566730468070297
3302056,Italva,0.4471653807447165,0.0003354579000335458,0.5011532125205931,0.4988467874794069
3302106,Itaocara,0.34397446129289705,0.00019952114924181964,0.5111509358821187,0.4888490641178813
3302205,Itaperuna,0.5409909306169861,0.0006701514542286557,0.5077514244070491,0.4922485755929508
3302254,Itatiaia,0.5479815616706244,0.0008381058807095963,0.5060240963855421,0.4939759036144578
3302270,Japeri,0.7429210680751174,0.0005134976525821597,0.5235852448407277,0.4764147551592723
3302304,Laje do Muriaé,0.6593347639484979,0.0,0.5074468085106383,0.4925531914893617
3302403,Macaé,0.6167511737089202,0.0009389671361502347,0.4973420074349442,0.5026579925650557
3302452,Macuco,0.5947030497592295,0.0,0.4756195043964828,0.5243804956035172
3302502,Magé,0.670707436222182,0.0008717535404707469,0.5033417688663941,0.49665823113360585
3302601,Mangaratiba,0.5915787159190853,0.0005496921723834653,0.4989614081119493,0.5010385918880508
3302700,Maricá,0.4952433475803116,0.0008961808906659313,0.5067562932985802,0.49324370670141987
3302809,Mendes,0.5401042960019866,0.0004966476285075739,0.49864231054060726,0.5013576894593927
3302858,Mesquita,0.6589857376776858,0.0006170056242435748,0.5037735405449886,0.4962264594550114
3302908,Miguel Pereira,0.5572399372713016,0.0003484927687750479,0.5072992700729927,0.4927007299270073
3303005,Miracema,0.6382687927107061,0.0024297646165527716,0.5094198564593302,0.49058014354066987
3303104,Natividade,0.595882684715172,0.0002820078962210942,0.5079631181894384,0.4920368818105616
3303203,Nilópolis,0.6105821250811513,0.0005139580177450768,0.5021399154800679,0.4978600845199322
3303302,Niterói,0.4171966445571596,0.001277799453765119,0.4991321885332532,0.5008678114667469
3303401,Nova Friburgo,0.3169944944337998,0.0008973830370352405,0.5071557861711113,0.4928442138288886
3303500,Nova Iguaçu,0.6646033711075136,0.000666603180649462,0.4998112637777442,0.5001887362222558
3303609,Paracambi,0.6063012078722865,0.000506799560773714,0.5267685625991815,0.4732314374008185
3303708,Paraíba do Sul,0.5751300520208084,0.00020008003201280514,0.5044371323162827,0.4955628676837172
3303807,Paraty,0.5345398138572905,0.007859358841778697,0.5018480492813142,0.49815195071868584
3303856,Paty do Alferes,0.5863564098858216,0.00014452955629426219,0.5063726192181011,0.4936273807818989
3303906,Petrópolis,0.4185537407423202,0.0006539013746144115,0.5065532469003,0.49344675309969993
3303955,Pinheiral,0.55146804835924,0.0017271157167530224,0.5048776313537566,0.49512236864624337
3304003,Piraí,0.5735316906865024,0.00046490004649000463,0.5019251501617126,0.49807484983828737
3304102,Porciúncula,0.6163773920783266,0.0011125945705384957,0.5100730573389418,0.48992694266105824
3304110,Porto Real,0.6197812011609735,0.00044652824291136416,0.5066283694211224,0.4933716305788776
3304128,Quatis,0.5888678051865908,0.0,0.5034547738693468,0.49654522613065327
3304144,Queimados,0.6916262168112252,0.0008753083472586934,0.4992441618015013,0.5007558381984988
3304151,Quissamã,0.6789522918615528,0.00037418147801683815,0.501658680427571,0.49834131957242905
3304201,Resende,0.5216146096566596,0.000774958725024428,0.5038162828066417,0.49618371719335835
3304300,Rio Bonito,0.6204615716442591,0.0002156876842332303,0.50192417331813,0.49807582668187
3304409,Rio Claro,0.4362130177514793,0.0,0.510882284109525,0.4891177158904751
3304508,Rio das Flores,0.6418918918918919,0.0,0.5029082774049217,0.4970917225950783
3304524,Rio das Ostras,0.5218030566840781,0.001044689495066744,0.504861458053111,0.49513854194688905
3304557,Rio de Janeiro,0.5448112480631667,0.0008405786543456516,0.5026128506958338,0.4973871493041661
3304607,Santa Maria Madalena,0.5869912210694334,0.0023942537909018356,0.5073500198649186,0.49264998013508143
3304706,Santo Antônio de Pádua,0.4906779661016949,0.0005296610169491525,0.5115667718191378,0.48843322818086227
3304755,São Francisco de Itabapoana,0.5314627414903403,0.0003679852805887764,0.5096461552528115,0.49035384474718846
3304805,São Fidélis,0.42091518110593845,0.0,0.5061616732617298,0.4938383267382702
3304904,São Gonçalo,0.5900764284847749,0.0007111572201282593,0.4954205902904868,0.5045794097095132
3305000,São João da Barra,0.3538517796196977,0.00024378352023403217,0.5091019417475728,0.49089805825242716
3305109,São João de Meriti,0.6665861194055612,0.0006990351588794725,0.49869337979094075,0.5013066202090593
3305133,São José de Ubá,0.5850801479654747,0.0,0.48408812729498163,0.5159118727050184
3305158,São José do Vale do Rio Preto,0.3245107176141659,0.00130475302889096,0.5064209938581797,0.4935790061418202
3305208,São Pedro da Aldeia,0.552917903066271,0.0009441596978688966,0.5078104079264483,0.49218959207355173
3305307,São Sebastião do Alto,0.5416051206302314,0.0004923682914820286,0.5127701375245579,0.48722986247544203
3305406,Sapucaia,0.5070098827855666,0.0,0.5094857142857143,0.49051428571428574
3305505,Saquarema,0.5344528710725894,0.0005958829902491874,0.5165509446148878,0.48344905538511224
3305554,Seropédica,0.6222397476340694,0.0010205975134533309,0.5057597870485108,0.4942402129514893
3305604,Silva Jardim,0.6697361430848238,0.0010625110678236232,0.5135841170323929,0.4864158829676071
3305703,Sumidouro,0.33713102019678926,0.0002589331952356292,0.502964681618974,0.49703531838102605
3305752,Tanguá,0.7270297785696106,0.0003817765334690761,0.5042059008160703,0.4957940991839297
3305802,Teresópolis,0.3995072930386848,0.0007805258793111859,0.4982753595025262,0.5017246404974738
3305901,Trajano de Moraes,0.5086136177194421,0.0,0.5074566706972995,0.4925433293027005
3306008,Três Rios,0.6077815626995955,0.0003193527783691718,0.49572021215144674,0.5042797878485533
3306107,Valença,0.5459515451458825,0.0005179259941301721,0.5044947036931005,0.4955052963068995
3306156,Varre-Sai,0.3903345724907063,0.0,0.4889344262295082,0.5110655737704918
3306206,Vassouras,0.5943983402489627,0.001152604887044721,0.5003423875827436,0.4996576124172563
3306305,Volta Redonda,0.4989275129762743,0.0004748415830235947,0.5018130376103677,0.49818696238963234
3500105,Adamantina,0.26972550059673783,0.0007956504442381647,0.5086871325930764,0.4913128674069236
3500204,Adolfo,0.1960542540073983,0.0,0.4969173859432799,0.5030826140567201
3500303,Aguaí,0.35157089953410586,0.0009556803249313105,0.5229030339083879,0.4770969660916121
3500402,Águas da Prata,0.2650029708853238,0.0,0.5225653206650831,0.47743467933491684
3500501,Águas de Lindóia,0.19238476953907815,0.000501002004008016,0.5066167290886392,0.4933832709113608
3500550,Águas de Santa Bárbara,0.2702301410541945,0.0,0.49779086892488955,0.5022091310751104
3500600,Águas de São Pedro,0.16037735849056603,0.0,0.4971751412429379,0.5028248587570622
3500709,Agudos,0.40881192459447613,0.00010960105217010084,0.5083560895685418,0.4916439104314582
3500758,Alambari,0.29465648854961835,0.0,0.5189969604863222,0.4810030395136778
3500808,Alfredo Marcondes,0.33376792698826596,0.0,0.544392523364486,0.45560747663551404
3500907,Altair,0.5065326633165829,0.0,0.5487077534791253,0.45129224652087474
3501004,Altinópolis,0.35662712738525015,0.0005157297576070139,0.506810588537651,0.493189411462349
3501103,Alto Alegre,0.33370044052863435,0.0022026431718061676,0.5252192982456141,0.47478070175438597
3501152,Alumínio,0.43748602102437933,0.0011183180496533215,0.5115864527629234,0.48841354723707664
3501202,Álvares Florence,0.23604060913705585,0.0,0.5189873417721519,0.4810126582278481
3501301,Álvares Machado,0.4511659344373099,0.0006759040216289286,0.5212201591511937,0.47877984084880637
3501400,Álvaro de Carvalho,0.5841495992876224,0.0,0.6264418811002662,0.3735581188997338
3501509,Alvinlândia,0.41804320203303685,0.0,0.5126582278481012,0.4873417721518987
3501608,Americana,0.23670416640769054,0.0008494416475024344,0.5125856710642764,0.48741432893572356
3501707,Américo Brasiliense,0.478100652769004,0.0002105706464518846,0.4987976999477261,0.501202300052274
3501806,Américo de Campos,0.22625482625482626,0.0,0.5088529638183218,0.4911470361816782
3501905,Amparo,0.2474313408723748,0.0005815831987075929,0.5123114606162176,0.48768853938378237
3502002,Analândia,0.3485714285714286,0.0009523809523809524,0.5250709555345316,0.4749290444654683
3502101,Andradina,0.42834344079157355,0.0003191828917969997,0.5104158478107067,0.4895841521892933
3502200,Angatuba,0.2106002106002106,0.002808002808002808,0.5062073789123973,0.49379262108760275
3502309,Anhembi,0.3189113747383112,0.0006978367062107466,0.5205003474635164,0.4794996525364837
3502408,Anhumas,0.42016806722689076,0.0010504201680672268,0.5192507804370448,0.48074921956295524
3502507,Aparecida,0.3120607571979143,0.0004534119247336205,0.49819168173598555,0.5018083182640145
3502606,Aparecida d'Oeste,0.2525458248472505,0.0,0.5045500505561172,0.4954499494438827
3502705,Apiaí,0.5391977480647432,0.0007037297677691766,0.5011182555213867,0.4988817444786134
3502754,Araçariguama,0.4650299154115948,0.0010315659170621002,0.5077773229635694,0.49222267703643063
3502804,Araçatuba,0.36387986409067236,0.000595223332754644,0.5060161569814268,0.49398384301857323
3502903,Araçoiaba da Serra,0.26017335096224475,0.00044072278536800354,0.5079550430594074,0.49204495694059264
3503000,Aramina,0.47364280094413846,0.0007867820613690008,0.5152462861610634,0.4847537138389367
3503109,Arandu,0.4226190476190476,0.0,0.5157083580320095,0.4842916419679905
3503158,Arapeí,0.4647887323943662,0.0,0.49921752738654146,0.5007824726134585
3503208,Araraquara,0.3230438645426558,0.0009504328601830617,0.5033647927780057,0.4966352072219943
3503307,Araras,0.3196578272027374,0.00030795551753635584,0.5092087312414734,0.4907912687585266
3503356,Arco-Íris,0.34080717488789236,0.11434977578475336,0.49888641425389757,0.5011135857461024
3503406,Arealva,0.2768264840182648,0.0005707762557077625,0.5036868973340897,0.4963131026659104
3503505,Areias,0.5140845070422535,0.0,0.5085427135678392,0.4914572864321608
3503604,Areiópolis,0.443241469816273,0.00032808398950131233,0.521030322791001,0.478969677208999
3503703,Ariranha,0.2974531475252283,0.0028832292167227293,0.5222807858169621,0.47771921418303787
3503802,Artur Nogueira,0.36908571922844047,0.0005189862468644581,0.512125902992776,0.48787409700722395
3503901,Arujá,0.45507822200148995,0.001291283834119692,0.5152941176470588,0.48470588235294115
3503950,Aspásia,0.3142857142857143,0.0,0.501187648456057,0.498812351543943
3504008,Assis,0.26006150554887014,0.000713107812987476,0.511885264043203,0.48811473595679694
3504107,Atibaia,0.309830859957229,0.0007128507549737541,0.5151505506397607,0.4848494493602393
3504206,Auriflama,0.28171916396820723,0.0008831321754489255,0.5263929618768328,0.4736070381231672
3504305,Avaí,0.282703488372093,0.1504360465116279,0.5239477503628447,0.4760522496371553
3504404,Avanhandava,0.476044226044226,0.0,0.5728720146968769,0.42712798530312307
3504503,Avaré,0.2843194688537395,0.0007322788517867604,0.5142954060864509,0.48570459391354914
3504602,Bady Bassitt,0.25223923721467784,0.0017336030049118752,0.5193354339730736,0.48066456602692637
3504701,Balbinos,0.4925925925925926,0.0,0.8085365853658537,0.19146341463414634
3504800,Bálsamo,0.2230985915492958,0.0011267605633802818,0.5177464788732394,0.48225352112676056
3504909,Bananal,0.5319064605628221,0.0,0.5007892659826362,0.4992107340173639
3505005,Barão de Antonina,0.24671916010498687,0.04461942257217848,0.5169270833333334,0.4830729166666667
3505104,Barbosa,0.4948512585812357,0.0005720823798627002,0.5293447293447293,0.47065527065527063
3505203,Bariri,0.2462962962962963,0.0005291005291005291,0.5209817893903405,0.47901821060965954
3505302,Barra Bonita,0.2801944409821762,0.0001246416552411816,0.5065969629076426,0.4934030370923575
3505351,Barra do Chapéu,0.6016427104722792,0.0,0.543728813559322,0.456271186440678
3505401,Barra do Turvo,0.6380368098159509,0.0,0.5063231850117096,0.4936768149882904
3505500,Barretos,0.38656182455094285,0.0005589923231720951,0.5102154119475905,0.4897845880524095
3505609,Barrinha,0.6154036040483831,0.0007405578869414959,0.5023301447142506,0.4976698552857493
3505708,Barueri,0.4984975462438656,0.00072480181200453,0.500359421331656,0.499640578668344
3505807,Bastos,0.4872935196950445,0.0010588733587462938,0.5005889281507656,0.4994110718492344
3505906,Batatais,0.3023289350349701,0.0003605162592832937,0.5055355859094177,0.49446441409058234
3506003,Bauru,0.3194394979552237,0.0011666891817210508,0.5111583292860612,0.4888416707139388
3506102,Bebedouro,0.3259916721455183,5.478851632697787e-05,0.5053757572449926,0.4946242427550074
3506201,Bento de Abreu,0.5893129770992367,0.0,0.5258358662613982,0.47416413373860183
3506300,Bernardino de Campos,0.22116482679862962,0.0,0.5157495256166983,0.4842504743833017
3506359,Bertioga,0.5715614824003722,0.005737323616064506,0.5011152988231674,0.49888470117683253
3506409,Bilac,0.31409062693978895,0.0006207324643078833,0.5177914110429448,0.4822085889570552
3506508,Birigui,0.30980096142386077,0.0005959238806563108,0.5045279155839042,0.49547208441609575
3506607,Biritiba Mirim,0.37061257173361806,0.0004003736821032964,0.5073878966979314,0.4926121033020686
3506706,Boa Esperança do Sul,0.4388723231227975,0.0,0.512320606552938,0.487679393447062
3506805,Bocaina,0.3178122690317812,0.0011086474501108647,0.5075617853190705,0.4924382146809295
3506904,Bofete,0.298960498960499,0.0012474012474012475,0.5226047283284944,0.4773952716715056
3507001,Boituva,0.3357954094194266,0.0015090143753474705,0.5110372656064562,0.4889627343935438
3507100,Bom Jesus dos Perdões,0.273830495204541,0.0,0.5122235157159488,0.48777648428405124
3507159,Bom Sucesso de Itararé,0.3663636363636364,0.0,0.49227974568574023,0.5077202543142597
3507209,Borá,0.4423076923076923,0.0,0.5576923076923077,0.4423076923076923
3507308,Boracéia,0.2912621359223301,0.0,0.5325704225352113,0.46742957746478875
3507407,Borborema,0.24881516587677724,0.001481042654028436,0.5265173836181497,0.4734826163818503
3507456,Borebi,0.3996815286624204,0.0015923566878980893,0.5110410094637224,0.4889589905362776
3507506,Botucatu,0.2624226636274829,0.0008140670791273201,0.5032883014222309,0.49671169857776915
3507605,Bragança Paulista,0.23582766439909297,0.0005530667551573475,0.5103312021513048,0.4896687978486952
3507704,Braúna,0.3825944170771757,0.03284072249589491,0.5340442986054142,0.46595570139458575
3507753,Brejo Alegre,0.5168,0.0,0.5408805031446541,0.4591194968553459
3507803,Brodowski,0.277007299270073,0.00072992700729927,0.5050100200400801,0.49498997995991983
3507902,Brotas,0.33272428284304767,0.0001827151470856934,0.5034633612832665,0.4965366387167335
3508009,Buri,0.26791277258566976,0.0,0.5225906534807059,0.4774093465192942
3508108,Buritama,0.3257829977628635,0.0002796420581655481,0.5089037284362827,0.4910962715637173
3508207,Buritizal,0.3404710920770878,0.0,0.5201698513800425,0.47983014861995754
3508306,Cabrália Paulista,0.3521739130434783,0.0,0.5259515570934256,0.4740484429065744
3508405,Cabreúva,0.4097455799913756,0.00129366106080207,0.5129653401797176,0.48703465982028243
3508504,Caçapava,0.3097286250653486,0.00028515754954612423,0.5075452954255169,0.4924547045744832
3508603,Cachoeira Paulista,0.35019719842241265,0.0009519923840609275,0.5232794896158545,0.47672051038414553
3508702,Caconde,0.30297978745571996,0.00020837674515524068,0.4984417203407438,0.5015582796592561
3508801,Cafelândia,0.38189074582190075,0.0004988775255674732,0.5128458498023716,0.4871541501976285
3508900,Caiabu,0.4404646660212972,0.0,0.5292987512007685,0.47070124879923153
3509007,Caieiras,0.4241090689446889,0.0013806195530244197,0.5028168408377414,0.49718315916225864
3509106,Caiuá,0.5250996015936255,0.0,0.5554675118858954,0.4445324881141046
3509205,Cajamar,0.4854617223550342,0.0003335742480680491,0.5036496350364964,0.49635036496350365
3509254,Cajati,0.5005033979360685,0.0,0.5047428856714927,0.4952571143285072
3509304,Cajobi,0.35034708044099633,0.0028583095140873828,0.5370521172638436,0.46294788273615634
3509403,Cajuru,0.31359161638615435,0.000476341695776437,0.5080798479087453,0.4919201520912547
3509452,Campina do Monte Alegre,0.3192520775623269,0.0,0.5255172413793103,0.47448275862068967
3509502,Campinas,0.3888799431311636,0.0008640292827378731,0.5035610236143904,0.49643897638560963
3509601,Campo Limpo Paulista,0.3758785204945365,0.0008721079361822192,0.50309542082374,0.4969045791762599
3509700,Campos do Jordão,0.18274978650725876,0.0,0.5017383914084833,0.49826160859151664
3509809,Campos Novos Paulista,0.33969118982742963,0.0,0.5322434150772025,0.4677565849227975
3509908,Cananéia,0.4187041564792176,0.011308068459657702,0.4989351992698509,0.501064800730149
3509957,Canas,0.4358974358974359,0.0,0.5148760330578512,0.48512396694214877
3510005,Cândido Mota,0.24350518239332347,0.000942253331538565,0.5067739771965124,0.4932260228034876
3510104,Cândido Rodrigues,0.19087837837837837,0.0033783783783783786,0.47217537942664417,0.5278246205733558
3510153,Canitar,0.48598130841121495,0.0,0.5071972904318375,0.4928027095681626
3510203,Capão Bonito,0.28321650149061317,0.0005640157924421884,0.5068929795202805,0.4931070204797195
3510302,Capela do Alto,0.2828825108403882,0.001651868676440223,0.5310571781160016,0.46894282188399833
3510401,Capivari,0.3673710771171739,0.0003942595805078063,0.5083385777218377,0.49166142227816234
3510500,Caraguatatuba,0.3746484375,0.0008984375,0.5072801397786838,0.49271986022131625
3510609,Carapicuíba,0.5049286390038961,0.0009663998046855132,0.5006877579092159,0.49931224209078406
3510708,Cardoso,0.44794007490636706,0.0,0.5100222717149221,0.48997772828507796
3510807,Casa Branca,0.3364692047626047,0.0008819638394825813,0.5288334556126192,0.47116654438738076
3510906,Cássia dos Coqueiros,0.30250783699059564,0.0,0.5218068535825545,0.4781931464174455
3511003,Castilho,0.4755368607482843,0.00022138587558113792,0.5154911008569545,0.48450889914304546
3511102,Catanduva,0.2738359633742451,0.0005454899668809663,0.5060961404053739,0.49390385959462607
3511201,Catiguá,0.36087990487514865,0.0,0.5184304399524375,0.4815695600475624
3511300,Cedral,0.19241815048822516,0.0,0.5077275329135661,0.4922724670864339
3511409,Cerqueira César,0.24554455445544554,0.0,0.5134957208689928,0.48650427913100724
3511508,Cerquilho,0.22751589785000503,0.0009084485717169678,0.5105226059812707,0.48947739401872925
3511607,Cesário Lange,0.2569496619083396,0.00025043826696719256,0.5159760359460809,0.4840239640539191
3511706,Charqueada,0.3133300541072307,0.000983767830791933,0.510554737358861,0.4894452626411389
3511904,Clementina,0.45940390544707094,0.0010277492291880781,0.5294117647058824,0.47058823529411764
3512001,Colina,0.4232074191359421,0.002940511196561864,0.5156355455568054,0.4843644544431946
3512100,Colômbia,0.5356234096692112,0.0,0.5175600739371534,0.4824399260628466
3512209,Conchal,0.40563537452922305,0.00013948946854512484,0.5173322240709928,0.4826677759290072
3512308,Conchas,0.20594262295081966,0.0007684426229508197,0.5117707267144319,0.4882292732855681
3512407,Cordeirópolis,0.3093632958801498,0.0005617977528089888,0.511372110365399,0.488627889634601
3512506,Coroados,0.31284046692607004,0.0015564202334630351,0.5015552099533437,0.4984447900466563
3512605,Coronel Macedo,0.3069073783359498,0.002354788069073783,0.5162790697674419,0.48372093023255813
3512704,Corumbataí,0.33067729083665337,0.0,0.5380059230009872,0.46199407699901285
3512803,Cosmópolis,0.4551869682780452,0.00046165006924751037,0.5036060844479413,0.49639391555205875
3512902,Cosmorama,0.24060646011865525,0.0013183915622940012,0.5184210526315789,0.48157894736842105
3513009,Cotia,0.45708158615275624,0.0007275930074482547,0.5044805589307412,0.4955194410692588
3513108,Cravinhos,0.3450568044476674,0.00024172105390379503,0.517353579175705,0.482646420824295
3513207,Cristais Paulista,0.3852748361069087,0.0010085728693898135,0.5080402010050251,0.4919597989949749
3513306,Cruzália,0.30925925925925923,0.001851851851851852,0.5,0.5
3513405,Cruzeiro,0.2844990548204159,0.00010501995379122033,0.506367590797128,0.493632409202872
3513504,Cubatão,0.5944615580043825,0.0018419130490012385,0.5070707070707071,0.49292929292929294
3513603,Cunha,0.3072852354912683,0.0007055918151349444,0.5131949331456721,0.48680506685432795
3513702,Descalvado,0.2771451271186441,0.00039724576271186443,0.5033007657776604,0.4966992342223396
3513801,Diadema,0.525630633709972,0.0007519751555221344,0.5004601063572169,0.4995398936427831
3513850,Dirce Reis,0.3010752688172043,0.0,0.512,0.488
3513900,Divinolândia,0.20439314966492927,0.00037230081906180194,0.49888724035608306,0.5011127596439169
3514007,Dobrada,0.5513442044953724,0.0008814455707360071,0.5370044052863436,0.46299559471365637
3514106,Dois Córregos,0.31227844021914275,0.0,0.5074026392018024,0.4925973607981976
3514205,Dolcinópolis,0.26304347826086955,0.0,0.5695652173913044,0.43043478260869567
3514304,Dourado,0.2292179045745204,0.0,0.5176991150442478,0.4823008849557522
3514403,Dracena,0.32128728750133645,0.00021383513311237036,0.5218260229304723,0.4781739770695277
3514502,Duartina,0.35342368045649075,0.0,0.5122123893805309,0.487787610619469
3514601,Dumont,0.38966923425464434,0.00045310376076121433,0.5099547511312217,0.49004524886877826
3514700,Echaporã,0.4018575851393189,0.0018575851393188853,0.5129950495049505,0.4870049504950495
3514809,Eldorado,0.6151129943502824,0.004001883239171375,0.5153073147931759,0.484692685206824
3514908,Elias Fausto,0.3663551401869159,0.00023364485981308412,0.5366759517177344,0.46332404828226553
3514924,Elisiário,0.21808510638297873,0.0,0.5549668874172186,0.44503311258278144
3514957,Embaúba,0.37362637362637363,0.0018315018315018315,0.5100182149362478,0.4899817850637523
3515004,Embu das Artes,0.5752269294612015,0.0007177999431741711,0.4988116458704694,0.5011883541295306
3515103,Embu-Guaçu,0.45550835127742534,0.0008147587732060757,0.504565946133395,0.495434053866605
3515129,Emilianópolis,0.4291845493562232,0.001430615164520744,0.5119887165021156,0.48801128349788436
3515152,Engenheiro Coelho,0.5187788271469361,0.0010981770261366132,0.5240572171651495,0.4759427828348505
3515186,Espírito Santo do Pinhal,0.21917943648047455,9.886307464162135e-05,0.5015293537247163,0.49847064627528365
3515194,Espírito Santo do Turvo,0.3659574468085106,0.001702127659574468,0.5038167938931297,0.4961832061068702
3515202,Estrela d'Oeste,0.23882224645583425,0.0,0.505971769815418,0.494028230184582
3515301,Estrela do Norte,0.49930651872399445,0.0,0.547455295735901,0.45254470426409904
3515350,Euclides da Cunha Paulista,0.6423716012084593,0.00037764350453172205,0.5082706766917293,0.4917293233082707
3515400,Fartura,0.17659462308908802,0.0002635740643120717,0.49605263157894736,0.5039473684210526
3515509,Fernandópolis,0.24583849222726648,0.000894208281744394,0.5087910590159466,0.49120894098405343
3515608,Fernando Prestes,0.23905723905723905,0.0,0.4920235096557515,0.5079764903442485
3515657,Fernão,0.3835616438356164,0.0,0.5013623978201635,0.4986376021798365
3515707,Ferraz de Vasconcelos,0.5403232439545977,0.0009047540713933213,0.502580380913373,0.4974196190866271
3515806,Flora Rica,0.4765258215962441,0.002347417840375587,0.531615925058548,0.468384074941452
3515905,Floreal,0.21864951768488747,0.0,0.5337620578778135,0.4662379421221865
3516002,Flórida Paulista,0.4230893260238633,0.0009674298613350532,0.536296770067157,0.46370322993284296
3516101,Florínea,0.2669683257918552,0.0,0.506006006006006,0.493993993993994
3516200,Franca,0.32388678784921315,0.0007563742832743687,0.5075858720718534,0.4924141279281466
3516309,Francisco Morato,0.5885636103027407,0.0006298049776310646,0.5080309983548359,0.4919690016451641
3516408,Franco da Rocha,0.506158583525789,0.0013746838227207741,0.5276868521549373,0.47231314784506273
3516507,Gabriel Monteiro,0.3213644524236984,0.0,0.525,0.475
3516606,Gália,0.41366687004270897,0.0018303843807199512,0.5182260024301336,0.48177399756986633
3516705,Garça,0.4127076091154886,0.0006759366550791811,0.5035813198357368,0.4964186801642632
3516804,Gastão Vidigal,0.49169741697416974,0.0,0.591705069124424,0.40829493087557606
3516853,Gavião Peixoto,0.46153846153846156,0.0008271298593879239,0.5103391232423491,0.48966087675765096
3516903,General Salgado,0.34397736459175426,0.0,0.5080256821829856,0.49197431781701445
3517000,Getulina,0.4741747572815534,0.0,0.5381649961449498,0.4618350038550501
3517109,Glicério,0.357207615593835,0.001813236627379873,0.5095022624434389,0.49049773755656106
3517208,Guaiçara,0.45405791919914196,0.0,0.5017755681818182,0.4982244318181818
3517307,Guaimbê,0.5323636363636364,0.0,0.5103202846975089,0.4896797153024911
3517406,Guaíra,0.38972911963882617,0.0003386004514672686,0.5124638326285332,0.4875361673714667
3517505,Guapiaçu,0.34121464997681966,0.0006954102920723226,0.520323325635104,0.4796766743648961
3517604,Guapiara,0.44820554649265903,0.0012234910277324632,0.5042321644498187,0.4957678355501814
3517703,Guará,0.5395357985837923,0.0,0.5092574546871955,0.49074254531280453
3517802,Guaraçaí,0.4217983651226158,0.0,0.49415515409139216,0.5058448459086079
3517901,Guaraci,0.44272445820433437,0.001934984520123839,0.49769408147578786,0.5023059185242121
3518008,Guarani d'Oeste,0.2747747747747748,0.0,0.5413870246085011,0.45861297539149887
3518107,Guarantã,0.4694835680751174,0.0011737089201877935,0.5259475218658892,0.4740524781341108
3518206,Guararapes,0.4166666666666667,0.0008417508417508417,0.5064881281060187,0.4935118718939812
3518305,Guararema,0.33249593616078027,0.0004433279148810403,0.5176056338028169,0.4823943661971831
3518404,Guaratinguetá,0.3206794303913314,0.0004026796500347769,0.5012580680450717,0.49874193195492833
3518503,Guareí,0.2730439442658092,0.0002679528403001072,0.6064171122994653,0.39358288770053473
3518602,Guariba,0.5830756545042259,0.00020614306328592042,0.5143238525515966,0.4856761474484033
3518701,Guarujá,0.5608726706058048,0.0015063956885916498,0.5035315385112015,0.49646846148879853
3518800,Guarulhos,0.49404099252882094,0.0011318094107169363,0.502459553666052,0.49754044633394795
3518859,Guatapará,0.4496300512236767,0.0011383039271485487,0.521667580910587,0.47833241908941304
3518909,Guzolândia,0.43268416596104997,0.0,0.5041946308724832,0.49580536912751677
3519006,Herculândia,0.4822263797942002,0.002806361085126286,0.5213358070500927,0.47866419294990725
3519055,Holambra,0.33897707231040564,0.0003527336860670194,0.5210674157303371,0.4789325842696629
3519071,Hortolândia,0.4870233298978731,0.000768293825541085,0.515564745990052,0.484435254009948
3519105,Iacanga,0.3363338788870704,0.0012274959083469722,0.5372405372405372,0.4627594627594628
3519204,Iacri,0.45633039945836157,0.0,0.5159362549800797,0.48406374501992033
3519253,Iaras,0.452760736196319,0.0006134969325153375,0.6379204892966361,0.3620795107033639
3519303,Ibaté,0.4097157502329916,0.00023299161230195712,0.5233070500927643,0.4766929499072356
3519402,Ibirá,0.2645809192738509,0.0,0.49596619285439875,0.5040338071456012
3519501,Ibirarema,0.2166469893742621,0.0,0.520870076425632,0.479129923574368
3519600,Ibitinga,0.28225437928408226,0.0003046458492003046,0.5097205346294046,0.49027946537059536
3519709,Ibiúna,0.3457219251336898,0.000855614973262032,0.5069440804989256,0.49305591950107436
3519808,Icém,0.502848265147592,0.0005178663904712584,0.5195473251028807,0.48045267489711935
3519907,Iepê,0.2636708175419599,0.0,0.4962243797195254,0.5037756202804746
3520004,Igaraçu do Tietê,0.39504950495049507,0.0004950495049504951,0.5040276179516686,0.49597238204833144
3520103,Igarapava,0.44879605454017985,0.0004351610095735422,0.5177591683511407,0.4822408316488594
3520202,Igaratá,0.3144513826940232,0.0,0.5051088405153266,0.4948911594846735
3520301,Iguape,0.4359645297281582,0.0055240587294664925,0.5086355785837651,0.4913644214162349
3520400,Ilhabela,0.5357914640734738,0.0021609940572663426,0.525630703166935,0.47436929683306495
3520426,Ilha Comprida,0.41770263550472403,0.0,0.4997518610421836,0.5002481389578164
3520442,Ilha Solteira,0.4355952180501768,0.0020205421788179827,0.5078099036224659,0.4921900963775341
3520509,Indaiatuba,0.33895544033216124,0.0006953135864274788,0.513005666614198,0.486994333385802
3520608,Indiana,0.3680266444629475,0.0,0.5195020746887967,0.48049792531120333
3520707,Indiaporã,0.3029940119760479,0.0011976047904191617,0.5047846889952153,0.49521531100478466
3520806,Inúbia Paulista,0.4434389140271493,0.0,0.5190156599552572,0.4809843400447427
3520905,Ipaussu,0.3269230769230769,0.0011312217194570137,0.521015514809591,0.47898448519040904
3521002,Iperó,0.41976579590786256,0.00038605070132544073,0.5449647209749839,0.45503527902501606
3521101,Ipeúna,0.4198895027624309,0.0006138735420503376,0.5355828220858896,0.4644171779141104
3521150,Ipiguá,0.23200757575757575,0.0,0.5255198487712666,0.47448015122873344
3521200,Iporanga,0.7763578274760383,0.001597444089456869,0.48807631160572335,0.5119236883942766
3521309,Ipuã,0.44687162891046384,0.0008090614886731392,0.5180433039294307,0.48195669607056935
3521408,Iracemápolis,0.35507680031917016,0.00039896269698783165,0.5087544767210506,0.49124552327894944
3521507,Irapuã,0.3393246187363834,0.0,0.5649809679173464,0.43501903208265363
3521606,Irapuru,0.5356951154052604,0.0,0.6261879619852164,0.3738120380147835
3521705,Itaberá,0.2517834662190516,0.001049097775912715,0.5080426154167537,0.4919573845832463
3521804,Itaí,0.3029080517734073,0.00016809547823163558,0.5182152406417112,0.4817847593582888
3521903,Itajobi,0.19164619164619165,0.0,0.5274455688439129,0.4725544311560871
3522000,Itaju,0.3562130177514793,0.0,0.5479289940828402,0.45207100591715976
3522109,Itanhaém,0.4576502732240437,0.0036272847182965895,0.5037727890518817,0.4962272109481183
3522158,Itaoca,0.6874279123414071,0.0,0.5397923875432526,0.4602076124567474
3522208,Itapecerica da Serra,0.5466407875967542,0.0012393891915908613,0.5136345703079672,0.4863654296920328
3522307,Itapetininga,0.2406722333791354,0.0005284853609555016,0.5200020958319143,0.47999790416808574
3522406,Itapeva,0.27142561555969374,0.0007448789571694599,0.5044822765030019,0.49551772349699813
3522505,Itapevi,0.5666249635812096,0.000582700646112187,0.5030805727646647,0.4969194272353353
3522604,Itapira,0.2546928327645051,0.0006094588005850804,0.5062298668935756,0.49377013310642437
3522653,Itapirapuã Paulista,0.46187943262411346,0.0,0.4973544973544973,0.5026455026455027
3522703,Itápolis,0.24480369515011546,0.0003149275666596683,0.5055956489906913,0.49440435100930863
3522802,Itaporanga,0.22844827586206898,0.0022988505747126436,0.5150739476678043,0.48492605233219566
3522901,Itapuí,0.3239299610894942,0.0,0.5231316725978647,0.47686832740213525
3523008,Itapura,0.5938903863432166,0.0026954177897574125,0.5414808206958073,0.45851917930419267
3523107,Itaquaquecetuba,0.5917408428099296,0.000506826316956508,0.5019853358263829,0.4980146641736171
3523206,Itararé,0.23165993753332825,0.00030471547192808716,0.5039884524804376,0.4960115475195624
3523305,Itariri,0.5264246323529411,0.00505514705882353,0.49624402458456635,0.5037559754154336
3523404,Itatiba,0.338381013265143,0.000479463001438389,0.5047218474724228,0.4952781525275772
3523503,Itatinga,0.30106048703849175,0.00039277297721916735,0.5235017626321974,0.4764982373678026
3523602,Itirapina,0.382339343504392,0.001155802126675913,0.6205305651672434,0.37946943483275664
3523701,Itirapuã,0.47574039067422813,0.000630119722747322,0.517263025737602,0.482736974262398
3523800,Itobi,0.3712972420837589,0.0005107252298263534,0.5302798982188295,0.46972010178117046
3523909,Itu,0.3127054087793942,0.0004331099844589947,0.5088769402455108,0.4911230597544892
3524006,Itupeva,0.3831268035987099,0.0005092514004413513,0.5168690958164642,0.48313090418353577
3524105,Ituverava,0.369802354465925,0.0007560211685927206,0.5093207628026569,0.490679237197343
3524204,Jaborandi,0.44089834515366433,0.000591016548463357,0.5088235294117647,0.49117647058823527
3524303,Jaboticabal,0.3115816267499711,0.0009834548189286128,0.5046330935251798,0.4953669064748201
3524402,Jacareí,0.3292590945133154,0.0004641537896222949,0.5073556207683603,0.49264437923163973
3524501,Jaci,0.23392226148409895,0.0,0.5081042988019733,0.4918957011980268
3524600,Jacupiranga,0.4784118029941419,0.0015187676285528314,0.5141377077487589,0.4858622922512411
3524709,Jaguariúna,0.3298340062808434,0.0013458950201884253,0.5062433107384945,0.4937566892615055
3524808,Jales,0.23657897291525096,0.0006795456751771673,0.5092805204745503,0.4907194795254497
3524907,Jambeiro,0.2573099415204678,0.0007309941520467836,0.5185995623632386,0.4814004376367615
3525003,Jandira,0.5106502427264621,0.0008256002113536541,0.496316758747698,0.503683241252302
3525102,Jardinópolis,0.34924827305973183,0.0008126777732629012,0.5203853955375254,0.47961460446247467
3525201,Jarinu,0.4175841968911917,0.0008095854922279792,0.5037108744756373,0.4962891255243627
3525300,Jaú,0.26619124797406807,0.0005186385737439222,0.505782027262743,0.4942179727372569
3525409,Jeriquara,0.47769953051643194,0.0011737089201877935,0.5075493612078978,0.4924506387921022
3525508,Joanópolis,0.18133427963094392,0.0007097232079489,0.5184005661712668,0.4815994338287332
3525607,João Ramalho,0.45822339489885666,0.0,0.5052539404553416,0.4947460595446585
3525706,José Bonifácio,0.25936250151496787,0.0,0.5023536511768256,0.49764634882317443
3525805,Júlio Mesquita,0.5520745131244708,0.0,0.4835720303285594,0.5164279696714406
3525854,Jumirim,0.37350993377483444,0.0,0.5171503957783641,0.48284960422163586
3525904,Jundiaí,0.27358569901128077,0.0007688703612489338,0.5088445435786109,0.49115545642138914
3526001,Junqueirópolis,0.3939538205189241,0.0,0.5474572299039138,0.45254277009608623
3526100,Juquiá,0.5147087098634878,0.0005768121515093252,0.5122740247383444,0.48772597526165556
3526209,Juquitiba,0.3934240362811791,0.0012597631645250692,0.5056278139069534,0.4943721860930465
3526308,Lagoinha,0.23011120615911035,0.000855431993156544,0.5277067348678602,0.4722932651321398
3526407,Laranjal Paulista,0.2792617775619233,0.0009713453132588635,0.5050896752302472,0.4949103247697528
3526506,Lavínia,0.4549763033175355,0.000526592943654555,0.6856846473029046,0.31431535269709543
3526605,Lavrinhas,0.3173491379310345,0.0,0.5121163166397416,0.4878836833602585
3526704,Leme,0.3306464879091956,0.00020562592531666392,0.5129843532399443,0.4870156467600557
3526803,Lençóis Paulista,0.33194994253607457,0.0003830928361639637,0.5113679664676744,0.48863203353232565
3526902,Limeira,0.31083494457809985,0.0007379747022272077,0.5033283860633936,0.49667161393660636
3527009,Lindóia,0.2645962732919255,0.0012422360248447205,0.5006188118811881,0.4993811881188119
3527108,Lins,0.3933012076863585,0.0001784758165268606,0.5225738272764633,0.47742617272353666
3527207,Lorena,0.3737160410866852,0.00023999232024575213,0.5072879330943847,0.4927120669056153
3527256,Lourdes,0.34763948497854075,0.002145922746781116,0.5607675906183369,0.43923240938166314
3527306,Louveira,0.39363778298204527,0.0002927400468384075,0.5136766280541225,0.48632337194587755
3527405,Lucélia,0.3250322026620867,0.00021468441391155003,0.5366991938905388,0.46330080610946117
3527504,Lucianópolis,0.3680297397769517,0.0,0.5231910946196661,0.47680890538033394
3527603,Luís Antônio,0.44451164197157544,0.0,0.5254901960784314,0.4745098039215686
3527702,Luiziânia,0.6060836501901141,0.0022813688212927757,0.5155656795747912,0.4844343204252088
3527801,Lupércio,0.4920353982300885,0.0,0.48498233215547704,0.515017667844523
3527900,Lutécia,0.4542728635682159,0.0,0.5163690476190477,0.4836309523809524
3528007,Macatuba,0.39214758751182593,0.0016556291390728477,0.5120510396975425,0.4879489603024575
3528106,Macaubal,0.17364905889496055,0.0,0.5133495145631068,0.4866504854368932
3528205,Macedônia,0.24552429667519182,0.0012787723785166241,0.5316455696202531,0.46835443037974683
3528304,Magda,0.26,0.0,0.5285714285714286,0.4714285714285714
3528403,Mairinque,0.41670380604331936,0.0005348070237989126,0.5091568610103512,0.49084313898964876
3528502,Mairiporã,0.36495425756509503,0.0007037297677691766,0.5268385953458005,0.4731614046541995
3528601,Manduri,0.22129242212924222,0.0,0.5242943081906525,0.4757056918093475
3528700,Marabá Paulista,0.6085329341317365,0.0,0.7089552238805971,0.291044776119403
3528809,Maracaí,0.3311218335343788,0.0015078407720144752,0.5197841726618705,0.4802158273381295
3528858,Marapoama,0.13562091503267973,0.0,0.5147058823529411,0.4852941176470588
3528908,Mariápolis,0.41033434650455924,0.0,0.5176946410515673,0.48230535894843274
3529005,Marília,0.373730890418952,0.0009141478974598359,0.5071754791614913,0.49282452083850875
3529104,Marinópolis,0.31411530815109345,0.0,0.5138888888888888,0.4861111111111111
3529203,Martinópolis,0.385840108401084,0.00016937669376693767,0.5351496804574504,0.46485031954254963
3529302,Matão,0.3411746296682662,0.0005737533903609431,0.5065103491207138,0.4934896508792862
3529401,Mauá,0.46288853161843513,0.001053947838513755,0.5001909193432375,0.49980908065676255
3529500,Mendonça,0.2773333333333333,0.0,0.5163572060123784,0.48364279398762156
3529609,Meridiano,0.24942528735632183,0.0,0.49426605504587157,0.5057339449541285
3529658,Mesópolis,0.3793859649122807,0.0,0.49563318777292575,0.5043668122270742
3529708,Miguelópolis,0.42392996108949416,0.0001945525291828794,0.514981635414653,0.485018364585347
3529807,Mineiros do Tietê,0.33988212180746563,0.0,0.5014720314033366,0.4985279685966634
3529906,Miracatu,0.4935226264418811,0.008518189884649512,0.5063447303489602,0.49365526965103984
3530003,Mira Estrela,0.32362459546925565,0.0,0.5312,0.4688
3530102,Mirandópolis,0.3839381961911606,0.0,0.5298337707786527,0.4701662292213473
3530201,Mirante do Paranapanema,0.5128266602733158,0.0011987532965715656,0.5209566658773384,0.4790433341226616
3530300,Mirassol,0.26283549609091644,0.00048359796888853066,0.5088776411986824,0.4911223588013176
3530409,Mirassolândia,0.35435435435435436,0.001001001001001001,0.5044865403788634,0.4955134596211366
3530508,Mococa,0.3136394962721634,0.0,0.5202344578162998,0.4797655421837002
3530607,Mogi das Cruzes,0.39693571961527846,0.0007461389862730869,0.502438200796512,0.497561799203488
3530706,Mogi Guaçu,0.22474828542244274,0.0006128702757916241,0.5064466369801217,0.49355336301987834
3530805,Mogi Mirim,0.25983180205143164,0.0016528122113655145,0.5090319143784202,0.49096808562157973
3530904,Mombuca,0.4141069397042093,0.0,0.5278725824800911,0.472127417519909
3531001,Monções,0.28837209302325584,0.0,0.5486111111111112,0.4513888888888889
3531100,Mongaguá,0.45423789173789175,0.008992165242165243,0.5213303769401331,0.478669623059867
3531209,Monte Alegre do Sul,0.24447174447174447,0.0006142506142506142,0.5253822629969419,0.4746177370030581
3531308,Monte Alto,0.25957092657665987,0.0002774181616423155,0.5058380068033466,0.4941619931966535
3531407,Monte Aprazível,0.2476170741815168,0.0,0.5080578512396694,0.4919421487603306
3531506,Monte Azul Paulista,0.30513468013468015,0.0006313131313131314,0.5182389937106918,0.4817610062893082
3531605,Monte Castelo,0.3231441048034934,0.0032751091703056767,0.498371335504886,0.501628664495114
3531704,Monteiro Lobato,0.2961847389558233,0.001004016064257028,0.5416248746238717,0.4583751253761284
3531803,Monte Mor,0.49194871030266885,0.0002981959147159684,0.5057513914656772,0.49424860853432284
3531902,Morro Agudo,0.5348189415041783,0.0012661433274246644,0.5179422835633626,0.4820577164366374
3532009,Morungaba,0.3738008600727754,0.0006615944426066821,0.5072607260726073,0.49273927392739275
3532058,Motuca,0.46831955922865015,0.0,0.4963436928702011,0.5036563071297989
3532108,Murutinga do Sul,0.4034285714285714,0.0,0.502844141069397,0.49715585893060293
3532157,Nantes,0.5609756097560976,0.0,0.5094594594594595,0.4905405405405405
3532207,Narandiba,0.528169014084507,0.002640845070422535,0.4716981132075472,0.5283018867924528
3532306,Natividade da Serra,0.24120281509916827,0.0012795905310300703,0.5168682367918523,0.48313176320814766
3532405,Nazaré Paulista,0.2860861334595362,0.001419782300047326,0.517550058892815,0.4824499411071849
3532504,Neves Paulista,0.24050632911392406,0.0,0.5085118066996156,0.4914881933003844
3532603,Nhandeara,0.2052304964539007,0.0,0.516829052258636,0.48317094774136404
3532702,Nipoã,0.41757246376811596,0.0,0.5262681159420289,0.473731884057971
3532801,Nova Aliança,0.22660818713450293,0.0,0.4974545454545454,0.5025454545454545
3532827,Nova Campina,0.3145770392749245,0.0,0.5114877589453861,0.48851224105461394
3532843,Nova Canaã Paulista,0.33980582524271846,0.0024271844660194173,0.5193236714975845,0.4806763285024155
3532868,Nova Castilho,0.34444444444444444,0.0,0.48148148148148145,0.5185185185185185
3532900,Nova Europa,0.43037442153975597,0.0,0.49937054133445236,0.5006294586655476
3533007,Nova Granada,0.39001887188089746,0.0,0.514273807043134,0.48572619295686603
3533106,Nova Guataporanga,0.28274428274428276,0.002079002079002079,0.520746887966805,0.47925311203319504
3533205,Nova Independência,0.4858974358974359,0.0,0.5227848101265823,0.4772151898734177
3533254,Novais,0.5449056603773584,0.0,0.5374812593703149,0.4625187406296852
3533304,Nova Luzitânia,0.47139303482587064,0.0,0.5510455104551045,0.4489544895448955
3533403,Nova Odessa,0.2886919022520364,0.0009583133684714902,0.5125963601684813,0.48740363983151874
3533502,Novo Horizonte,0.24913254684247052,0.00034698126301179735,0.5087739552066497,0.49122604479335025
3533601,Nuporanga,0.23577235772357724,0.0,0.5118702953097858,0.4881297046902142
3533700,Ocauçu,0.38461538461538464,0.0,0.5215723873441994,0.4784276126558006
3533809,Óleo,0.19047619047619047,0.0,0.5245901639344263,0.47540983606557374
3533908,Olímpia,0.33273930753564157,0.0005940257976917854,0.5066711704104037,0.49332882958959634
3534005,Onda Verde,0.47194388777555113,0.001002004008016032,0.535,0.465
3534104,Oriente,0.4752877454299255,0.0,0.5030384875084403,0.49696151249155973
3534203,Orindiúva,0.4677740863787375,0.0026578073089701,0.4980392156862745,0.5019607843137255
3534302,Orlândia,0.4264324216410461,0.0008983829107606308,0.5021429283364895,0.4978570716635104
3534401,Osasco,0.4447909797841184,0.0007722787569876376,0.5001473101172589,0.4998526898827411
3534500,Oscar Bressane,0.35687732342007433,0.0018587360594795538,0.44789762340036565,0.5521023765996343
3534609,Osvaldo Cruz,0.3877747252747253,0.00013736263736263736,0.554028307022319,0.445971692977681
3534708,Ourinhos,0.30871136089923723,0.0008028904054596548,0.5055451762928808,0.4944548237071193
3534757,Ouroeste,0.38311068702290074,0.0,0.48699763593380613,0.5130023640661938
3534807,Ouro Verde,0.5381891755184623,0.0,0.5052950075642966,0.4947049924357035
3534906,Pacaembu,0.4527767951892466,0.0,0.6028295376121463,0.3971704623878537
3535002,Palestina,0.3470749901845308,0.00039261876717707107,0.5080172076652327,0.4919827923347673
3535101,Palmares Paulista,0.52,0.0,0.542972385975799,0.45702761402420106
3535200,Palmeira d'Oeste,0.3038099950519545,0.0,0.51171875,0.48828125
3535309,Palmital,0.23145277949989668,0.0,0.505664263645726,0.49433573635427397
3535408,Panorama,0.45535248041775456,0.002349869451697128,0.5083160083160083,0.4916839916839917
3535507,Paraguaçu Paulista,0.39553656220322886,0.0011396011396011395,0.5097965335342879,0.4902034664657121
3535606,Paraibuna,0.24131232462767105,0.0006475285991797971,0.5099721209521767,0.4900278790478233
3535705,Paraíso,0.25,0.0007183908045977011,0.5362526920315865,0.4637473079684135
3535804,Paranapanema,0.31479192418623814,0.00041203131437989287,0.5090237899917965,0.49097621000820346
3535903,Paranapuã,0.3275663206459054,0.0,0.5286839145106862,0.47131608548931386
3536000,Parapuã,0.39486552567237165,0.00040749796251018743,0.5387394620634284,0.4612605379365717
3536109,Pardinho,0.2930800542740841,0.0,0.5172413793103449,0.4827586206896552
3536208,Pariquera-Açu,0.42839854780153286,0.004840661557079467,0.497790277219767,0.502209722780233
3536257,Parisi,0.3013392857142857,0.002232142857142857,0.5233853006681515,0.4766146993318486
3536307,Patrocínio Paulista,0.43526584559927906,0.0009011715229798738,0.5110513739545998,0.48894862604540024
3536406,Paulicéia,0.47051816557474685,0.0005955926146515784,0.5319526627218935,0.4680473372781065
3536505,Paulínia,0.3978668232300993,0.0008806693086745927,0.5116109952974257,0.4883890047025743
3536570,Paulistânia,0.2943820224719101,0.0,0.5299334811529933,0.4700665188470067
3536604,Paulo de Faria,0.527493010251631,0.0009319664492078285,0.5108545034642032,0.48914549653579675
3536703,Pederneiras,0.3680739994504991,0.0003663339133620295,0.5108209295954708,0.4891790704045293
3536802,Pedra Bela,0.19762569832402235,0.0,0.5226165622825331,0.47738343771746694
3536901,Pedranópolis,0.16666666666666666,0.0,0.5213178294573644,0.4786821705426357
3537008,Pedregulho,0.4195770966975529,0.00023758612497030174,0.5237079184447605,0.47629208155523944
3537107,Pedreira,0.30205972208534543,0.0007884103675963339,0.5053066037735849,0.4946933962264151
3537156,Pedrinhas Paulista,0.27534246575342464,0.005479452054794521,0.5210884353741496,0.47891156462585033
3537206,Pedro de Toledo,0.5034615384615385,0.0007692307692307692,0.4959969500571864,0.5040030499428135
3537305,Penápolis,0.30080401268717266,0.00029505052740281775,0.5062687880343134,0.49373121196568664
3537404,Pereira Barreto,0.5154326193287232,0.0005059875189745319,0.5118577075098815,0.4881422924901186
3537503,Pereiras,0.22942113648433352,0.0,0.5301587301587302,0.46984126984126984
3537602,Peruíbe,0.4703691161530647,0.008195055875380969,0.5024878967186659,0.49751210328133405
3537701,Piacatu,0.42287029930928627,0.0007674597083653108,0.5,0.5
3537800,Piedade,0.21260908817333735,0.0010532651218778213,0.5110326566637247,0.4889673433362754
3537909,Pilar do Sul,0.24517708033400518,0.00028793550244745177,0.509447165850245,0.4905528341497551
3538006,Pindamonhangaba,0.3772417243831143,0.0009217075290337872,0.5033091793758339,0.49669082062416614
3538105,Pindorama,0.27935687625610106,0.0002871088142405972,0.5292096219931272,0.47079037800687284
3538204,Pinhalzinho,0.22480127186009538,0.0003179650238473768,0.514575411913815,0.48542458808618505
3538303,Piquerobi,0.44642857142857145,0.0,0.5284360189573459,0.471563981042654
3538501,Piquete,0.3725778038755138,0.0,0.5166959578207382,0.4833040421792619
3538600,Piracaia,0.2696859712797854,0.0011046236389458735,0.5136954139928002,0.4863045860071999
3538709,Piracicaba,0.33257684931973175,0.0005446684897931394,0.5085231762660586,0.4914768237339414
3538808,Piraju,0.17114914425427874,0.00014382281029771322,0.507098809694536,0.4929011903054639
3538907,Pirajuí,0.36074832333215673,0.00017649135192375574,0.5986969536890298,0.40130304631097025
3539004,Pirangi,0.2735499794323324,0.0,0.5200655200655201,0.4799344799344799
3539103,Pirapora do Bom Jesus,0.5535637149028078,0.0010799136069114472,0.5039742212674544,0.49602577873254566
3539202,Pirapozinho,0.44274077623382846,0.0004791566842357451,0.4982736974262398,0.5017263025737602
3539301,Pirassununga,0.30863005431502716,0.000663850331925166,0.5095372766111078,0.49046272338889224
3539400,Piratininga,0.3026315789473684,0.001422475106685633,0.5314487632508834,0.4685512367491166
3539509,Pitangueiras,0.4836520666255398,0.0005140859551717047,0.5157335512872906,0.48426644871270946
3539608,Planalto,0.26330027051397653,0.0,0.5076507650765076,0.49234923492349236
3539707,Platina,0.36086404066073696,0.005082592121982211,0.5355329949238579,0.46446700507614214
3539806,Poá,0.4793293363078639,0.0005925822643614055,0.4997398091934085,0.5002601908065915
3539905,Poloni,0.2973856209150327,0.0008169934640522876,0.49225753871230643,0.5077424612876935
3540002,Pompéia,0.43713481930318115,0.00043280675178532783,0.5094741324249521,0.4905258675750479
3540101,Pongaí,0.19689119170984457,0.0,0.5297927461139896,0.47020725388601037
3540200,Pontal,0.575139146567718,0.0008834702712253732,0.5222056107642248,0.4777943892357752
3540259,Pontalinda,0.4795821462488129,0.0,0.5520833333333334,0.4479166666666667
3540309,Pontes Gestal,0.2685810810810811,0.0,0.5143338954468802,0.4856661045531197
3540408,Populina,0.32638164754953075,0.0010427528675703858,0.5316718587746625,0.4683281412253375
3540507,Porangaba,0.24705882352941178,0.0,0.5091836734693878,0.49081632653061225
3540606,Porto Feliz,0.28320421691558184,0.0007187924287197508,0.5108349267049076,0.4891650732950924
3540705,Porto Ferreira,0.3617635270541082,0.0004809619238476954,0.5101175717827722,0.4898824282172279
3540754,Potim,0.4264033644176266,0.00018284878405558602,0.5812511398869232,0.41874886011307677
3540804,Potirendaba,0.2800794551645857,0.0,0.5338239456552505,0.4661760543447495
3540853,Pracinha,0.4308176100628931,0.0,0.7974947807933194,0.20250521920668058
3540903,Pradópolis,0.3972632493483927,0.0,0.5181088700932552,0.48189112990674476
3541000,Praia Grande,0.4773729222812456,0.0012618198245914665,0.5014309803375566,0.4985690196624433
3541059,Pratânia,0.32134659525631215,0.0,0.5443425076452599,0.45565749235474007
3541109,Presidente Alves,0.3638151425762045,0.0,0.5122669283611384,0.48773307163886165
3541208,Presidente Bernardes,0.31284552845528457,0.0003252032520325203,0.5185659411011524,0.4814340588988476
3541307,Presidente Epitácio,0.4954682779456193,0.0009745638826625085,0.5043369313801079,0.49566306861989207
3541406,Presidente Prudente,0.36584090053144747,0.0011716951918650876,0.5027802763921825,0.49721972360781747
3541505,Presidente Venceslau,0.38856322526618015,0.00023926306974518484,0.5111500291885581,0.48884997081144194
3541604,Promissão,0.3859450909501751,0.00033894475200542314,0.5144716176800539,0.48552838231994616
3541653,Quadra,0.21224489795918366,0.0,0.5149456521739131,0.485054347826087
3541703,Quatá,0.46775184275184273,0.0015356265356265355,0.5108463183623587,0.4891536816376413
3541802,Queiroz,0.5918367346938775,0.0,0.5331529093369418,0.4668470906630582
3541901,Queluz,0.5036470996873914,0.0,0.5105792577176552,0.4894207422823448
3542008,Quintana,0.4645987862440998,0.0,0.4983255190890824,0.5016744809109176
3542107,Rafard,0.3267790262172285,0.0,0.48877455565949485,0.5112254443405051
3542206,Rancharia,0.39469556537858264,0.0012833309567945245,0.5056705415367168,0.49432945846328324
3542305,Redenção da Serra,0.25902335456475584,0.0010615711252653928,0.5095137420718816,0.4904862579281184
3542404,Regente Feijó,0.3870153704978206,0.0006882312456985547,0.5102871354284423,0.48971286457155777
3542503,Reginópolis,0.45351043643263755,0.0,0.7789992418498862,0.22100075815011372
3542602,Registro,0.3936615651169506,0.0012272596015015882,0.5056926667138109,0.4943073332861891
3542701,Restinga,0.4428954423592493,0.0010723860589812334,0.48796147672552165,0.5120385232744783
3542800,Ribeira,0.41211401425178146,0.0,0.5273159144893111,0.47268408551068886
3542909,Ribeirão Bonito,0.4969927192149414,0.0015827793605571383,0.5070910809959029,0.49290891900409706
3543006,Ribeirão Branco,0.33946793002915454,0.0012755102040816326,0.5086035138561855,0.49139648614381454
3543105,Ribeirão Corrente,0.524214103653356,0.0,0.5433866891322662,0.45661331086773377
3543204,Ribeirão do Sul,0.2998102466793169,0.0,0.5047348484848485,0.4952651515151515
3543238,Ribeirão dos Índios,0.43248945147679324,0.0,0.4989561586638831,0.5010438413361169
3543253,Ribeirão Grande,0.2309278350515464,0.0005154639175257732,0.49846625766871167,0.5015337423312883
3543303,Ribeirão Pires,0.3812897888717045,0.0008632161996906809,0.5075281860996147,0.4924718139003853
3543402,Ribeirão Preto,0.3432458951153073,0.0008576858948408478,0.5024911855592916,0.49750881444070844
3543501,Riversul,0.3044914134742404,0.0,0.4976897689768977,0.5023102310231023
3543600,Rifaina,0.3745173745173745,0.0,0.5377720870678617,0.4622279129321383
3543709,Rincão,0.4533333333333333,0.001851851851851852,0.5116193286610107,0.4883806713389893
3543808,Rinópolis,0.3785900783289817,0.0004351610095735422,0.5371650821089023,0.46283491789109765
3543907,Rio Claro,0.2923306435207161,0.0009945525643633734,0.5038461538461538,0.49615384615384617
3544004,Rio das Pedras,0.39031007751937985,0.00025839793281653745,0.5174052665382145,0.4825947334617855
3544103,Rio Grande da Serra,0.5524493031795042,0.0009179671200867896,0.5015351423118414,0.4984648576881587
3544202,Riolândia,0.49981067777357063,0.0,0.5514650638617581,0.4485349361382419
3544251,Rosana,0.49297317028654863,0.0010950903449534588,0.5159304851556843,0.4840695148443157
3544301,Roseira,0.40824742268041236,0.0004123711340206186,0.5160361842105263,0.4839638157894737
3544400,Rubiácea,0.5036179450072359,0.0,0.5164520743919886,0.48354792560801146
3544509,Rubinéia,0.32038834951456313,0.0,0.5064102564102564,0.4935897435897436
3544608,Sabino,0.39886271324126726,0.0008123476848090983,0.5247766043866775,0.4752233956133225
3544707,Sagres,0.45454545454545453,0.0,0.49658703071672355,0.5034129692832765
3544806,Sales,0.2680497925311203,0.0,0.52191894127378,0.47808105872622003
3544905,Sales Oliveira,0.2587920489296636,0.00038226299694189603,0.5258555133079847,0.4741444866920152
3545001,Salesópolis,0.2136731193334967,0.000490075961774075,0.5010972933430871,0.49890270665691294
3545100,Salmourão,0.5420482930890924,0.0008326394671107411,0.5120331950207468,0.4879668049792531
3545159,Saltinho,0.16420664206642066,0.0,0.5088902513795218,0.49110974862047824
3545209,Salto,0.3260204269754065,0.0004055897643892187,0.5102063293927601,0.4897936706072399
3545308,Salto de Pirapora,0.30426979028906104,0.0015114301908180617,0.5080228957492727,0.4919771042507272
3545407,Salto Grande,0.32371332371332373,0.000481000481000481,0.49520613614573344,0.5047938638542665
3545506,Sandovalina,0.5740932642487047,0.007253886010362694,0.4974721941354904,0.5025278058645096
3545605,Santa Adélia,0.32237416351469306,0.0008728542333430317,0.5170915411355735,0.4829084588644264
3545704,Santa Albertina,0.3154523618895116,0.0,0.5286624203821656,0.4713375796178344
3545803,Santa Bárbara d'Oeste,0.30255675457842657,0.0004701562709891192,0.5082029334403281,0.49179706655967187
3546009,Santa Branca,0.3018978102189781,0.0017518248175182481,0.5157068062827225,0.48429319371727747
3546108,Santa Clara d'Oeste,0.3163265306122449,0.006122448979591836,0.5469387755102041,0.4530612244897959
3546207,Santa Cruz da Conceição,0.22006472491909385,0.0,0.49245689655172414,0.5075431034482759
3546256,Santa Cruz da Esperança,0.2919847328244275,0.0,0.5219047619047619,0.4780952380952381
3546306,Santa Cruz das Palmeiras,0.4809421299227555,0.0006331518298087882,0.5103404791929382,0.48965952080706177
3546405,Santa Cruz do Rio Pardo,0.2485044155350869,0.00028487323141202165,0.5024104357689763,0.49758956423102374
3546504,Santa Ernestina,0.497131931166348,0.0,0.5238701464035647,0.4761298535964354
3546603,Santa Fé do Sul,0.27759448110377927,0.0007498500299940012,0.495850622406639,0.504149377593361
3546702,Santa Gertrudes,0.37035132819194516,0.00017137960582690659,0.5143687991789258,0.48563120082107425
3546801,Santa Isabel,0.31630633373934225,0.000989646772228989,0.5161753590325019,0.4838246409674981
3546900,Santa Lúcia,0.44698275862068965,0.0,0.5120481927710844,0.4879518072289157
3547007,Santa Maria da Serra,0.44414353419092756,0.0,0.510148849797023,0.489851150202977
3547106,Santa Mercedes,0.46771879483500717,0.0028694404591104736,0.5297450424929179,0.4702549575070821
3547205,Santana da Ponte Pensa,0.215625,0.0,0.5375,0.4625
3547304,Santana de Parnaíba,0.45427367848892514,0.00040766408479412964,0.5068059299191374,0.4931940700808625
3547403,Santa Rita d'Oeste,0.1926782273603083,0.0,0.5285171102661597,0.4714828897338403
3547502,Santa Rita do Passa Quatro,0.3015761821366025,0.0010507880910683013,0.4952846664338107,0.5047153335661894
3547601,Santa Rosa de Viterbo,0.40303232255914695,0.0003332222592469177,0.499086530476665,0.500913469523335
3547650,Santa Salete,0.21548821548821548,0.0,0.5656565656565656,0.43434343434343436
3547700,Santo Anastácio,0.383902840675175,0.001440922190201729,0.503257328990228,0.496742671009772
3547809,Santo André,0.3290123819407729,0.0006984015090694289,0.5046819565343829,0.4953180434656172
3547908,Santo Antônio da Alegria,0.29731457800511507,0.0,0.5162110616656072,0.4837889383343929
3548005,Santo Antônio de Posse,0.3450886262924668,0.001292466765140325,0.514548802946593,0.485451197053407
3548054,Santo Antônio do Aracanguá,0.5265370467682606,0.0005254860746190226,0.5088912133891214,0.49110878661087864
3548104,Santo Antônio do Jardim,0.24032140248356465,0.0014609203798392988,0.5305676855895196,0.46943231441048033
3548203,Santo Antônio do Pinhal,0.17309941520467836,0.0005847953216374269,0.5127314814814815,0.48726851851851855
3548302,Santo Expedito,0.5,0.0015527950310559005,0.5279503105590062,0.4720496894409938
3548401,Santópolis do Aguapeí,0.5284837861524978,0.0008764241893076249,0.5051813471502591,0.4948186528497409
3548500,Santos,0.32071876823415935,0.001107446086428427,0.5014884819846427,0.49851151801535737
3548609,São Bento do Sapucaí,0.16767189384800965,0.0,0.5152365677626303,0.4847634322373697
3548708,São Bernardo do Campo,0.3921032098658402,0.00088320076291207,0.5035120029123926,0.4964879970876073
3548807,São Caetano do Sul,0.15768935962650688,0.0003484077764615706,0.504106388096629,0.495893611903371
3548906,São Carlos,0.30643735588009224,0.0010953112990007687,0.513854433036907,0.486145566963093
3549003,São Francisco,0.2940226171243942,0.0016155088852988692,0.5080385852090032,0.4919614147909968
3549102,São João da Boa Vista,0.22784010112182018,0.0008426818349396956,0.507778828970882,0.49222117102911805
3549201,São João das Duas Pontes,0.2605177993527508,0.0,0.5250403877221325,0.47495961227786754
3549250,São João de Iracema,0.45057471264367815,0.0,0.503448275862069,0.496551724137931
3549300,São João do Pau d'Alho,0.29004329004329005,0.0,0.5346320346320347,0.4653679653679654
3549409,São Joaquim da Barra,0.43233383753002935,0.0012456624254826942,0.5030549898167006,0.4969450101832994
3549508,São José da Bela Vista,0.48079413034095814,0.0,0.5144210073181231,0.4855789926818769
3549607,São José do Barreiro,0.34271844660194173,0.0048543689320388345,0.512621359223301,0.487378640776699
3549706,São José do Rio Pardo,0.3018808777429467,0.00015673981191222572,0.5081723625557206,0.4918276374442793
3549805,São José do Rio Preto,0.25891079360217056,0.0005579502439664793,0.5029806825708795,0.4970193174291206
3549904,São José dos Campos,0.29788041758937045,0.0007529262891490035,0.5063326819001804,0.4936673180998196
3549953,São Lourenço da Serra,0.40652975250131645,0.0,0.5193355826628601,0.4806644173371399
3550001,São Luiz do Paraitinga,0.22110162916989914,0.0,0.5091049980627663,0.4908950019372336
3550100,São Manuel,0.33319476200374143,0.00020785699438786114,0.5002070393374741,0.4997929606625259
3550209,São Miguel Arcanjo,0.29754637941352485,0.000718132854578097,0.5090142823694686,0.4909857176305315
3550308,São Paulo,0.4349135018575849,0.0011939201392568608,0.4991363564682199,0.50086364353178
3550407,São Pedro,0.2819418511603094,0.00040010669511869834,0.506576325229175,0.49342367477082505
3550506,São Pedro do Turvo,0.29155313351498635,0.0,0.4926987560843699,0.50730124391563
3550605,São Roque,0.36093251790288017,0.0006795253776592965,0.5022605622823884,0.4977394377176116
3550704,São Sebastião,0.497763611125392,0.0055010025191506865,0.5074672667757774,0.4925327332242226
3550803,São Sebastião da Grama,0.3507560815253123,0.0003287310979618672,0.5113226124056449,0.4886773875943551
3550902,São Simão,0.3634850166481687,0.0,0.4955727725511898,0.5044272274488102
3551009,São Vicente,0.5008362511881986,0.0009264941221769003,0.5034967547242114,0.49650324527578854
3551108,Sarapuí,0.31174957118353347,0.0,0.5190033783783784,0.4809966216216216
3551207,Sarutaiá,0.24702058504875407,0.0010834236186348862,0.5285252960172229,0.4714747039827772
3551306,Sebastianópolis do Sul,0.30966767371601206,0.0,0.5151057401812689,0.48489425981873113
3551405,Serra Azul,0.4420116318850496,0.0,0.5916212534059946,0.40837874659400547
3551504,Serrana,0.5304347826086957,0.00018306636155606407,0.508308984660336,0.491691015339664
3551603,Serra Negra,0.2386973843755413,0.0008661008141347653,0.5019878997407087,0.49801210025929127
3551702,Sertãozinho,0.46013926389086257,0.000497371038794941,0.5107000106115808,0.48929998938841923
3551801,Sete Barras,0.4942630185348632,0.015298617240364814,0.5122377622377622,0.48776223776223776
3551900,Severínia,0.49450292397660817,0.0011695906432748538,0.5302748020493712,0.4697251979506288
3552007,Silveiras,0.33662714097496704,0.0032938076416337285,0.5111256544502618,0.48887434554973824
3552106,Socorro,0.14404055390702275,0.00012363996043521266,0.5054850240354986,0.4945149759645014
3552205,Sorocaba,0.2759603157873263,0.0008703871182706496,0.5070562070359886,0.4929437929640113
3552304,Sud Mennucci,0.4743935309973046,0.0,0.5069667738478028,0.4930332261521972
3552403,Sumaré,0.4489547424017205,0.0005376514121256206,0.50766861524923,0.49233138475077
3552502,Suzano,0.49172823983159797,0.0009889380218414026,0.506814404432133,0.49318559556786706
3552551,Suzanápolis,0.46265060240963857,0.0,0.5366146458583433,0.46338535414165666
3552601,Tabapuã,0.26459293394777267,0.0007680491551459293,0.5065184049079755,0.49348159509202455
3552700,Tabatinga,0.37170263788968827,0.0015987210231814548,0.5325771564231073,0.4674228435768926
3552809,Taboão da Serra,0.5264495804871963,0.0008265493902248839,0.4978593839353333,0.5021406160646666
3552908,Taciba,0.46997206703910616,0.0006983240223463687,0.5093945720250522,0.4906054279749478
3553005,Taguaí,0.17690575747828885,0.0,0.5197178582879128,0.4802821417120872
3553104,Taiaçu,0.3256113256113256,0.0,0.5394990366088632,0.4605009633911368
3553203,Taiúva,0.22993827160493827,0.0007716049382716049,0.5158057054741712,0.48419429452582885
3553302,Tambaú,0.39008735960064184,0.00017828489926903192,0.5050684687889028,0.4949315312110973
3553401,Tanabi,0.28215537922125855,0.0007381435689241557,0.5164734032762747,0.4835265967237254
3553500,Tapiraí,0.4077981651376147,0.003211009174311927,0.5089686098654709,0.4910313901345291
3553609,Tapiratiba,0.39769025762511107,0.0002961208172934557,0.5050177095631642,0.4949822904368359
3553658,Taquaral,0.323397913561848,0.0,0.5259259259259259,0.4740740740740741
3553708,Taquaritinga,0.37459929781712714,0.0003052969012364525,0.5100569259962049,0.48994307400379505
3553807,Taquarituba,0.28343174713442165,0.0005210142410559222,0.5053319573443412,0.4946680426556588
3553856,Taquarivaí,0.21301020408163265,0.0,0.5041374920432845,0.4958625079567155
3553906,Tarabai,0.5280833815865663,0.0005790387955993051,0.501994301994302,0.498005698005698
3553955,Tarumã,0.41320365458296493,0.0002947244326554671,0.5171705312591723,0.4828294687408277
3554003,Tatuí,0.2073004239419415,0.00035927283178846016,0.5057405486605386,0.49425945133946136
3554102,Taubaté,0.24444927221377363,0.0009848649431530162,0.508210417146808,0.49178958285319196
3554201,Tejupá,0.2808219178082192,0.0,0.5246025738077215,0.4753974261922786
3554300,Teodoro Sampaio,0.5387330157049586,0.0003529204164460914,0.4949406838799721,0.505059316120028
3554409,Terra Roxa,0.3591779542269967,0.00046707146193367583,0.5240963855421686,0.4759036144578313
3554508,Tietê,0.3017543859649123,0.0007675438596491228,0.5165628074778615,0.4834371925221384
3554607,Timburi,0.22778675282714056,0.0,0.535483870967742,0.4645161290322581
3554656,Torre de Pedra,0.2333965844402277,0.0,0.5359848484848485,0.4640151515151515
3554706,Torrinha,0.21612200435729848,0.0,0.5060922541340296,0.4939077458659704
3554755,Trabiju,0.501187648456057,0.0,0.4882075471698113,0.5117924528301887
3554805,Tremembé,0.26900866217516844,0.0007699711260827719,0.5405379534794678,0.4594620465205322
3554904,Três Fronteiras,0.29942575881870387,0.0,0.5179738562091504,0.4820261437908497
3554953,Tuiuti,0.2782348541510845,0.0,0.5145413870246085,0.4854586129753915
3555000,Tupã,0.3650851670443746,0.0020469332553549238,0.5157773952954676,0.48422260470453243
3555109,Tupi Paulista,0.22352535357019662,0.00034494653328734045,0.5226885022176732,0.47731149778232684
3555208,Turiúba,0.2301980198019802,0.0,0.5541871921182266,0.4458128078817734
3555307,Turmalina,0.16326530612244897,0.0,0.5056433408577878,0.49435665914221216
3555356,Ubarana,0.36370209689081706,0.0,0.5200286123032904,0.4799713876967096
3555406,Ubatuba,0.4595921090250643,0.005050986371866959,0.5019620821710558,0.49803791782894424
3555505,Ubirajara,0.36168307967770813,0.0008952551477170994,0.5156669650850493,0.4843330349149508
3555604,Uchoa,0.3098145635459068,0.0004522840343735866,0.5178329571106095,0.4821670428893905
3555703,União Paulista,0.42857142857142855,0.0,0.5158730158730159,0.48412698412698413
3555802,Urânia,0.2934609250398724,0.000531632110579479,0.5052192066805845,0.49478079331941544
3555901,Uru,0.15570934256055363,0.0,0.5501730103806228,0.44982698961937717
3556008,Urupês,0.2027552101730837,0.0,0.5162085976039464,0.48379140239605356
3556107,Valentim Gentil,0.31985428051001824,0.0,0.498731424429141,0.501268575570859
3556206,Valinhos,0.23140427978806424,0.00036965539902246685,0.5078536167435029,0.49214638325649707
3556305,Valparaíso,0.5564793059822881,0.0007229351165732876,0.5333094555873925,0.46669054441260743
3556354,Vargem,0.25616438356164384,0.0,0.5084282460136674,0.49157175398633257
3556404,Vargem Grande do Sul,0.330120232172471,0.0005182421227197347,0.5065646645301354,0.49343533546986457
3556453,Vargem Grande Paulista,0.4261588214157384,0.0006288178224937119,0.5074851625476127,0.4925148374523873
3556503,Várzea Paulista,0.3956361634029666,0.00044739649654128094,0.5029490432754955,0.4970509567245045
3556602,Vera Cruz,0.45569136745607336,0.0003819709702062643,0.512,0.488
3556701,Vinhedo,0.30990714142561293,0.0016033135145968336,0.5072723650129508,0.4927276349870492
3556800,Viradouro,0.35115511551155115,0.0,0.5128261346196009,0.48717386538039903
3556909,Vista Alegre do Alto,0.4581759309228278,0.0010793308148947653,0.5195082843399251,0.4804917156600748
3556958,Vitória Brasil,0.37163814180929094,0.0,0.4854368932038835,0.5145631067961165
3557006,Votorantim,0.2657694962042788,0.0006901311249137336,0.5036270498848283,0.49637295011517174
3557105,Votuporanga,0.24741521918941273,0.0005169561621174524,0.5096751013704255,0.4903248986295745
3557154,Zacarias,0.3464566929133858,0.0,0.5251937984496124,0.4748062015503876
3557204,Chavantes,0.34050297816015884,0.0,0.5104063429137761,0.489593657086224
3557303,Estiva Gerbi,0.22503782148260212,0.0018910741301059002,0.49660377358490565,0.5033962264150943
4100103,Abatiá,0.3213228035538006,0.021224086870681145,0.49975357318876296,0.5002464268112371
4100202,Adrianópolis,0.5327156919513607,0.0023161551823972205,0.5309988518943742,0.4690011481056257
4100301,Agudos do Sul,0.22543859649122808,0.0021929824561403508,0.5175438596491229,0.4824561403508772
4100400,Almirante Tamandaré,0.36854381872709097,0.0011996001332889037,0.5032202377000199,0.49677976229998005
4100459,Altamira do Paraná,0.5426356589147286,0.0103359173126615,0.5338474721508141,0.4661525278491859
4100509,Altônia,0.3887884267631103,0.0006027727546714888,0.5049049049049049,0.4950950950950951
4100608,Alto Paraná,0.44560185185185186,0.0005787037037037037,0.5084697100200977,0.4915302899799024
4100707,Alto Piquiri,0.5504898266767144,0.0007535795026375283,0.5185185185185185,0.48148148148148145
4100806,Alvorada do Sul,0.4238205723124517,0.0007733952049497294,0.513482280431433,0.48651771956856704
4100905,Amaporã,0.621859296482412,0.000628140703517588,0.52125,0.47875
4101002,Ampére,0.21249477643125783,0.0006268282490597576,0.5093283582089553,0.4906716417910448
4101051,Anahy,0.4610027855153203,0.0,0.5194986072423399,0.4805013927576602
4101101,Andirá,0.30043451272501553,0.0008276432857438444,0.4957948717948718,0.5042051282051282
4101150,Ângulo,0.391304347826087,0.0,0.5041551246537396,0.49584487534626037
4101200,Antonina,0.3176756428426807,0.003037052034824863,0.5057494452289691,0.49425055477103086
4101309,Antônio Olinto,0.2544188537761114,0.0,0.508537886872999,0.49146211312700105
4101408,Apucarana,0.3500822097994081,0.0009865175928970734,0.5048247181519867,0.49517528184801324
4101507,Arapongas,0.26996612281453214,0.0008177251664654803,0.5052777563756838,0.4947222436243162
4101606,Arapoti,0.35490605427974947,0.0009742519137091162,0.5012479201331115,0.4987520798668885
4101655,Arapuã,0.35494505494505496,0.0,0.5049288061336255,0.4950711938663746
4101705,Araruna,0.34044393196886713,0.0002882675122513693,0.525847214244687,0.47415278575531306
4101804,Araucária,0.32075696262794573,0.0011009283503927636,0.506706452375325,0.49329354762467503
4101853,Ariranha do Ivaí,0.44912280701754387,0.0,0.4634146341463415,0.5365853658536586
4101903,Assaí,0.4419606786964719,0.0,0.5087675969375154,0.49123240306248456
4102000,Assis Chateaubriand,0.34947069455202684,0.0003872966692486445,0.5008951406649617,0.49910485933503834
4102109,Astorga,0.3662232699107594,0.0003367570298029971,0.5095190380761523,0.4904809619238477
4102208,Atalaia,0.4105960264900662,0.0,0.5126234906695939,0.48737650933040616
4102307,Balsa Nova,0.22961021945627252,0.0,0.5081645983017635,0.4918354016982365
4102406,Bandeirantes,0.38083627940997195,0.00012190661952944045,0.49510810484358014,0.5048918951564199
4102505,Barbosa Ferraz,0.5267489711934157,0.0006331117442228553,0.5125313283208021,0.487468671679198
4102604,Barracão,0.37964338781575035,0.0007429420505200594,0.4979712283290299,0.5020287716709702
4102703,Barra do Jacaré,0.24405705229793978,0.0,0.4913112164296998,0.5086887835703001
4102752,Bela Vista da Caroba,0.3613613613613614,0.0,0.5185185185185185,0.48148148148148145
4102802,Bela Vista do Paraíso,0.42072341582812073,0.0005439216752787598,0.5032432432432432,0.49675675675675673
4102901,Bituruna,0.36463121033048806,0.001094331363536879,0.5167067045206377,0.4832932954793623
4103008,Boa Esperança,0.37476099426386233,0.0,0.5224022878932316,0.4775977121067683
4103024,Boa Esperança do Iguaçu,0.2164073550212164,0.0,0.5013888888888889,0.4986111111111111
4103040,Boa Ventura de São Roque,0.32100052110474203,0.0020844189682126106,0.5185567010309279,0.4814432989690722
4103057,Boa Vista da Aparecida,0.3249615581752947,0.0005125576627370579,0.5123925139099645,0.4876074860900354
4103107,Bocaiúva do Sul,0.30157708400386224,0.0016092693916961698,0.5131410256410256,0.48685897435897435
4103156,Bom Jesus do Sul,0.33191940615058324,0.0,0.530938123752495,0.469061876247505
4103206,Bom Sucesso,0.5476603119584056,0.0,0.498849252013809,0.501150747986191
4103222,Bom Sucesso do Sul,0.24940047961630696,0.0,0.5059665871121718,0.49403341288782815
4103305,Borrazópolis,0.34262295081967215,0.00273224043715847,0.5218093699515347,0.4781906300484653
4103354,Braganey,0.32172701949860727,0.001392757660167131,0.5155709342560554,0.4844290657439446
4103370,Brasilândia do Sul,0.6339622641509434,0.0,0.5174563591022444,0.4825436408977556
4103404,Cafeara,0.3739130434782609,0.0,0.516642547033285,0.4833574529667149
4103453,Cafelândia,0.3361132170836492,0.0,0.5013815624215021,0.4986184375784979
4103479,Cafezal do Sul,0.435,0.0,0.5118343195266272,0.4881656804733728
4103503,Califórnia,0.35714285714285715,0.0009652509652509653,0.5076923076923077,0.49230769230769234
4103602,Cambará,0.33971704623878535,0.0010351966873706005,0.5058139534883721,0.4941860465116279
4103701,Cambé,0.36913301906128304,0.000901824144291863,0.5035215568130929,0.49647844318690715
4103800,Cambira,0.3138888888888889,0.0,0.5243632336655593,0.47563676633444074
4103909,Campina da Lagoa,0.39070480081716036,0.0005107252298263534,0.5071138211382114,0.4928861788617886
4103958,Campina do Simão,0.36452762923351156,0.0,0.5366931918656057,0.46330680813439434
4104006,Campina Grande do Sul,0.2875675675675676,0.00018018018018018018,0.504930966469428,0.49506903353057197
4104055,Campo Bonito,0.40253565768621236,0.0,0.5027624309392266,0.4972375690607735
4104105,Campo do Tenente,0.41063029162746945,0.0,0.5312353217472991,0.4687646782527008
4104204,Campo Largo,0.2376895837509187,0.0011692389924500568,0.509766729892516,0.49023327010748396
4104253,Campo Magro,0.36564864107593165,0.002801905295601009,0.5159760011162271,0.48402399888377284
4104303,Campo Mourão,0.3690699194075365,0.0011326508385972555,0.49859762675296654,0.5014023732470334
4104402,Cândido de Abreu,0.2859347442680776,0.04872134038800705,0.505934065934066,0.4940659340659341
4104428,Candói,0.4907298756160526,0.0016428068528514432,0.4956221198156682,0.5043778801843318
4104451,Cantagalo,0.4423963133640553,0.0002710761724044456,0.510919385279051,0.48908061472094905
4104501,Capanema,0.21118696322395947,0.00022021581149526536,0.5183073887305415,0.48169261126945845
4104600,Capitão Leônidas Marques,0.26781638346436726,0.000253613999492772,0.5118090452261307,0.48819095477386937
4104659,Carambeí,0.26749123130884256,0.0012922281705741185,0.5064314590224183,0.4935685409775818
4104709,Carlópolis,0.13071324599708878,0.0005822416302765648,0.5148997134670487,0.4851002865329513
4104808,Cascavel,0.32124108652269523,0.0010549998093373838,0.5032219013631606,0.49677809863683936
4104907,Castro,0.3388420940398763,0.0014926964495148736,0.507637636575793,0.4923623634242071
4105003,Catanduvas,0.37829510441629577,0.0020540910647038686,0.5010217983651226,0.4989782016348774
4105102,Centenário do Sul,0.5162774239207361,0.0,0.5154602951510893,0.48453970484891074
4105201,Cerro Azul,0.38345398138572906,0.000827300930713547,0.5122604574490006,0.4877395425509994
4105300,Céu Azul,0.3040614709110867,0.0021953896816684962,0.49800217944061026,0.5019978205593898
4105409,Chopinzinho,0.3199244570349386,0.04305949008498584,0.5056390977443609,0.4943609022556391
4105508,Cianorte,0.2840187228351722,0.0006686726847208291,0.49867608120035306,0.501323918799647
4105607,Cidade Gaúcha,0.522642151855635,0.00034048348655090226,0.5082798242649543,0.4917201757350456
4105706,Clevelândia,0.39552238805970147,0.009808102345415778,0.5071231129066553,0.49287688709334465
4105805,Colombo,0.3584450981369763,0.0013960213391833276,0.5034137309682432,0.4965862690317568
4105904,Colorado,0.400075060987052,0.001125914805779696,0.5026926648096565,0.49730733519034354
4106001,Congonhinhas,0.3919294990723562,0.002319109461966605,0.5213400642496558,0.4786599357503442
4106100,Conselheiro Mairinck,0.40628166160081053,0.0,0.5191532258064516,0.4808467741935484
4106209,Contenda,0.26220231077576045,0.0033011082291912286,0.5254157882408058,0.4745842117591942
4106308,Corbélia,0.27847222222222223,0.0,0.5080238422741862,0.4919761577258138
4106407,Cornélio Procópio,0.3433200579290369,0.0018102824040550326,0.510500088983805,0.48949991101619506
4106456,Coronel Domingos Soares,0.43980233602875113,0.0026954177897574125,0.5084897229669347,0.4915102770330652
4106506,Coronel Vivida,0.3145753233135267,0.007340090877315624,0.5053034254912189,0.4946965745087811
4106555,Corumbataí do Sul,0.5757884028484231,0.001017293997965412,0.5172064777327935,0.48279352226720645
4106571,Cruzeiro do Iguaçu,0.29626485568760613,0.0008488964346349745,0.5101180438448567,0.48988195615514335
4106605,Cruzeiro do Oeste,0.5021450459652707,0.0006128702757916241,0.4937297734627832,0.5062702265372169
4106704,Cruzeiro do Sul,0.533868092691622,0.00089126559714795,0.5160450997398092,0.4839549002601908
4106803,Cruz Machado,0.14464285714285716,0.0011904761904761906,0.5125469274846868,0.48745307251531317
4106852,Cruzmaltina,0.3436241610738255,0.0,0.49733333333333335,0.5026666666666667
4106902,Curitiba,0.22834729367745227,0.001374775004606205,0.5019354808566109,0.4980645191433891
4107009,Curiúva,0.35273881979359617,0.0,0.515748031496063,0.484251968503937
4107108,Diamante do Norte,0.5842613214550854,0.0,0.5120525931336742,0.48794740686632576
4107124,Diamante do Sul,0.30596285434995113,0.0,0.5043816942551119,0.495618305744888
4107157,Diamante D'Oeste,0.41824324324324325,0.11689189189189189,0.5171717171717172,0.48282828282828283
4107207,Dois Vizinhos,0.25968436154949787,0.00030744004919040785,0.5020345879959308,0.4979654120040692
4107256,Douradina,0.3795986622073579,0.0,0.4909489851892485,0.5090510148107515
4107306,Doutor Camargo,0.31736526946107785,0.0,0.5138369483919222,0.48616305160807777
4107405,Enéas Marques,0.17922077922077922,0.0,0.5222437137330754,0.47775628626692457
4107504,Engenheiro Beltrão,0.42526741832899684,0.0002891008962127783,0.5168957617411226,0.48310423825887744
4107520,Esperança Nova,0.39429928741092635,0.0,0.4821852731591449,0.517814726840855
4107538,Entre Rios do Oeste,0.16298633017875921,0.0,0.5236593059936908,0.47634069400630913
4107546,Espigão Alto do Iguaçu,0.36833470057424117,0.07219031993437244,0.5048939641109299,0.49510603588907015
4107553,Farol,0.42259887005649716,0.0,0.4938684503901895,0.5061315496098104
4107603,Faxinal,0.33650941203811296,0.0006971880083662561,0.5035755478662053,0.4964244521337947
4107652,Fazenda Rio Grande,0.33439717801201024,0.0018477302313862176,0.5016075827800743,0.49839241721992567
4107702,Fênix,0.5315832649712879,0.0,0.5219155844155844,0.4780844155844156
4107736,Fernandes Pinheiro,0.33275159976730656,0.0011634671320535194,0.4956572090330052,0.5043427909669947
4107751,Figueira,0.3825315273236805,0.00046707146193367583,0.4979118329466357,0.5020881670533642
4107801,Floraí,0.27677806341045413,0.0,0.5088309503784693,0.4911690496215307
4107850,Flor da Serra do Sul,0.2800632911392405,0.0,0.49290220820189273,0.5070977917981072
4107900,Floresta,0.34923928077455046,0.0,0.5067567567567568,0.49324324324324326
4108007,Florestópolis,0.5298710115410726,0.0,0.5131313131313131,0.4868686868686869
4108106,Flórida,0.39600665557404324,0.0,0.5182724252491694,0.48172757475083056
4108205,Formosa do Oeste,0.24377224199288255,0.002372479240806643,0.5235294117647059,0.4764705882352941
4108304,Foz do Iguaçu,0.38792702683665564,0.0011551736282313164,0.497073177514217,0.502926822485783
4108320,Francisco Alves,0.5045454545454545,0.0,0.5225225225225225,0.4774774774774775
4108403,Francisco Beltrão,0.25818746470920384,0.00042348955392433656,0.5021219045842467,0.4978780954157534
4108452,Foz do Jordão,0.459631277813096,0.003814367450731087,0.5025125628140703,0.49748743718592964
4108502,General Carneiro,0.4277710109622412,0.0036540803897685747,0.5131420303834097,0.4868579696165903
4108551,Godoy Moreira,0.456021650879567,0.0,0.4919137466307278,0.5080862533692723
4108601,Goioerê,0.4766187050359712,0.0005534034311012728,0.4952316076294278,0.5047683923705722
4108650,Goioxim,0.5070679434564523,0.0,0.5119746949841844,0.48802530501581565
4108700,Grandes Rios,0.4473106476399561,0.0005488474204171241,0.5186199342825849,0.4813800657174151
4108809,Guaíra,0.4443878849580046,0.018961567828964115,0.4940274110398592,0.5059725889601409
4108908,Guairaçá,0.511002444987775,0.0,0.49391727493917276,0.5060827250608273
4108957,Guamiranga,0.3851884312007011,0.0,0.5043668122270742,0.49563318777292575
4109005,Guapirama,0.26904985888993416,0.0018814675446848542,0.49625468164794007,0.5037453183520599
4109104,Guaporema,0.4482200647249191,0.0,0.5501618122977346,0.44983818770226536
4109203,Guaraci,0.49452154857560265,0.0,0.5217706821480407,0.4782293178519594
4109302,Guaraniaçu,0.319672131147541,0.00026441036488630354,0.5078288100208769,0.4921711899791232
4109401,Guarapuava,0.33125349627780887,0.0021085244631868843,0.5049303758208381,0.49506962417916195
4109500,Guaraqueçaba,0.42793395805443996,0.006247211066488175,0.536379769299024,0.463620230700976
4109609,Guaratuba,0.2779032449780102,0.00035659099013431595,0.5092009972693815,0.49079900273061855
4109658,Honório Serpa,0.4429771908763505,0.0,0.5278609946075494,0.4721390053924506
4109708,Ibaiti,0.30958197611292076,0.0009500542888165038,0.5128309022150189,0.4871690977849811
4109757,Ibema,0.39476678043230945,0.0011376564277588168,0.5266439909297053,0.4733560090702948
4109807,Ibiporã,0.3151021792588824,0.00033918426185025017,0.5001667222407469,0.49983327775925307
4109906,Icaraíma,0.5210762331838565,0.0,0.5311942959001783,0.46880570409982175
4110003,Iguaraçu,0.41627689429373244,0.0018709073900841909,0.531104921077066,0.4688950789229341
4110052,Iguatu,0.5187165775401069,0.0017825311942959,0.5061946902654867,0.49380530973451325
4110078,Imbaú,0.27420382165605095,0.0015923566878980893,0.5099778270509978,0.49002217294900224
4110102,Imbituva,0.22908721078057462,0.0006356470887363336,0.5171584145878182,0.48284158541218186
4110201,Inácio Martins,0.2730883813306852,0.014895729890764648,0.5145600991325898,0.4854399008674102
4110300,Inajá,0.6053639846743295,0.0038314176245210726,0.5414572864321608,0.4585427135678392
4110409,Indianópolis,0.3323471400394477,0.0,0.5441176470588235,0.45588235294117646
4110508,Ipiranga,0.24270654572199069,0.0004903162539838195,0.5118610907312301,0.48813890926876985
4110607,Iporã,0.4661268556005398,0.0002699055330634278,0.516241610738255,0.48375838926174497
4110656,Iracema do Oeste,0.44878048780487806,0.0,0.5308441558441559,0.46915584415584416
4110706,Irati,0.1826200813176211,0.0004134794293983874,0.5066611729158083,0.49333882708419174
4110805,Iretama,0.5089908256880734,0.0007339449541284404,0.5250457038391225,0.47495429616087753
4110904,Itaguajé,0.5498366013071896,0.0008169934640522876,0.5218093699515347,0.4781906300484653
4110953,Itaipulândia,0.25806451612903225,0.00449162923642303,0.5233306516492358,0.4766693483507643
4111001,Itambaracá,0.3634161114476075,0.0,0.5164375373580394,0.48356246264196057
4111100,Itambé,0.42203742203742206,0.000693000693000693,0.5165745856353591,0.48342541436464087
4111209,Itapejara d'Oeste,0.2504679895170348,0.0007487832272557095,0.5055762081784386,0.4944237918215613
4111258,Itaperuçu,0.3916849015317287,0.0005470459518599562,0.5031284004352558,0.4968715995647443
4111308,Itaúna do Sul,0.6612729234088457,0.0,0.5229455709711847,0.47705442902881534
4111407,Ivaí,0.20393610952652597,0.0008556759840273817,0.5241477272727273,0.4758522727272727
4111506,Ivaiporã,0.38474801061007957,0.000663129973474801,0.5034156594850236,0.49658434051497635
4111555,Ivaté,0.5211342964151953,0.0,0.5122470713525027,0.48775292864749736
4111605,Ivatuba,0.43692022263450836,0.0009276437847866419,0.44659300184162065,0.5534069981583793
4111704,Jaboti,0.18276762402088773,0.0008703220191470844,0.5047454702329595,0.49525452976704054
4111803,Jacarezinho,0.38444270934999025,0.0005855943782939684,0.5072140989638811,0.4927859010361189
4111902,Jaguapitã,0.4486888960828747,0.0006474587245063128,0.5125080179602309,0.48749198203976907
4112009,Jaguariaíva,0.31722290434200245,0.000781337202812814,0.49750581975390756,0.5024941802460925
4112108,Jandaia do Sul,0.3287615148413511,0.00040941658137154553,0.5142682429677945,0.48573175703220545
4112207,Janiópolis,0.5178351783517835,0.0,0.5165441176470589,0.4834558823529412
4112306,Japira,0.3226072607260726,0.005775577557755775,0.5220949263502455,0.4779050736497545
4112405,Japurá,0.22172396611858494,0.0,0.5426587301587301,0.4573412698412698
4112504,Jardim Alegre,0.39243027888446214,0.00099601593625498,0.5216528925619834,0.4783471074380165
4112603,Jardim Olinda,0.6336898395721925,0.0053475935828877,0.5267379679144385,0.4732620320855615
4112702,Jataizinho,0.3573468740082513,0.0012694382735639479,0.5203761755485894,0.47962382445141066
4112751,Jesuítas,0.3651685393258427,0.0005107252298263534,0.5152129817444219,0.4847870182555781
4112801,Joaquim Távora,0.22769004774146162,0.0,0.5054784514243974,0.49452154857560265
4112900,Jundiaí do Sul,0.3820093457943925,0.0,0.5029171528588098,0.4970828471411902
4112959,Juranda,0.4304461942257218,0.0,0.5253793825222397,0.47462061747776035
4113007,Jussara,0.4120845921450151,0.0,0.4930847865303668,0.5069152134696332
4113106,Kaloré,0.2690802348336595,0.0,0.5341130604288499,0.46588693957115007
4113205,Lapa,0.3216384228902325,0.0011070424934003236,0.5170483460559796,0.48295165394402034
4113254,Laranjal,0.43157894736842106,0.0,0.5223880597014925,0.47761194029850745
4113304,Laranjeiras do Sul,0.32466619817287423,0.006090419301944249,0.4925095807687841,0.5074904192312159
4113403,Leópolis,0.37037037037037035,0.0,0.4941747572815534,0.5058252427184466
4113429,Lidianópolis,0.43658810325476993,0.0,0.48654708520179374,0.5134529147982063
4113452,Lindoeste,0.45675482487491065,0.0,0.5403682719546742,0.45963172804532576
4113502,Loanda,0.48100331980818883,0.00036886757654002215,0.5160109789569991,0.4839890210430009
4113601,Lobato,0.36124176857949203,0.0018814675446848542,0.5425631431244153,0.45743685687558466
4113700,Londrina,0.3001591322421408,0.0011447778643803586,0.5002926057730328,0.4997073942269672
4113734,Luiziana,0.5132965378825891,0.002007024586051179,0.5112443778110944,0.48875562218890556
4113759,Lunardelli,0.34590163934426227,0.001639344262295082,0.5085714285714286,0.49142857142857144
4113809,Lupionópolis,0.4977934686672551,0.0,0.5048458149779735,0.4951541850220264
4113908,Mallet,0.12142004773269689,0.0002983293556085919,0.5233283803863299,0.47667161961367016
4114005,Mamborê,0.40764331210191085,0.001938521185267239,0.5209713024282561,0.47902869757174393
4114104,Mandaguaçu,0.4179163378058406,0.0033543804262036307,0.5035624879645677,0.4964375120354323
4114203,Mandaguari,0.349343339587242,0.0006253908692933083,0.5081906180193596,0.49180938198064034
4114302,Mandirituba,0.2694266469525218,0.0011499917857729588,0.5178454485920104,0.4821545514079895
4114351,Manfrinópolis,0.3599523241954708,0.0,0.5494761350407451,0.45052386495925495
4114401,Mangueirinha,0.41100259118995414,0.04006378313733307,0.5005931198102017,0.49940688018979834
4114500,Manoel Ribas,0.25112994350282486,0.15621468926553672,0.49594632373497344,0.5040536762650265
4114609,Marechal Cândido Rondon,0.2124101020237498,0.0005853821709315939,0.5027067543932706,0.4972932456067294
4114708,Maria Helena,0.48486886348352387,0.0,0.5183946488294314,0.4816053511705686
4114807,Marialva,0.3575275711720954,0.00038471402923826624,0.5098187311178247,0.4901812688821752
4114906,Marilândia do Sul,0.26246140273489194,0.0004411116012351125,0.5146352118829183,0.48536478811708167
4115002,Marilena,0.5740231150247661,0.001651073197578426,0.533879781420765,0.46612021857923497
4115101,Mariluz,0.5482583454281568,0.000362844702467344,0.507183908045977,0.492816091954023
4115200,Maringá,0.2844245087129599,0.0009062854914017598,0.5016963103858689,0.4983036896141311
4115309,Mariópolis,0.36864666258420087,0.003061849357011635,0.5204892966360857,0.4795107033639144
4115358,Maripá,0.1698529411764706,0.0,0.5084496693607642,0.49155033063923587
4115408,Marmeleiro,0.2909825033647376,0.0008075370121130552,0.5002659574468085,0.4997340425531915
4115457,Marquinho,0.3538241601143674,0.0014295925661186562,0.5285815102328864,0.47141848976711365
4115507,Marumbi,0.27577741407528644,0.0,0.50163132137031,0.49836867862969003
4115606,Matelândia,0.32621951219512196,0.00023452157598499062,0.5045507584597433,0.4954492415402567
4115705,Matinhos,0.34154788863727187,0.00293059810843213,0.4987425545996029,0.5012574454003971
4115739,Mato Rico,0.38333333333333336,0.0,0.5311890838206628,0.46881091617933723
4115754,Mauá da Serra,0.2891859052247874,0.0044552450384771165,0.5155750798722045,0.48442492012779553
4115804,Medianeira,0.24997779948494805,0.00017760412041559364,0.5095372659837514,0.4904627340162487
4115853,Mercedes,0.14273858921161825,0.0,0.49876543209876545,0.5012345679012346
4115903,Mirador,0.5507020280811232,0.0,0.5335413416536662,0.4664586583463339
4116000,Miraselva,0.49065420560747663,0.0,0.5046511627906977,0.49534883720930234
4116059,Missal,0.22095313115399765,0.0,0.5119748723989007,0.48802512760109934
4116109,Moreira Sales,0.5544871794871795,0.0003205128205128205,0.5223785166240409,0.47762148337595906
4116208,Morretes,0.373517308157831,0.0014524328249818446,0.5131293664177307,0.48687063358226934
4116307,Munhoz de Melo,0.4293304994686504,0.0,0.5110876451953538,0.48891235480464623
4116406,Nossa Senhora das Graças,0.5423728813559322,0.0,0.5232903865213082,0.4767096134786918
4116505,Nova Aliança do Ivaí,0.5238095238095238,0.0,0.5263157894736842,0.47368421052631576
4116604,Nova América da Colina,0.3295711060948081,0.0,0.5298013245033113,0.47019867549668876
4116703,Nova Aurora,0.3438914027149321,0.0006961364427427776,0.5013812154696132,0.4986187845303867
4116802,Nova Cantu,0.3392768697374938,0.0,0.5195254572417202,0.4804745427582798
4116901,Nova Esperança,0.38725565645682625,0.0,0.5098514701424675,0.4901485298575326
4116950,Nova Esperança do Sudoeste,0.2413793103448276,0.0,0.5362318840579711,0.463768115942029
4117008,Nova Fátima,0.3997107039537126,0.00048216007714561236,0.5064439140811455,0.4935560859188544
4117057,Nova Laranjeiras,0.22803795531068258,0.25313743495561675,0.5056523067522151,0.4943476932477849
4117107,Nova Londrina,0.5482468849608809,0.0011590843233845263,0.5040068689181454,0.4959931310818546
4117206,Nova Olímpia,0.44972720187061577,0.0,0.4760061919504644,0.5239938080495357
4117214,Nova Santa Bárbara,0.4644644644644645,0.001001001001001001,0.5019646365422397,0.49803536345776034
4117222,Nova Santa Rosa,0.1881401617250674,0.0005390835579514825,0.5141938939475094,0.48580610605249064
4117255,Nova Prata do Iguaçu,0.28992360858494,0.0007275372862859222,0.5156081808396125,0.48439181916038754
4117271,Nova Tebas,0.37065052950075644,0.0,0.510831234256927,0.48916876574307305
4117297,Novo Itacolomi,0.21594202898550724,0.0,0.5289017341040463,0.47109826589595377
4117305,Ortigueira,0.23524758740705584,0.03464641670621737,0.5004730368968779,0.49952696310312206
4117404,Ourizona,0.43256379100850545,0.0,0.5266990291262136,0.4733009708737864
4117453,Ouro Verde do Oeste,0.4507042253521127,0.0,0.5103540414161657,0.48964595858383436
4117503,Paiçandu,0.4563765393446045,0.001147985806720935,0.5051364532530871,0.49486354674691296
4117602,Palmas,0.4547748600268118,0.0234208658623137,0.5028230865746549,0.49717691342534504
4117701,Palmeira,0.2753939951685264,0.00034510525710341653,0.5112514351320322,0.48874856486796786
4117800,Palmital,0.2229299363057325,0.001224889759921607,0.5175818882466281,0.48241811175337185
4117909,Palotina,0.3192558392178164,0.0004073872895165671,0.5009474824038982,0.4990525175961018
4118006,Paraíso do Norte,0.4488524590163934,0.0003278688524590164,0.5171299288946348,0.48287007110536523
4118105,Paranacity,0.58777487886694,0.0003727171077152441,0.498344979771975,0.501655020228025
4118204,Paranaguá,0.3657947372522534,0.0013767306543367016,0.5029321346456896,0.49706786535431036
4118303,Paranapoema,0.6501305483028721,0.0,0.5096277278562259,0.49037227214377405
4118402,Paranavaí,0.421531387445022,0.00034986005597760896,0.502262443438914,0.497737556561086
4118451,Pato Bragado,0.14987298899237933,0.001693480101608806,0.5135363790186125,0.48646362098138746
4118501,Pato Branco,0.26700071581961343,0.00035790980672870435,0.5034769808639156,0.4965230191360845
4118600,Paula Freitas,0.21234386480529022,0.0,0.5223771093176816,0.4776228906823184
4118709,Paulo Frontin,0.11555806087936867,0.0005636978579481398,0.5174353205849269,0.48256467941507314
4118808,Peabiru,0.3946316390633923,0.0005711022272986865,0.5162567147299971,0.4837432852700028
4118857,Perobal,0.39149242970439796,0.0,0.5237068965517241,0.47629310344827586
4118907,Pérola,0.3906840117498951,0.0,0.4949874686716792,0.5050125313283208
4119004,Pérola d'Oeste,0.22248381400824013,0.0005885815185403178,0.5240893066980024,0.47591069330199764
4119103,Piên,0.2132013201320132,0.0009900990099009901,0.5001643115346698,0.4998356884653303
4119152,Pinhais,0.30866711925775064,0.0013577732518669382,0.49926125778891245,0.5007387422110876
4119202,Pinhalão,0.3038534428300695,0.0,0.5182389937106918,0.4817610062893082
4119251,Pinhal de São Bento,0.33284457478005863,0.004398826979472141,0.5101156069364162,0.48988439306358383
4119301,Pinhão,0.4530452719574422,0.0017370535229616763,0.5116654123212557,0.4883345876787442
4119400,Piraí do Sul,0.2151471297636276,0.00032159511175430133,0.5003193867773874,0.4996806132226126
4119509,Piraquara,0.33480809226696917,0.0023444885611646816,0.5174764595103578,0.4825235404896422
4119608,Pitanga,0.23179255918827507,0.002931228861330327,0.5075732076741838,0.4924267923258162
4119657,Pitangueiras,0.4340136054421769,0.0,0.5251700680272109,0.4748299319727891
4119707,Planaltina do Paraná,0.445970695970696,0.0,0.5072992700729927,0.4927007299270073
4119806,Planalto,0.13720157147174372,0.0006044122091266244,0.5231231231231231,0.47687687687687685
4119905,Ponta Grossa,0.22506021797715295,0.0012759056545276763,0.5063298655645813,0.49367013443541874
4119954,Pontal do Paraná,0.3456085072863332,0.0027569909413154787,0.5088304552590267,0.4911695447409733
4120002,Porecatu,0.5301918735891648,0.0,0.5164003364171573,0.48359966358284273
4120101,Porto Amazonas,0.36268174474959614,0.0008077544426494346,0.5209003215434084,0.4790996784565916
4120150,Porto Barreiro,0.26146341463414635,0.0,0.5237633365664404,0.47623666343355964
4120200,Porto Rico,0.5747126436781609,0.0,0.5149359886201992,0.4850640113798009
4120309,Porto Vitória,0.2855759922555663,0.0,0.5216972034715526,0.4783027965284474
4120333,Prado Ferreira,0.37973273942093544,0.0,0.5038932146829811,0.4961067853170189
4120358,Pranchita,0.24100719424460432,0.0007194244604316547,0.5209964412811388,0.4790035587188612
4120408,Presidente Castelo Branco,0.44453186467348543,0.003147128245476003,0.5280811232449298,0.4719188767550702
4120507,Primeiro de Maio,0.35799050632911394,0.0,0.5161793372319688,0.4838206627680312
4120606,Prudentópolis,0.2032144257154057,0.00015680125441003528,0.513828125,0.486171875
4120655,Quarto Centenário,0.5621165644171779,0.0,0.5084097859327217,0.49159021406727826
4120705,Quatiguá,0.20035252643948295,0.0011750881316098707,0.5023310023310024,0.4976689976689977
4120804,Quatro Barras,0.28496471865388096,0.001085579880586213,0.515080368430558,0.48491963156944196
4120853,Quatro Pontes,0.14224598930481283,0.0,0.5074468085106383,0.4925531914893617
4120903,Quedas do Iguaçu,0.37189695550351287,0.000936768149882904,0.518889656761115,0.4811103432388851
4121000,Querência do Norte,0.4996892479801119,0.0015537600994406464,0.5060352831940576,0.49396471680594245
4121109,Quinta do Sol,0.5219657483246463,0.0014892032762472078,0.515084621044886,0.48491537895511405
4121208,Quitandinha,0.1813800657174151,0.0008762322015334064,0.5163898601398601,0.48361013986013984
4121257,Ramilândia,0.4025751072961373,0.0,0.5178875638841567,0.48211243611584326
4121307,Rancho Alegre,0.4176533907427341,0.002152852529601722,0.5277185501066098,0.4722814498933902
4121356,Rancho Alegre D'Oeste,0.6086369770580297,0.002699055330634278,0.5046604527296937,0.49533954727030627
4121406,Realeza,0.263859649122807,0.0014035087719298245,0.5011660447761194,0.4988339552238806
4121505,Rebouças,0.30561330561330563,0.0,0.5262885262885263,0.4737114737114737
4121604,Renascença,0.3454947484798231,0.0,0.5246981339187706,0.47530186608122943
4121703,Reserva,0.39969222160044765,0.0001398992725237829,0.513606851775107,0.48639314822489293
4121752,Reserva do Iguaçu,0.5313036020583191,0.0004288164665523156,0.5286080273270709,0.4713919726729291
4121802,Ribeirão Claro,0.18258859784283513,0.0011556240369799693,0.5038491147036182,0.49615088529638185
4121901,Ribeirão do Pinhal,0.35845328817386396,0.0014112334180073384,0.5050590219224284,0.49494097807757165
4122008,Rio Azul,0.15735256245171259,0.0,0.5262345679012346,0.4737654320987654
4122107,Rio Bom,0.30612244897959184,0.0,0.5446540880503145,0.45534591194968554
4122156,Rio Bonito do Iguaçu,0.3633852335509794,0.0,0.5202905811623246,0.47970941883767537
4122172,Rio Branco do Ivaí,0.47063903281519864,0.0,0.48711340206185566,0.5128865979381443
4122206,Rio Branco do Sul,0.36583174210940134,0.0005616084465910367,0.49843470483005364,0.5015652951699463
4122305,Rio Negro,0.22922462803919197,0.001330591508406919,0.5083866296609146,0.4916133703390853
4122404,Rolândia,0.34615384615384615,0.0011845039018952062,0.5103177878662815,0.48968221213371854
4122503,Roncador,0.4161212538753014,0.0010334137099552187,0.5193162393162393,0.4806837606837607
4122602,Rondon,0.3995604395604396,0.00043956043956043956,0.5109553023663453,0.4890446976336547
4122651,Rosário do Ivaí,0.3478854024556617,0.0,0.5189445196211097,0.4810554803788904
4122701,Sabáudia,0.28306709265175717,0.0006389776357827476,0.4920229738353542,0.5079770261646458
4122800,Salgado Filho,0.3141405588484335,0.0,0.5352941176470588,0.4647058823529412
4122909,Salto do Itararé,0.27046548956661315,0.0,0.5019984012789768,0.4980015987210232
4123006,Salto do Lontra,0.2586568730325289,0.0,0.5209908735332465,0.4790091264667536
4123105,Santa Amélia,0.2567703109327984,0.07522567703109329,0.5402985074626866,0.4597014925373134
4123204,Santa Cecília do Pavão,0.38263665594855306,0.0021436227224008574,0.5135983263598326,0.48640167364016734
4123303,Santa Cruz de Monte Castelo,0.5476772616136919,0.0004889975550122249,0.5266990291262136,0.4733009708737864
4123402,Santa Fé,0.37257939581719596,0.0003872966692486445,0.5046367851622875,0.4953632148377125
4123501,Santa Helena,0.25012472975220357,0.005488109096956594,0.4959577627454215,0.5040422372545784
4123600,Santa Inês,0.5633187772925764,0.0,0.5446623093681917,0.4553376906318083
4123709,Santa Isabel do Ivaí,0.46584766584766585,0.0009828009828009828,0.5183374083129584,0.48166259168704156
4123808,Santa Izabel do Oeste,0.3364281813216821,0.0,0.5167164990486546,0.4832835009513455
4123824,Santa Lúcia,0.3002136752136752,0.0,0.5186766275346851,0.4813233724653148
4123857,Santa Maria do Oeste,0.40066026410564226,0.003601440576230492,0.5056047197640118,0.4943952802359882
4123907,Santa Mariana,0.43558694920955265,0.0006727211570803902,0.5251415251415251,0.4748584748584749
4123956,Santa Mônica,0.5539714867617108,0.0,0.5416666666666666,0.4583333333333333
4124004,Santana do Itararé,0.26060138781804165,0.0,0.4820473644003056,0.5179526355996944
4124020,Santa Tereza do Oeste,0.4008606421714664,0.00033101621979476995,0.5151915455746368,0.4848084544253633
4124053,Santa Terezinha de Itaipu,0.3240611961057024,0.0,0.5042263239606694,0.4957736760393307
4124103,Santo Antônio da Platina,0.30779160903642233,0.00036883356385431073,0.5153126719237118,0.4846873280762883
4124202,Santo Antônio do Caiuá,0.5714285714285714,0.0,0.491970802919708,0.5080291970802919
4124301,Santo Antônio do Paraíso,0.34205933682373474,0.0,0.49493243243243246,0.5050675675675675
4124400,Santo Antônio do Sudoeste,0.37314285714285716,0.00019047619047619048,0.5034013605442177,0.4965986394557823
4124509,Santo Inácio,0.4793388429752066,0.0,0.5225225225225225,0.4774774774774775
4124608,São Carlos do Ivaí,0.4691501746216531,0.0,0.5247236765561373,0.4752763234438627
4124707,São Jerônimo da Serra,0.3131868131868132,0.10762766645119587,0.5147814910025706,0.4852185089974293
4124806,São João,0.24668936814226258,0.0,0.5103500188182161,0.489649981181784
4124905,São João do Caiuá,0.5688429217840982,0.001292824822236587,0.4977491961414791,0.5022508038585209
4125001,São João do Ivaí,0.47039473684210525,0.0007309941520467836,0.49546608632571637,0.5045339136742837
4125100,São João do Triunfo,0.22997481108312343,0.00025188916876574307,0.5198899174380786,0.48011008256192145
4125209,São Jorge d'Oeste,0.33835557468790356,0.0,0.49935539321014183,0.5006446067898582
4125308,São Jorge do Ivaí,0.29851973684210525,0.0,0.5096618357487923,0.49033816425120774
4125357,São Jorge do Patrocínio,0.4305929919137466,0.0013477088948787063,0.532258064516129,0.46774193548387094
4125407,São José da Boa Vista,0.22875816993464052,0.0,0.5275637225844695,0.4724362774155305
4125456,São José das Palmeiras,0.5145145145145145,0.002002002002002002,0.49206349206349204,0.5079365079365079
4125506,São José dos Pinhais,0.28350966285794893,0.0009451262519396248,0.5004765909728063,0.4995234090271937
4125555,São Manoel do Paraná,0.33266932270916333,0.0,0.499009900990099,0.500990099009901
4125605,São Mateus do Sul,0.17927246533405367,0.0009004141905276427,0.49838303988501614,0.5016169601149838
4125704,São Miguel do Iguaçu,0.2631877481565513,0.03048780487804878,0.5075864006743467,0.49241359932565326
4125753,São Pedro do Iguaçu,0.45868263473053894,0.0,0.5208085612366231,0.47919143876337694
4125803,São Pedro do Ivaí,0.35255670895809305,0.0,0.5104841784216546,0.4895158215783454
4125902,São Pedro do Paraná,0.5487012987012987,0.0,0.5388349514563107,0.46116504854368934
4126009,São Sebastião da Amoreira,0.41227688289072706,0.00043535045711797995,0.4993684210526316,0.5006315789473684
4126108,São Tomé,0.316008316008316,0.0,0.524567474048443,0.4754325259515571
4126207,Sapopema,0.31470743278861363,0.0015814443858724301,0.5376569037656904,0.46234309623430964
4126256,Sarandi,0.4667854756070394,0.0008019603475161506,0.5018751378777851,0.49812486212221485
4126272,Saudade do Iguaçu,0.36049723756906077,0.0,0.5037957211870255,0.49620427881297446
4126306,Sengés,0.3200916730328495,0.0003819709702062643,0.5118005329272934,0.4881994670727065
4126355,Serranópolis do Iguaçu,0.14472455648926238,0.0,0.4842300556586271,0.5157699443413729
4126405,Sertaneja,0.3193403298350825,0.0,0.504035216434336,0.495964783565664
4126504,Sertanópolis,0.295205836373111,0.0,0.5094682230869001,0.49053177691309985
4126603,Siqueira Campos,0.23628963153384747,0.00021422450728363326,0.5082978723404256,0.4917021276595745
4126652,Sulina,0.19151670951156813,0.0,0.5231362467866324,0.4768637532133676
4126678,Tamarana,0.26758904916102444,0.15719752722990873,0.5128654970760234,0.4871345029239766
4126702,Tamboara,0.31636980491942324,0.0,0.5004233700254022,0.4995766299745978
4126801,Tapejara,0.4454451878538343,0.0,0.5021766965428938,0.4978233034571063
4126900,Tapira,0.43034281546316555,0.0,0.5043415340086831,0.4956584659913169
4127007,Teixeira Soares,0.2930024129610479,0.0013788348845225785,0.5151098901098901,0.4848901098901099
4127106,Telêmaco Borba,0.29905983370468997,0.001739035921960763,0.502977801840823,0.49702219815917703
4127205,Terra Boa,0.39520514087988134,0.0,0.5082491997045063,0.49175080029549373
4127304,Terra Rica,0.5098502758077226,0.0007880220646178094,0.5032543608435304,0.4967456391564697
4127403,Terra Roxa,0.35724779627815867,0.009549461312438785,0.511138014527845,0.488861985472155
4127502,Tibagi,0.35157817916438605,0.0014595876664842181,0.5092761004001455,0.4907238995998545
4127601,Tijucas do Sul,0.256797583081571,0.005790533736153071,0.5130325814536341,0.48696741854636594
4127700,Toledo,0.33444701180291014,0.0005620433397864235,0.5030520868837728,0.4969479131162272
4127809,Tomazina,0.29684512428298276,0.015296367112810707,0.5158843053579896,0.48411569464201043
4127858,Três Barras do Paraná,0.24836601307189543,0.0,0.5183229813664596,0.4816770186335404
4127882,Tunas do Paraná,0.43958868894601544,0.0,0.4997431946584489,0.5002568053415511
4127908,Tuneiras do Oeste,0.42844404814979936,0.0013374944271065537,0.5233229675699689,0.4766770324300311
4127957,Tupãssi,0.32004429678848284,0.0,0.5232558139534884,0.47674418604651164
4127965,Turvo,0.2611261372018687,0.045733956233095646,0.5153883732291158,0.4846116267708842
4128005,Ubiratã,0.3872397841171935,0.00038550501156515033,0.5054965883244883,0.49450341167551176
4128104,Umuarama,0.35711464012009164,0.0009875957967922888,0.498227571968369,0.501772428031631
4128203,União da Vitória,0.26608413783383833,0.0015502783454302022,0.5049421661409043,0.4950578338590957
4128302,Uniflor,0.4821150855365474,0.0,0.4806800618238022,0.5193199381761978
4128401,Uraí,0.39631855747558226,0.0,0.5111430625449317,0.4888569374550683
4128500,Wenceslau Braz,0.2597879282218597,0.0002039151712887439,0.4986913629957721,0.5013086370042279
4128534,Ventania,0.3226256983240223,0.00034916201117318437,0.5213913043478261,0.4786086956521739
4128559,Vera Cruz do Oeste,0.42703400774860095,0.0,0.5176821474222412,0.48231785257775883
4128609,Verê,0.234625322997416,0.0,0.5256410256410257,0.47435897435897434
4128625,Alto Paraíso,0.6472772277227723,0.0012376237623762376,0.5006150061500615,0.4993849938499385
4128633,Doutor Ulysses,0.378534333525678,0.001154068090017311,0.5187104202648244,0.4812895797351756
4128658,Virmond,0.2578046324269889,0.0010070493454179255,0.5054835493519442,0.4945164506480558
4128708,Vitorino,0.18231046931407943,0.006016847172081829,0.5203836930455635,0.47961630695443647
4128807,Xambrê,0.4805194805194805,0.001443001443001443,0.5204594400574301,0.47954055994257
4200051,Abdon Batista,0.2363919129082426,0.0,0.5116279069767442,0.4883720930232558
4200101,Abelardo Luz,0.35855670103092785,0.026185567010309278,0.5083042854213656,0.4916957145786344
4200200,Agrolândia,0.1417753470761464,0.00042069835927639884,0.5058873002523129,0.4941126997476871
4200309,Agronômica,0.07027027027027027,0.0,0.5061633281972265,0.4938366718027735
4200408,Água Doce,0.3680440771349862,0.001652892561983471,0.5089625203693645,0.49103747963063554
4200507,Águas de Chapecó,0.3209955328653478,0.0012763241863433313,0.525649145028499,0.4743508549715009
4200556,Águas Frias,0.2379421221864952,0.00482315112540193,0.5301587301587302,0.46984126984126984
4200606,Águas Mornas,0.06241610738255034,0.0,0.49765258215962443,0.5023474178403756
4200705,Alfredo Wagner,0.14050235478806908,0.0,0.5205318732890105,0.47946812671098943
4200754,Alto Bela Vista,0.07263922518159806,0.0,0.5299760191846523,0.47002398081534774
4200804,Anchieta,0.2753012048192771,0.0,0.5018050541516246,0.4981949458483754
4200903,Angelina,0.019394879751745538,0.0,0.554953560371517,0.44504643962848295
4201000,Anita Garibaldi,0.3734567901234568,0.002204585537918871,0.5146736749890495,0.4853263250109505
4201109,Anitápolis,0.04370860927152318,0.0,0.5350993377483444,0.4649006622516556
4201208,Antônio Carlos,0.07745358090185676,0.0005305039787798408,0.496551724137931,0.503448275862069
4201257,Apiúna,0.13138686131386862,0.002305032654629274,0.5024894676369207,0.4975105323630793
4201273,Arabutã,0.09491525423728814,0.0,0.49887133182844245,0.5011286681715575
4201307,Araquari,0.20748541340543616,0.012096200370001423,0.5127695800227015,0.48723041997729855
4201406,Araranguá,0.11407766990291263,0.0008090614886731392,0.5080745341614907,0.4919254658385093
4201505,Armazém,0.07916464303059738,0.0,0.5274138767588549,0.4725861232411451
4201604,Arroio Trinta,0.10774818401937046,0.0012106537530266344,0.5144927536231884,0.4855072463768116
4201653,Arvoredo,0.14429530201342283,0.0050335570469798654,0.589018302828619,0.41098169717138106
4201703,Ascurra,0.053026245313336905,0.0,0.5058823529411764,0.49411764705882355
4201802,Atalanta,0.041666666666666664,0.0,0.5,0.5
4201901,Aurora,0.0782198246797033,0.0,0.5050505050505051,0.494949494949495
4201950,Balneário Arroio do Silva,0.16054842989827509,0.004865103936311367,0.5088261253309797,0.4911738746690203
4202008,Balneário Camboriú,0.1502963432362918,0.001081000484586424,0.49632898249777513,0.5036710175022249
4202057,Balneário Barra do Sul,0.13766937669376694,0.015176151761517615,0.5151187904967602,0.48488120950323976
4202073,Balneário Gaivota,0.07512437810945273,0.0004975124378109452,0.5064484126984127,0.4935515873015873
4202081,Bandeirante,0.2303448275862069,0.0,0.5275482093663911,0.4724517906336088
4202099,Barra Bonita,0.2838709677419355,0.0,0.5450643776824035,0.45493562231759654
4202107,Barra Velha,0.18946266573621773,0.0027913468248429866,0.5042556887267674,0.4957443112732326
4202131,Bela Vista do Toldo,0.20197652872143299,0.0,0.5030637254901961,0.49693627450980393
4202156,Belmonte,0.2534142640364188,0.0,0.5257575757575758,0.47424242424242424
4202206,Benedito Novo,0.12780448717948717,0.003605769230769231,0.5079239302694136,0.4920760697305864
4202305,Biguaçu,0.18019876242265143,0.0063753984624039,0.494916734235639,0.505083265764361
4202404,Blumenau,0.12504302377461915,0.0011600484415832748,0.509187018729828,0.49081298127017203
4202438,Bocaina do Sul,0.2646370023419204,0.00468384074941452,0.5092807424593968,0.49071925754060325
4202453,Bombinhas,0.21275440976933513,0.0018995929443690637,0.5118726389638424,0.48812736103615756
4202503,Bom Jardim da Serra,0.4148148148148148,0.0,0.5024630541871922,0.4975369458128079
4202537,Bom Jesus,0.2781954887218045,0.0,0.45671641791044776,0.5432835820895522
4202578,Bom Jesus do Oeste,0.13690476190476192,0.0,0.5326732673267327,0.46732673267326735
4202602,Bom Retiro,0.29015334947538335,0.0016142050040355124,0.49720223820943243,0.5027977617905676
4202701,Botuverá,0.15700267618198038,0.0,0.4893048128342246,0.5106951871657754
4202800,Braço do Norte,0.11202152378622966,0.0004891769597651951,0.5092196849432165,0.4907803150567835
4202859,Braço do Trombudo,0.06372549019607843,0.003676470588235294,0.5134803921568627,0.48651960784313725
4202875,Brunópolis,0.20305980528511822,0.0,0.5137741046831956,0.48622589531680444
4202909,Brusque,0.15665313813596174,0.0010146398028699811,0.5110373683451161,0.48896263165488385
4203006,Caçador,0.33560539049898536,0.0018211145220875175,0.5066274691835577,0.49337253081644233
4203105,Caibi,0.22039265357821405,0.0,0.52179406190777,0.47820593809222994
4203154,Calmon,0.4904580152671756,0.003816793893129771,0.4914933837429111,0.5085066162570888
4203204,Camboriú,0.17939788811503032,0.0007863401482812851,0.5123763759289266,0.48762362407107335
4203253,Capão Alto,0.28270676691729324,0.0,0.5180180180180181,0.481981981981982
4203303,Campo Alegre,0.18556701030927836,0.0,0.5054757015742642,0.4945242984257358
4203402,Campo Belo do Sul,0.3944327731092437,0.0,0.5238589211618258,0.47614107883817425
4203501,Campo Erê,0.3704994192799071,0.0007742934572202865,0.5030581039755352,0.4969418960244648
4203600,Campos Novos,0.2838739360478491,0.0012652403956751783,0.5123287671232877,0.4876712328767123
4203709,Canelinha,0.15189445196211096,0.0040595399188092015,0.5150490361853229,0.48495096381467706
4203808,Canoinhas,0.19294605809128632,0.00021462297896694807,0.5085869023017173,0.4914130976982826
4203907,Capinzal,0.2332089552238806,0.0029850746268656717,0.5032485613514015,0.4967514386485985
4203956,Capivari de Baixo,0.20365394948952176,0.0007164606842199534,0.5026833631484794,0.49731663685152055
4204004,Catanduvas,0.40216550657385924,0.0,0.4969230769230769,0.5030769230769231
4204103,Caxambu do Sul,0.27115559599636035,0.00272975432211101,0.5190562613430127,0.4809437386569873
4204152,Celso Ramos,0.19080779944289694,0.0,0.4986072423398329,0.5013927576601671
4204178,Cerro Negro,0.4459893048128342,0.0,0.5133120340788072,0.48668796592119273
4204194,Chapadão do Lageado,0.08344733242134063,0.0013679890560875513,0.49728260869565216,0.5027173913043478
4204202,Chapecó,0.24669090047018846,0.011241060492314986,0.49892034077971026,0.5010796592202897
4204251,Cocal do Sul,0.06447597709733632,0.0004978839930296241,0.5029747149231532,0.4970252850768468
4204301,Concórdia,0.1692345020016984,0.0008492053863884508,0.5012969777402425,0.4987030222597575
4204350,Cordilheira Alta,0.19014084507042253,0.0,0.502,0.498
4204400,Coronel Freitas,0.22335987864998105,0.0,0.524546827794562,0.4754531722054381
4204459,Coronel Martins,0.29246676514032494,0.0,0.5309734513274337,0.4690265486725664
4204509,Corupá,0.09615384615384616,0.0,0.5138418079096045,0.48615819209039546
4204558,Correia Pinto,0.304282494365139,0.00025043826696719256,0.5052864519301696,0.49471354806983037
4204608,Criciúma,0.1516308325256641,0.0010681013509504125,0.5124262223889141,0.4875737776110859
4204707,Cunha Porã,0.11351139041633936,0.0,0.5017584994138335,0.49824150058616645
4204756,Cunhataí,0.028634361233480177,0.0,0.5418502202643172,0.4581497797356828
4204806,Curitibanos,0.31861804222648754,0.0011112233558945347,0.5025937749401437,0.4974062250598563
4204905,Descanso,0.15217391304347827,0.001932367149758454,0.5168918918918919,0.4831081081081081
4205001,Dionísio Cerqueira,0.32325,0.00075,0.5086505190311419,0.4913494809688581
4205100,Dona Emma,0.14641744548286603,0.0010384215991692627,0.5067079463364293,0.4932920536635707
4205159,Doutor Pedrinho,0.1019036954087346,0.08286674132138858,0.5117581187010078,0.48824188129899215
4205175,Entre Rios,0.27163198247535597,0.25191675794085433,0.5201305767138193,0.47986942328618065
4205191,Ermo,0.07578558225508318,0.0018484288354898336,0.5688073394495413,0.43119266055045874
4205209,Erval Velho,0.17804154302670624,0.0,0.5078740157480315,0.4921259842519685
4205308,Faxinal dos Guedes,0.3489955737146748,0.0017024174327545114,0.5085034013605442,0.4914965986394558
4205357,Flor do Sertão,0.3247422680412371,0.0,0.5541237113402062,0.44587628865979384
4205407,Florianópolis,0.1797097464700222,0.002602069872940437,0.5036334511925924,0.49636654880740755
4205431,Formosa do Sul,0.20786516853932585,0.0,0.5098314606741573,0.4901685393258427
4205456,Forquilhinha,0.1070817120622568,0.001245136186770428,0.5021712158808933,0.4978287841191067
4205506,Fraiburgo,0.34334852880232075,0.004869457107335267,0.5038647840873957,0.49613521591260434
4205555,Frei Rogério,0.31221719457013575,0.0,0.522189349112426,0.47781065088757396
4205605,Galvão,0.31214528944381387,0.0,0.504524886877828,0.49547511312217196
4205704,Garopaba,0.1081267217630854,0.0006887052341597796,0.5167354424575883,0.4832645575424117
4205803,Garuva,0.23552662171588004,0.0025575447570332483,0.5005775005775006,0.49942249942249944
4205902,Gaspar,0.13224396731901958,0.0012667046678067008,0.5035648936841441,0.4964351063158559
4206009,Governador Celso Ramos,0.08476132190942473,0.0,0.5245801526717557,0.47541984732824427
4206108,Grão-Pará,0.07849011384062313,0.0005991611743559018,0.51437125748503,0.48562874251497007
4206207,Gravatal,0.0981549815498155,0.0007380073800738007,0.5092250922509225,0.4907749077490775
4206306,Guabiruba,0.11624139327663022,0.0004050222762251924,0.5209217707701638,0.4790782292298363
4206405,Guaraciaba,0.13732394366197184,0.0003912363067292645,0.5136825645035183,0.48631743549648165
4206504,Guaramirim,0.17370892018779344,0.0012985715712716013,0.5100477516912058,0.48995224830879425
4206603,Guarujá do Sul,0.16864608076009502,0.000791765637371338,0.5066666666666667,0.49333333333333335
4206652,Guatambú,0.3207981580966999,0.0,0.5222641509433962,0.47773584905660377
4206702,Herval d'Oeste,0.314029959810011,0.0009134088417975886,0.5092862345229424,0.49071376547705753
4206751,Ibiam,0.1891891891891892,0.0,0.5175983436853002,0.4824016563146998
4206801,Ibicaré,0.17842323651452283,0.0,0.5385674931129476,0.46143250688705234
4206900,Ibirama,0.081799591002045,0.0018177686889343332,0.5127799140465958,0.4872200859534042
4207007,Içara,0.08768228358672045,0.0013031337263419175,0.5122011643750775,0.4877988356249226
4207106,Ilhota,0.1549421193232413,0.0017809439002671415,0.5051821143026355,0.4948178856973645
4207205,Imaruí,0.06850308082638637,0.017397607828923523,0.5215657847046031,0.47843421529539687
4207304,Imbituba,0.08385786802030457,0.0009137055837563451,0.5027355623100304,0.4972644376899696
4207403,Imbuia,0.047493403693931395,0.0,0.5141540487162607,0.4858459512837393
4207502,Indaial,0.1453698553948832,0.002085650723025584,0.5122879889235029,0.48771201107649703
4207577,Iomerê,0.03015075376884422,0.0,0.49413735343383586,0.5058626465661642
4207601,Ipira,0.09310653536257833,0.0,0.5026833631484794,0.49731663685152055
4207650,Iporã do Oeste,0.09699655342195962,0.0004923682914820286,0.5107737512242899,0.4892262487757101
4207684,Ipuaçu,0.123998114097124,0.5832154644035832,0.5193032015065914,0.4806967984934087
4207700,Ipumirim,0.09421487603305785,0.0011019283746556473,0.513215859030837,0.486784140969163
4207759,Iraceminha,0.20638085742771686,0.0009970089730807576,0.5298210735586482,0.4701789264413519
4207809,Irani,0.27222659323367426,0.0015735641227380016,0.5133565621370499,0.48664343786295006
4207858,Irati,0.30927835051546393,0.0,0.5389830508474577,0.4610169491525424
4207908,Irineópolis,0.2557651991614256,0.0,0.5045422781271838,0.4954577218728162
4208005,Itá,0.14946168461051298,0.0006333122229259025,0.5084322298563397,0.4915677701436602
4208104,Itaiópolis,0.21355123026074183,0.000918105031215571,0.5061053398942956,0.4938946601057044
4208203,Itajaí,0.1794026135656503,0.0008297033810412777,0.5026868386243386,0.4973131613756614
4208302,Itapema,0.1754015215553677,0.002874049027895182,0.5058398453911436,0.4941601546088564
4208401,Itapiranga,0.12300906640529283,0.0012251899044351876,0.5070422535211268,0.49295774647887325
4208450,Itapoá,0.26706484641638223,0.002559726962457338,0.5148851715338815,0.48511482846611853
4208500,Ituporanga,0.12269342829394626,0.0001618646811265782,0.5031497334840898,0.4968502665159102
4208609,Jaborá,0.23923923923923923,0.0,0.4965312190287413,0.5034687809712587
4208708,Jacinto Machado,0.165374677002584,0.0,0.4976041282712864,0.5023958717287136
4208807,Jaguaruna,0.11759172154280338,0.00023518344308560678,0.5113876496830242,0.4886123503169758
4208906,Jaraguá do Sul,0.15811220519975316,0.0007244238147621475,0.5084745762711864,0.4915254237288136
4208955,Jardinópolis,0.23974082073434125,0.0,0.4968421052631579,0.5031578947368421
4209003,Joaçaba,0.1953113107017811,0.00015223017202009437,0.49411409598551165,0.5058859040144884
4209102,Joinville,0.15966704783402885,0.0009504432926919821,0.5105932673736245,0.4894067326263755
4209151,José Boiteux,0.057208237986270026,0.22807017543859648,0.49504950495049505,0.504950495049505
4209177,Jupiá,0.1537037037037037,0.0,0.5138121546961326,0.4861878453038674
4209201,Lacerdópolis,0.13987473903966596,0.0,0.49269311064718163,0.5073068893528184
4209300,Lages,0.2953282767283444,0.0012560993284699744,0.5056784076448414,0.4943215923551586
4209409,Laguna,0.11694834183673469,0.002232142857142857,0.5050127307447486,0.49498726925525144
4209458,Lajeado Grande,0.1842818428184282,0.005420054200542005,0.518918918918919,0.4810810810810811
4209508,Laurentino,0.059569074778200254,0.0,0.5133079847908745,0.4866920152091255
4209607,Lauro Müller,0.10693333333333334,0.0018666666666666666,0.5155875299760192,0.4844124700239808
4209706,Lebon Régis,0.450653983353151,0.0011890606420927466,0.5159964778397417,0.48400352216025827
4209805,Leoberto Leal,0.008464328899637243,0.0,0.5272067714631197,0.4727932285368803
4209854,Lindóia do Sul,0.2,0.001932367149758454,0.5188042430086789,0.4811957569913211
4209904,Lontras,0.07590132827324478,0.0022770398481973433,0.4996214988644966,0.5003785011355034
4210001,Luiz Alves,0.1500848896434635,0.00033955857385398983,0.5143338954468802,0.4856661045531197
4210035,Luzerna,0.13348247576435496,0.0,0.5189591078066914,0.48104089219330853
4210050,Macieira,0.2785571142284569,0.0,0.5430861723446894,0.45691382765531063
4210100,Mafra,0.15357222345871355,0.0012612211588396765,0.5155325443786982,0.4844674556213018
4210209,Major Gercino,0.04201680672268908,0.03601440576230492,0.4934131736526946,0.5065868263473053
4210308,Major Vieira,0.20218579234972678,0.0,0.5096486887679367,0.4903513112320633
4210407,Maracajá,0.08918296892980437,0.0023014959723820483,0.5134516313680595,0.48654836863194045
4210506,Maravilha,0.17587234788707698,0.0005260389268805891,0.5053237912375633,0.49467620876243673
4210555,Marema,0.16515426497277677,0.0018148820326678765,0.5263157894736842,0.47368421052631576
4210605,Massaranduba,0.09762100082034454,0.0013672409078479629,0.5155652648825778,0.4844347351174222
4210704,Matos Costa,0.34432717678100266,0.00395778364116095,0.5032258064516129,0.4967741935483871
4210803,Meleiro,0.02591792656587473,0.0,0.49460625674217906,0.5053937432578209
4210852,Mirim Doce,0.12480499219968799,0.0,0.514018691588785,0.48598130841121495
4210902,Modelo,0.18092428711897737,0.0019665683382497543,0.5294695481335953,0.47053045186640474
4211009,Mondaí,0.14351320321469574,0.0003827018752391887,0.5125954198473283,0.48740458015267174
4211058,Monte Carlo,0.3518864400448263,0.0,0.5088757396449705,0.4911242603550296
4211108,Monte Castelo,0.28175119202427396,0.0,0.5188393243828497,0.48116067561715026
4211207,Morro da Fumaça,0.101698606271777,0.0008710801393728223,0.5176316935132782,0.4823683064867218
4211256,Morro Grande,0.07301980198019802,0.0,0.5284653465346535,0.4715346534653465
4211306,Navegantes,0.2215401446544703,0.003221297027897648,0.5051677243880326,0.49483227561196735
4211405,Nova Erechim,0.21160714285714285,0.0,0.5262689225289403,0.47373107747105964
4211454,Nova Itaberaba,0.268760907504363,0.0,0.5182608695652174,0.4817391304347826
4211504,Nova Trento,0.09537299338999056,0.0015738117721120553,0.5305930342014433,0.4694069657985566
4211603,Nova Veneza,0.12225877192982457,0.0,0.5023192360163711,0.4976807639836289
4211652,Novo Horizonte,0.2343032159264931,0.0,0.5670731707317073,0.4329268292682927
4211702,Orleans,0.08918338108882522,0.0005372492836676218,0.5023255813953489,0.49767441860465117
4211751,Otacílio Costa,0.2771864877371587,0.0018509949097639982,0.5152208743419546,0.4847791256580453
4211801,Ouro,0.15193370165745856,0.0033149171270718232,0.5179063360881543,0.4820936639118457
4211850,Ouro Verde,0.36258278145695366,0.0016556291390728477,0.5264026402640264,0.4735973597359736
4211876,Paial,0.22440087145969498,0.0,0.5704989154013015,0.42950108459869846
4211892,Painel,0.3303411131059246,0.0,0.5133214920071048,0.4866785079928952
4211900,Palhoça,0.17537802756590393,0.0036397698380837683,0.5026566630176488,0.4973433369823512
4212007,Palma Sola,0.30241587575496115,0.0021570319240724763,0.5137693631669535,0.48623063683304646
4212056,Palmeira,0.31393298059964725,0.0,0.5146804835924007,0.4853195164075993
4212106,Palmitos,0.1816006381281574,0.0007976601967561818,0.5114988104678826,0.48850118953211735
4212205,Papanduva,0.28116288331342093,0.00039824771007566706,0.517275615567911,0.482724384432089
4212239,Paraíso,0.21880819366852886,0.0,0.5097674418604651,0.49023255813953487
4212254,Passo de Torres,0.10716400236826525,0.0011841326228537595,0.5126993502658004,0.4873006497341996
4212270,Passos Maia,0.4397446129289705,0.0,0.5027279812938426,0.49727201870615745
4212304,Paulo Lopes,0.10967379077615298,0.0,0.5316526610644258,0.46834733893557423
4212403,Pedras Grandes,0.0273109243697479,0.0,0.5445960125918153,0.45540398740818466
4212502,Penha,0.13765117759388923,0.00031826861871419476,0.5089725265999683,0.4910274734000318
4212601,Peritiba,0.08529411764705883,0.0,0.48970588235294116,0.5102941176470588
4212700,Petrolândia,0.11974921630094044,0.0012539184952978057,0.547158026233604,0.452841973766396
4212809,Balneário Piçarras,0.1559776536312849,0.000893854748603352,0.5235018935174872,0.4764981064825128
4212908,Pinhalzinho,0.18593073593073592,0.0010822510822510823,0.5050570260383043,0.49494297396169573
4213005,Pinheiro Preto,0.23674911660777384,0.001177856301531213,0.4982373678025852,0.5017626321974148
4213104,Piratuba,0.15249780893952672,0.0017528483786152498,0.48561464690496947,0.5143853530950305
4213153,Planalto Alegre,0.32193732193732194,0.0,0.5569800569800569,0.443019943019943
4213203,Pomerode,0.10888163011354798,0.0010888163011354799,0.5106119287374129,0.48938807126258715
4213302,Ponte Alta,0.38490284005979075,0.0,0.513030528667163,0.4869694713328369
4213351,Ponte Alta do Norte,0.44344344344344344,0.0,0.49800796812749004,0.50199203187251
4213401,Ponte Serrada,0.446677471636953,0.00032414910858995135,0.5174825174825175,0.4825174825174825
4213500,Porto Belo,0.14148622047244094,0.0007381889763779527,0.5060152221949423,0.4939847778050577
4213609,Porto União,0.21971372047015011,0.002560223437681834,0.5044493239338957,0.49555067606610426
4213708,Pouso Redondo,0.190646562739586,0.0005111167901865576,0.506319514661274,0.493680485338726
4213807,Praia Grande,0.09076262083780881,0.0010741138560687433,0.5080213903743316,0.4919786096256685
4213906,Presidente Castello Branco,0.046511627906976744,0.0,0.5244215938303342,0.4755784061696658
4214003,Presidente Getúlio,0.09753539590980598,0.0034084950183534348,0.5120292887029289,0.48797071129707115
4214102,Presidente Nereu,0.12833333333333333,0.0,0.5266666666666666,0.47333333333333333
4214151,Princesa,0.18340026773761714,0.0,0.48468708388814913,0.5153129161118508
4214201,Quilombo,0.23776479181884588,0.001095690284879474,0.5012694958287994,0.4987305041712006
4214300,Rancho Queimado,0.06567164179104477,0.0,0.48660714285714285,0.5133928571428571
4214409,Rio das Antas,0.3469259723964868,0.003136762860727729,0.5247029393370857,0.47529706066291433
4214508,Rio do Campo,0.13609850939727802,0.0006480881399870382,0.5093608779857973,0.49063912201420273
4214607,Rio do Oeste,0.06984866123399301,0.0005820721769499418,0.5205320994794679,0.4794679005205321
4214706,Rio dos Cedros,0.1604989604989605,0.0008316008316008316,0.5213604313562837,0.4786395686437163
4214805,Rio do Sul,0.12123557103243697,0.0023215322112594312,0.5067823850851816,0.4932176149148184
4214904,Rio Fortuna,0.029982363315696647,0.0008818342151675485,0.5074626865671642,0.4925373134328358
4215000,Rio Negrinho,0.21896633475580843,0.0006638217164532954,0.5093608169440242,0.4906391830559758
4215059,Rio Rufino,0.33796296296296297,0.0,0.5091185410334347,0.4908814589665654
4215075,Riqueza,0.23824701195219122,0.0,0.5114988104678826,0.48850118953211735
4215109,Rodeio,0.08121019108280254,0.0,0.525248508946322,0.4747514910536779
4215208,Romelândia,0.26510574018126887,0.0,0.519216277317257,0.48078372268274305
4215307,Salete,0.10728542914171657,0.0,0.5261584454409567,0.47384155455904337
4215356,Saltinho,0.34922089825847846,0.0,0.5036363636363637,0.49636363636363634
4215406,Salto Veloso,0.2502092050209205,0.0,0.5054031587697423,0.4945968412302577
4215455,Sangão,0.12994891443167306,0.0,0.5130823229100191,0.48691767708998085
4215505,Santa Cecília,0.31367821131082857,0.0010960105217010083,0.49360780065005416,0.5063921993499458
4215554,Santa Helena,0.1858108108108108,0.0,0.5236486486486487,0.47635135135135137
4215604,Santa Rosa de Lima,0.040293040293040296,0.0,0.5319926873857403,0.4680073126142596
4215653,Santa Rosa do Sul,0.10767745050700145,0.0009657170449058426,0.5149325626204239,0.4850674373795761
4215679,Santa Terezinha,0.14718446601941748,0.0,0.5363214837712519,0.46367851622874806
4215687,Santa Terezinha do Progresso,0.23067010309278352,0.001288659793814433,0.5346153846153846,0.4653846153846154
4215695,Santiago do Sul,0.2893401015228426,0.0,0.5594936708860759,0.44050632911392407
4215703,Santo Amaro da Imperatriz,0.0872836719337848,0.000564334085778781,0.5134423763865388,0.48655762361346117
4215752,São Bernardino,0.3516042780748663,0.0,0.5420560747663551,0.45794392523364486
4215802,São Bento do Sul,0.15673964926844453,0.0002594168309639929,0.5036216887417219,0.49637831125827814
4215901,São Bonifácio,0.019637462235649546,0.0,0.5353383458646617,0.46466165413533833
4216008,São Carlos,0.15707434052757793,0.0,0.502989238740534,0.4970107612594659
4216057,São Cristóvão do Sul,0.36142748671222474,0.0015186028853454822,0.5265878877400295,0.4734121122599705
4216107,São Domingos,0.34364686468646866,0.0,0.5183505154639175,0.4816494845360825
4216206,São Francisco do Sul,0.20923425549995278,0.005854027004060051,0.5163349605707849,0.4836650394292152
4216255,São João do Oeste,0.04175222450376454,0.0,0.49555099247091033,0.5044490075290896
4216305,São João Batista,0.13416247684572638,0.0015877216194760519,0.5160523186682521,0.4839476813317479
4216354,São João do Itaperiú,0.05921052631578947,0.0,0.5256830601092897,0.4743169398907104
4216404,São João do Sul,0.07257203842049093,0.0,0.5066595631326585,0.4933404368673415
4216503,São Joaquim,0.36316218418907903,0.0008149959250203749,0.5064599483204134,0.4935400516795866
4216602,São José,0.17695372240998433,0.0019069916734323962,0.5010064525838553,0.4989935474161446
4216701,São José do Cedro,0.19684813753581662,0.00028653295128939826,0.5088470319634704,0.4911529680365297
4216800,São José do Cerrito,0.24279279279279278,0.0,0.5073041168658698,0.49269588313413015
4216909,São Lourenço do Oeste,0.19276281941347967,0.0001714971702966901,0.5079500769362284,0.4920499230637716
4217006,São Ludgero,0.11794228356336262,0.0015683814303638645,0.5195373554235698,0.4804626445764301
4217105,São Martinho,0.027851458885941646,0.0,0.5318302387267905,0.46816976127320953
4217154,São Miguel da Boa Vista,0.19318181818181818,0.0,0.4954954954954955,0.5045045045045045
4217204,São Miguel do Oeste,0.20148936170212767,0.002127659574468085,0.5012211957098863,0.4987788042901136
4217253,São Pedro de Alcântara,0.14471243042671614,0.0,0.6419981498612396,0.3580018501387604
4217303,Saudades,0.11499798954563731,0.0,0.5200481154771451,0.47995188452285487
4217402,Schroeder,0.19550173010380623,0.0007414730598121602,0.5150098425196851,0.484990157480315
4217501,Seara,0.167561260210035,0.009101516919486581,0.5144977963349571,0.48550220366504293
4217550,Serra Alta,0.17667044167610418,0.0,0.497737556561086,0.502262443438914
4217600,Siderópolis,0.18812758417011222,0.0008860011813349084,0.5215339233038349,0.4784660766961652
4217709,Sombrio,0.06888035126234907,0.0006860592755214051,0.5078605604921395,0.49213943950786054
4217758,Sul Brasil,0.2349570200573066,0.0,0.5454545454545454,0.45454545454545453
4217808,Taió,0.09926806953339433,0.0006861848124428179,0.5077661032434901,0.4922338967565098
4217907,Tangará,0.20562471184877823,0.0,0.5173992673992674,0.4826007326007326
4217956,Tigrinhos,0.2735632183908046,0.0,0.4988558352402746,0.5011441647597255
4218004,Tijucas,0.1533683707596751,0.007644529383659818,0.5148444020507928,0.4851555979492071
4218103,Timbé do Sul,0.1255539143279173,0.0,0.5029455081001473,0.49705449189985274
4218202,Timbó,0.08750418013599376,0.0011147029316687102,0.5142666814699678,0.4857333185300322
4218251,Timbó Grande,0.42527173913043476,0.0,0.49842555105713,0.50157444894287
4218301,Três Barras,0.33828705514274543,0.00039108330074305825,0.511609756097561,0.488390243902439
4218350,Treviso,0.08095781071835804,0.0,0.5119726339794755,0.4880273660205245
4218400,Treze de Maio,0.03550295857988166,0.0010758472296933835,0.49919398173025253,0.5008060182697475
4218509,Treze Tílias,0.2413793103448276,0.0,0.49970777323202803,0.5002922267679719
4218608,Trombudo Central,0.15825977301387137,0.0012610340479192938,0.5182389937106918,0.4817610062893082
4218707,Tubarão,0.10018552875695733,0.0008011469050430089,0.503598030551698,0.496401969448302
4218756,Tunápolis,0.06744604316546762,0.0,0.525560538116592,0.4744394618834081
4218806,Turvo,0.10045219638242894,0.0,0.5098418844788641,0.49015811552113586
4218855,União do Oeste,0.2631578947368421,0.004048582995951417,0.5114401076716016,0.48855989232839836
4218905,Urubici,0.3136758321273517,0.000361794500723589,0.5186915887850467,0.48130841121495327
4218954,Urupema,0.2664233576642336,0.0,0.5009041591320073,0.49909584086799275
4219002,Urussanga,0.049834574028122414,0.00020678246484698098,0.5053741215378256,0.49462587846217443
4219101,Vargeão,0.3016042780748663,0.0010695187165775401,0.5187165775401069,0.48128342245989303
4219150,Vargem,0.2607449856733524,0.0,0.4957142857142857,0.5042857142857143
4219176,Vargem Bonita,0.3900226757369615,0.0022675736961451248,0.5121056493030081,0.48789435069699194
4219200,Vidal Ramos,0.08382526564344746,0.0,0.5114908662345315,0.48850913376546845
4219309,Videira,0.2273961661341853,0.0010383386581469649,0.5019396722349775,0.49806032776502257
4219358,Vitor Meireles,0.06949040370615486,0.11052283256121774,0.5294506949040371,0.47054930509596293
4219408,Witmarsum,0.08969072164948454,0.0010309278350515464,0.5164948453608248,0.48350515463917526
4219507,Xanxerê,0.2888754950921302,0.0037024281040123987,0.5038766294623839,0.49612337053761607
4219606,Xavantina,0.12876427829698858,0.0,0.5477178423236515,0.45228215767634855
4219705,Xaxim,0.26818114766189705,0.0013276294438707775,0.49661764705882355,0.5033823529411765
4219853,Zortéa,0.2774018944519621,0.0,0.5027027027027027,0.4972972972972973
4300034,Aceguá,0.21013824884792626,0.0,0.5196347031963471,0.480365296803653
4300059,Água Santa,0.1031578947368421,0.09368421052631579,0.5057833859095688,0.4942166140904311
4300109,Agudo,0.16880451513596717,0.0,0.5059964276601174,0.4940035723398826
4300208,Ajuricaba,0.1708701134930643,0.005044136191677175,0.5103838892385147,0.4896161107614852
4300307,Alecrim,0.20724346076458752,0.0,0.5090301003344482,0.4909698996655518
4300406,Alegrete,0.3066960172007781,0.0019453260980853897,0.5134224762682453,0.4865775237317546
4300455,Alegria,0.18018018018018017,0.0,0.4820224719101124,0.5179775280898876
4300471,Almirante Tamandaré do Sul,0.0990990990990991,0.0,0.5135135135135135,0.4864864864864865
4300505,Alpestre,0.15670859538784068,0.0005241090146750524,0.536930330015715,0.46306966998428495
4300554,Alto Alegre,0.09135802469135802,0.0,0.5024630541871922,0.4975369458128079
4300570,Alto Feliz,0.06329113924050633,0.0031645569620253164,0.5244865718799369,0.4755134281200632
4300604,Alvorada,0.2827550964539266,0.0017337981128976328,0.5065374949921696,0.4934625050078304
4300638,Amaral Ferrador,0.22041612483745124,0.0,0.509967845659164,0.490032154340836
4300646,Ametista do Sul,0.32122169562927855,0.00210637177461822,0.5257623554153522,0.47423764458464773
4300661,André da Rocha,0.19615384615384615,0.019230769230769232,0.5227272727272727,0.4772727272727273
4300703,Anta Gorda,0.048259493670886076,0.0,0.5055379746835443,0.4944620253164557
4300802,Antônio Prado,0.19966329966329965,0.0,0.514947934161908,0.485052065838092
4300851,Arambaré,0.1977886977886978,0.0,0.5307125307125307,0.4692874692874693
4300877,Araricá,0.13711001642036125,0.0008210180623973727,0.5172131147540984,0.48278688524590163
4300901,Aratiba,0.11541119557705598,0.0,0.5217091660923501,0.47829083390764987
4301008,Arroio do Meio,0.1025293586269196,0.00022583559168925022,0.5166816952209198,0.4833183047790803
4301057,Arroio do Sal,0.11938601478112564,0.0,0.5144968732234224,0.4855031267765776
4301073,Arroio do Padre,0.10491803278688525,0.0,0.5251215559157212,0.47487844408427876
4301107,Arroio dos Ratos,0.15746606334841629,0.0006033182503770739,0.5013525698827773,0.49864743011722273
4301206,Arroio do Tigre,0.166351606805293,0.0,0.5109238451935081,0.48907615480649186
4301305,Arroio Grande,0.1653024101864484,0.0009095043201455207,0.5077202543142597,0.49227974568574023
4301404,Arvorezinha,0.17062719127386053,0.0,0.5102912621359224,0.48970873786407765
4301503,Augusto Pestana,0.11643835616438356,0.0006849315068493151,0.5229295003422314,0.47707049965776865
4301552,Áurea,0.08322496749024708,0.0,0.5038860103626943,0.4961139896373057
4301602,Bagé,0.27672804727222755,0.00041225779854335576,0.503892451730169,0.49610754826983094
4301636,Balneário Pinhal,0.18639291465378421,0.0008051529790660225,0.5068108974358975,0.4931891025641026
4301651,Barão,0.07420749279538905,0.0036023054755043226,0.5147588192944564,0.48524118070554356
4301701,Barão de Cotegipe,0.1437994722955145,0.0006596306068601583,0.5150130548302873,0.4849869451697128
4301750,Barão do Triunfo,0.10792580101180438,0.0005621135469364812,0.5367074527252503,0.4632925472747497
4301800,Barracão,0.20776255707762556,0.00076103500761035,0.5011303692539563,0.49886963074604374
4301859,Barra do Guarita,0.16876574307304787,0.0,0.5119496855345912,0.4880503144654088
4301875,Barra do Quaraí,0.3759191176470588,0.0,0.510989010989011,0.489010989010989
4301909,Barra do Ribeiro,0.139557901682613,0.023094688221709007,0.5242494226327945,0.47575057736720555
4301925,Barra do Rio Azul,0.09176470588235294,0.0,0.5458823529411765,0.4541176470588235
4301958,Barra Funda,0.16548042704626334,0.0,0.49911504424778763,0.5008849557522124
4302006,Barros Cassal,0.2824938358576964,0.0003522367030644593,0.5324675324675324,0.4675324675324675
4302055,Benjamin Constant do Sul,0.030683403068340307,0.606694560669456,0.5330578512396694,0.4669421487603306
4302105,Bento Gonçalves,0.15616307716760708,0.0010331399507271717,0.5004161547302921,0.4995838452697079
4302154,Boa Vista das Missões,0.2522361359570662,0.0,0.49733570159857904,0.5026642984014209
4302204,Boa Vista do Buricá,0.13142485361093037,0.0,0.5380611581001952,0.46193884189980483
4302220,Boa Vista do Cadeado,0.09461966604823747,0.0,0.5222222222222223,0.4777777777777778
4302238,Boa Vista do Incra,0.09642857142857143,0.0,0.5107142857142857,0.48928571428571427
4302253,Boa Vista do Sul,0.021739130434782608,0.0,0.5632411067193676,0.4367588932806324
4302303,Bom Jesus,0.36113074204947,0.00035335689045936394,0.5013927576601671,0.4986072423398329
4302352,Bom Princípio,0.06556825823806321,0.0,0.5082187185508219,0.49178128144917815
4302378,Bom Progresso,0.1880064829821718,0.0,0.5283630470016207,0.47163695299837927
4302402,Bom Retiro do Sul,0.11363636363636363,0.001065340909090909,0.5210918114143921,0.47890818858560796
4302451,Boqueirão do Leão,0.2744814278822962,0.0,0.4971153846153846,0.5028846153846154
4302501,Bossoroca,0.23731048121292023,0.0,0.5021861336664585,0.4978138663335415
4302584,Bozano,0.1506849315068493,0.0091324200913242,0.4817351598173516,0.5182648401826484
4302600,Braga,0.3048368953880765,0.0,0.5078299776286354,0.49217002237136465
4302659,Brochier,0.04613841524573721,0.0,0.5105315947843531,0.48946840521564694
4302709,Butiá,0.21724806201550387,0.0007751937984496124,0.5104287369640788,0.4895712630359212
4302808,Caçapava do Sul,0.23271588833811635,0.0016957996347508478,0.5055960437272254,0.4944039562727746
4302907,Cacequi,0.22739480752014324,0.0020889286780065653,0.5169441141498217,0.48305588585017833
4303004,Cachoeira do Sul,0.18389548199042266,0.001145117634811576,0.504751025494574,0.49524897450542604
4303103,Cachoeirinha,0.14721342408518096,0.0013477997169620594,0.5031097663472852,0.49689023365271473
4303202,Cacique Doble,0.0995850622406639,0.2954356846473029,0.5153019023986766,0.48469809760132343
4303301,Caibaté,0.2360248447204969,0.0,0.5486725663716814,0.45132743362831856
4303400,Caiçara,0.20049099836333878,0.0,0.530562347188264,0.46943765281173594
4303509,Camaquã,0.14544624812569268,0.002346958732642284,0.5034774130646734,0.49652258693532664
4303558,Camargo,0.10260869565217391,0.0,0.5086805555555556,0.4913194444444444
4303608,Cambará do Sul,0.20915841584158415,0.0,0.5236631837738168,0.4763368162261832
4303673,Campestre da Serra,0.16572237960339944,0.00141643059490085,0.5113314447592068,0.4886685552407932
4303707,Campina das Missões,0.080370942812983,0.0,0.5161787365177196,0.48382126348228044
4303806,Campinas do Sul,0.1853932584269663,0.0,0.4976038338658147,0.5023961661341853
4303905,Campo Bom,0.1165583776333924,0.0008531863227669488,0.5059941041598428,0.49400589584015725
4304002,Campo Novo,0.16569767441860464,0.0007267441860465116,0.5018050541516246,0.4981949458483754
4304101,Campos Borges,0.12628865979381443,0.0,0.5179028132992327,0.4820971867007673
4304200,Candelária,0.17883369330453563,0.0,0.49899396378269617,0.5010060362173038
4304309,Cândido Godói,0.027920646583394562,0.0,0.5363703159441587,0.4636296840558413
4304358,Candiota,0.26863806747188673,0.0024989587671803417,0.5126819126819127,0.48731808731808735
4304408,Canela,0.20074641524258496,0.0011785503830288745,0.4971723868954758,0.5028276131045242
4304507,Canguçu,0.09975951571440418,0.0007463305415042707,0.5109844730756524,0.4890155269243475
4304606,Canoas,0.16162305744501265,0.001166774241596743,0.5028177910994959,0.49718220890050413
4304614,Canudos do Vale,0.04945054945054945,0.0027472527472527475,0.5467032967032966,0.4532967032967033
4304622,Capão Bonito do Sul,0.09852216748768473,0.0024630541871921183,0.5615763546798029,0.43842364532019706
4304630,Capão da Canoa,0.14960136164113588,0.001522888112514557,0.4987493299982133,0.5012506700017867
4304655,Capão do Cipó,0.25274725274725274,0.0,0.49726027397260275,0.5027397260273972
4304663,Capão do Leão,0.18958568434628406,0.0024181847493148475,0.4925349173222026,0.5074650826777974
4304671,Capivari do Sul,0.2329896907216495,0.006185567010309278,0.4917525773195876,0.5082474226804123
4304689,Capela de Santana,0.14712720026569245,0.0009963467286615742,0.5187024164184045,0.4812975835815955
4304697,Capitão,0.06666666666666667,0.0,0.5439469320066335,0.4560530679933665
4304705,Carazinho,0.14954880484948682,0.0022731969415168423,0.5021656926778962,0.4978343073221038
4304713,Caraá,0.048177083333333336,0.009114583333333334,0.515625,0.484375
4304804,Carlos Barbosa,0.07386856251083752,0.0,0.5151933701657458,0.48480662983425415
4304853,Carlos Gomes,0.02616279069767442,0.00872093023255814,0.5348837209302325,0.46511627906976744
4304903,Casca,0.10308738880167452,0.0005232862375719519,0.5112154407929056,0.4887845592070944
4304952,Caseiros,0.1395007342143906,0.0,0.5242290748898678,0.47577092511013214
4305009,Catuípe,0.16853360488798372,0.0,0.5220476431829701,0.4779523568170299
4305108,Caxias do Sul,0.1966870406479676,0.0011249437528123593,0.5041523589131084,0.4958476410868916
4305116,Centenário,0.04715447154471545,0.0,0.510569105691057,0.4894308943089431
4305124,Cerrito,0.1516690856313498,0.002902757619738752,0.49783236994219654,0.5021676300578035
4305132,Cerro Branco,0.16829533116178066,0.0010857763300760044,0.5118790496760259,0.48812095032397407
4305157,Cerro Grande,0.2504378283712785,0.0,0.4930313588850174,0.5069686411149826
4305173,Cerro Grande do Sul,0.19047619047619047,0.0,0.5094126506024096,0.49058734939759036
4305207,Cerro Largo,0.21829386960752514,0.0,0.5101908767389195,0.48980912326108056
4305306,Chapada,0.14244326412361177,0.0,0.5168269230769231,0.4831730769230769
4305355,Charqueadas,0.1471500119246363,0.0011924636298592892,0.5602380952380952,0.43976190476190474
4305371,Charrua,0.01592356687898089,0.5796178343949044,0.5265392781316348,0.4734607218683652
4305405,Chiapetta,0.2306878306878307,0.0,0.48414376321353064,0.5158562367864693
4305439,Chuí,0.12305611899932387,0.002028397565922921,0.5016857720836143,0.4983142279163857
4305447,Chuvisca,0.07980456026058631,0.0008143322475570033,0.5287449392712551,0.47125506072874496
4305454,Cidreira,0.19620467638088784,0.009149440867502542,0.518455807653234,0.481544192346766
4305504,Ciríaco,0.20754716981132076,0.0,0.502542372881356,0.49745762711864405
4305587,Colinas,0.036281179138321996,0.0022675736961451248,0.4897959183673469,0.5102040816326531
4305603,Colorado,0.20861372812920592,0.0,0.5154777927321669,0.4845222072678331
4305702,Condor,0.26670830730793255,0.0012492192379762648,0.49066002490660027,0.5093399750933998
4305801,Constantina,0.18104547386315342,0.06927326816829579,0.5059422750424448,0.4940577249575552
4305835,Coqueiro Baixo,0.11538461538461539,0.0,0.5692307692307692,0.4307692307692308
4305850,Coqueiros do Sul,0.10408921933085502,0.0,0.5378927911275416,0.46210720887245843
4305871,Coronel Barros,0.19875776397515527,0.0,0.5081967213114754,0.4918032786885246
4305900,Coronel Bicaco,0.3172669491525424,0.0005296610169491525,0.4881015335801163,0.5118984664198837
4305934,Coronel Pilar,0.05351170568561873,0.0,0.5551839464882943,0.44481605351170567
4305959,Cotiporã,0.07936507936507936,0.0,0.5384615384615384,0.46153846153846156
4305975,Coxilha,0.1376912378303199,0.004172461752433936,0.4661134163208852,0.5338865836791148
4306007,Crissiumal,0.11764705882352941,0.0,0.5030536804885889,0.4969463195114111
4306056,Cristal,0.20088057237204182,0.0,0.5008255365987893,0.4991744634012108
4306072,Cristal do Sul,0.24776119402985075,0.0,0.5119402985074627,0.4880597014925373
4306106,Cruz Alta,0.15592435353145503,0.0012865045670912131,0.4965034965034965,0.5034965034965035
4306130,Cruzaltense,0.09836065573770492,0.0,0.5194274028629857,0.48057259713701433
4306205,Cruzeiro do Sul,0.1340860973888497,0.0,0.5147161878065872,0.48528381219341277
4306304,David Canabarro,0.11418685121107267,0.0,0.5229040622299049,0.47709593777009507
4306320,Derrubadas,0.24313725490196078,0.0,0.5239327296248383,0.4760672703751617
4306353,Dezesseis de Novembro,0.18670886075949367,0.0,0.5141065830721003,0.48589341692789967
4306379,Dilermando de Aguiar,0.2695139911634757,0.0,0.5138282387190685,0.4861717612809316
4306403,Dois Irmãos,0.0954125751135864,0.002491572622013777,0.4999270818142045,0.5000729181857956
4306429,Dois Irmãos das Missões,0.31471135940409684,0.0,0.5101663585951941,0.4898336414048059
4306452,Dois Lajeados,0.0768025078369906,0.0,0.51875,0.48125
4306502,Dom Feliciano,0.20513528437327444,0.0002760905577029266,0.5062944718117132,0.49370552818828684
4306551,Dom Pedro de Alcântara,0.024822695035460994,0.0,0.5390070921985816,0.46099290780141844
4306601,Dom Pedrito,0.2413904087544255,0.000643707756678468,0.5090967465753424,0.4909032534246575
4306700,Dona Francisca,0.24513172966781213,0.0,0.4897025171624714,0.5102974828375286
4306734,Doutor Maurício Cardoso,0.1857394366197183,0.0,0.5267778753292361,0.47322212467076386
4306759,Doutor Ricardo,0.125,0.0,0.4989247311827957,0.5010752688172043
4306767,Eldorado do Sul,0.2084199015855659,0.003936577364680153,0.5077460178922103,0.49225398210778964
4306809,Encantado,0.14357189471394388,0.0023928649118990647,0.4981533782315881,0.5018466217684119
4306908,Encruzilhada do Sul,0.23758435715521717,0.00207648382073023,0.5114844017826534,0.4885155982173466
4306924,Engenho Velho,0.018604651162790697,0.46511627906976744,0.5081206496519721,0.4918793503480278
4306932,Entre-Ijuís,0.10465698547821732,0.0,0.5042521260630315,0.4957478739369685
4306957,Entre Rios do Sul,0.2883008356545961,0.0,0.5290858725761773,0.4709141274238227
4306973,Erebango,0.24129353233830847,0.13930348258706468,0.5341614906832298,0.4658385093167702
4307005,Erechim,0.17887527650161647,0.001403777437468096,0.4972434266327396,0.5027565733672604
4307054,Ernestina,0.08104196816208394,0.0,0.5172910662824207,0.4827089337175792
4307104,Herval,0.2691538974017322,0.0006662225183211193,0.5251655629139073,0.47483443708609274
4307203,Erval Grande,0.20679012345679013,0.0,0.5192604006163328,0.48073959938366717
4307302,Erval Seco,0.2800829875518672,0.03163900414937759,0.5108024691358025,0.48919753086419754
4307401,Esmeralda,0.34265734265734266,0.0,0.5076495132127955,0.49235048678720444
4307450,Esperança do Sul,0.13601236476043277,0.0,0.5231481481481481,0.47685185185185186
4307500,Espumoso,0.1508632889895273,0.0002830455703368242,0.515177065767285,0.484822934232715
4307559,Estação,0.162595952547104,0.0,0.515003489183531,0.48499651081646894
4307609,Estância Velha,0.10717579782327984,0.0005534034311012728,0.5112685125563425,0.48873148744365746
4307708,Esteio,0.1551010101010101,0.0007575757575757576,0.5075566750629723,0.4924433249370277
4307807,Estrela,0.1299272078011262,0.005081719544018678,0.5166552433173407,0.48334475668265936
4307815,Estrela Velha,0.06636155606407322,0.014874141876430207,0.48651685393258426,0.5134831460674157
4307831,Eugênio de Castro,0.2345890410958904,0.0,0.5250836120401338,0.47491638795986624
4307864,Fagundes Varela,0.06170212765957447,0.0,0.4872881355932203,0.5127118644067796
4307906,Farroupilha,0.15153428463189797,0.002778128551584796,0.5073437107707758,0.4926562892292242
4308003,Faxinal do Soturno,0.23785803237858033,0.0,0.4909769757311761,0.5090230242688238
4308052,Faxinalzinho,0.13539967373572595,0.11745513866231648,0.49512987012987014,0.5048701298701299
4308078,Fazenda Vilanova,0.11158798283261803,0.004291845493562232,0.49732047159699894,0.5026795284030011
4308102,Feliz,0.05044008124576845,0.0006770480704129993,0.5079418722541399,0.4920581277458601
4308201,Flores da Cunha,0.1369949494949495,0.0012626262626262627,0.5107755230454617,0.4892244769545383
4308250,Floriano Peixoto,0.023255813953488372,0.0,0.5651162790697675,0.43488372093023253
4308300,Fontoura Xavier,0.2785714285714286,0.0,0.5138396025550035,0.48616039744499645
4308409,Formigueiro,0.2519035532994924,0.0,0.5180265654648957,0.4819734345351044
4308433,Forquetinha,0.0367965367965368,0.0,0.5086580086580087,0.49134199134199136
4308458,Fortaleza dos Valos,0.11415929203539824,0.0,0.48761061946902656,0.5123893805309735
4308508,Frederico Westphalen,0.18370330984979397,0.00013292569453675395,0.5008617261036723,0.4991382738963277
4308607,Garibaldi,0.10385589642555587,0.0009850830284266817,0.5157126823793491,0.48428731762065097
4308656,Garruchos,0.2695883134130146,0.0013280212483399733,0.5298804780876494,0.4701195219123506
4308706,Gaurama,0.1054287962234461,0.0007867820613690008,0.4870384917517675,0.5129615082482325
4308805,General Câmara,0.10364289379168805,0.001026167265264238,0.5132788559754852,0.48672114402451483
4308854,Gentil,0.09433962264150944,0.0862533692722372,0.5623342175066313,0.4376657824933687
4308904,Getúlio Vargas,0.1816250663834307,0.006638343069569836,0.4936373276776246,0.5063626723223754
4309001,Giruá,0.21244959677419356,0.0012600806451612903,0.49626494023904383,0.5037350597609562
4309050,Glorinha,0.14705882352941177,0.0017647058823529412,0.5287221570926143,0.4712778429073857
4309100,Gramado,0.1281578947368421,0.00039473684210526315,0.5032190250952568,0.49678097490474316
4309126,Gramado dos Loureiros,0.18928571428571428,0.18928571428571428,0.5044404973357016,0.4955595026642984
4309159,Gramado Xavier,0.288698955365622,0.0,0.4916044776119403,0.5083955223880597
4309209,Gravataí,0.16942054017700198,0.0008253977958821821,0.5034175515684121,0.49658244843158794
4309258,Guabiju,0.12607449856733524,0.008595988538681949,0.4928774928774929,0.5071225071225072
4309308,Guaíba,0.1879986838858271,0.0011927284691947027,0.5055553277848387,0.4944446722151613
4309407,Guaporé,0.18053519061583578,0.00036656891495601173,0.4992695398100804,0.5007304601899196
4309506,Guarani das Missões,0.1590909090909091,0.0,0.5135583840619812,0.4864416159380188
4309555,Harmonia,0.05656565656565657,0.00202020202020202,0.5156092648539778,0.48439073514602216
4309571,Herveiras,0.22791293213828426,0.0,0.520460358056266,0.479539641943734
4309605,Horizontina,0.1604997597308986,0.0002402691013935608,0.5004791566842357,0.49952084331576424
4309654,Hulha Negra,0.3198738170347003,0.0,0.5009428032683847,0.49905719673161536
4309704,Humaitá,0.20419847328244276,0.0,0.489120151371807,0.510879848628193
4309753,Ibarama,0.08022388059701492,0.0,0.5027932960893855,0.4972067039106145
4309803,Ibiaçá,0.16411824668705402,0.0061162079510703364,0.4939516129032258,0.5060483870967742
4309902,Ibiraiaras,0.12987012987012986,0.08921513269339357,0.5163288288288288,0.48367117117117114
4309951,Ibirapuitã,0.1765873015873016,0.0,0.4812623274161736,0.5187376725838264
4310009,Ibirubá,0.1667812142038946,0.0009163802978235968,0.5113142857142857,0.4886857142857143
4310108,Igrejinha,0.1472205253512523,0.00036652412950519245,0.4975645396980029,0.502435460301997
4310207,Ijuí,0.19252644447988093,0.000744166268006166,0.5049552175525995,0.4950447824474005
4310306,Ilópolis,0.22954303931987247,0.0010626992561105207,0.49150743099787686,0.5084925690021231
4310330,Imbé,0.11379310344827587,0.0012315270935960591,0.5250984251968503,0.4749015748031496
4310363,Imigrante,0.051330798479087454,0.0,0.5075757575757576,0.49242424242424243
4310405,Independência,0.1975806451612903,0.0,0.5119521912350598,0.48804780876494025
4310413,Inhacorá,0.3074141048824593,0.0,0.5267857142857143,0.4732142857142857
4310439,Ipê,0.20705176294073518,0.0007501875468867217,0.5303370786516854,0.4696629213483146
4310462,Ipiranga do Sul,0.11325301204819277,0.0,0.4939759036144578,0.5060240963855421
4310504,Iraí,0.19556025369978858,0.1226215644820296,0.5187137585661571,0.4812862414338429
4310538,Itaara,0.1330089213300892,0.0016220600162206002,0.5263157894736842,0.47368421052631576
4310553,Itacurubi,0.1806615776081425,0.0,0.5196451204055766,0.4803548795944233
4310579,Itapuca,0.13728813559322034,0.0,0.5288135593220339,0.4711864406779661
4310603,Itaqui,0.29126401236954,0.00028991109393119443,0.5106977640709329,0.4893022359290671
4310652,Itati,0.06951871657754011,0.008912655971479501,0.5346358792184724,0.46536412078152756
4310702,Itatiba do Sul,0.19028741328047571,0.0009910802775024777,0.5441176470588235,0.45588235294117646
4310751,Ivorá,0.16875,0.0020833333333333333,0.5291666666666667,0.4708333333333333
4310801,Ivoti,0.09383033419023136,0.00021422450728363326,0.5091567291311755,0.4908432708688245
4310850,Jaboticaba,0.2724458204334365,0.0,0.5302564102564102,0.46974358974358976
4310876,Jacuizinho,0.16996699669966997,0.0,0.48154093097913325,0.5184590690208668
4310900,Jacutinga,0.1806375442739079,0.0,0.49824150058616645,0.5017584994138335
4311007,Jaguarão,0.12723874785858902,0.0014016508332035508,0.5172682016179216,0.4827317983820784
4311106,Jaguari,0.12519809825673534,0.0,0.5234899328859061,0.47651006711409394
4311122,Jaquirana,0.29255861365953106,0.0,0.5200400801603207,0.47995991983967934
4311130,Jari,0.09820359281437126,0.0,0.5065710872162486,0.4934289127837515
4311155,Jóia,0.2497482376636455,0.0005035246727089627,0.5307653826913457,0.46923461730865434
4311205,Júlio de Castilhos,0.20791279773920066,0.0,0.5096463022508039,0.4903536977491961
4311239,Lagoa Bonita do Sul,0.17475728155339806,0.0016181229773462784,0.5416012558869702,0.45839874411302983
4311254,Lagoão,0.21347607052896725,0.0006297229219143577,0.5108493490390577,0.48915065096094235
4311270,Lagoa dos Três Cantos,0.04746835443037975,0.0,0.5186335403726708,0.4813664596273292
4311304,Lagoa Vermelha,0.20245950809838031,0.00029994001199760045,0.5205193254738099,0.47948067452619014
4311403,Lajeado,0.12935034802784223,0.001160092807424594,0.49834792185960236,0.5016520781403977
4311429,Lajeado do Bugre,0.3047619047619048,0.015873015873015872,0.49369085173501576,0.5063091482649842
4311502,Lavras do Sul,0.26578073089701,0.0,0.5077348066298343,0.4922651933701657
4311601,Liberato Salzano,0.23434045689019897,0.13190862196020633,0.5158437730287398,0.48415622697126015
4311627,Lindolfo Collor,0.14381520119225039,0.0,0.5286671630677587,0.47133283693224126
4311643,Linha Nova,0.040625,0.0,0.484375,0.515625
4311700,Machadinho,0.2432646592709984,0.002377179080824089,0.5062992125984253,0.4937007874015748
4311718,Maçambará,0.22050447518307567,0.0,0.5097244732576985,0.49027552674230146
4311734,Mampituba,0.1651006711409396,0.0,0.5093833780160858,0.4906166219839142
4311759,Manoel Viana,0.18923713778829096,0.0035481963335304554,0.5179728933411903,0.48202710665880966
4311775,Maquiné,0.13096695226438188,0.004283965728274173,0.49664019547953575,0.5033598045204642
4311791,Maratá,0.039923954372623575,0.0,0.5056818181818182,0.4943181818181818
4311809,Marau,0.14288859533245266,0.00044033465433729633,0.5107432580574436,0.4892567419425565
4311908,Marcelino Ramos,0.17779632721202004,0.0,0.5261845386533666,0.47381546134663344
4311981,Mariana Pimentel,0.11404561824729892,0.0,0.5083932853717026,0.49160671462829736
4312005,Mariano Moro,0.10359408033826638,0.0,0.5391120507399577,0.4608879492600423
4312054,Marques de Souza,0.07544910179640718,0.0011976047904191617,0.5353293413173653,0.46467065868263474
4312104,Mata,0.21214788732394366,0.0,0.5074235807860262,0.4925764192139738
4312138,Mato Castelhano,0.13181019332161686,0.08611599297012303,0.5491228070175439,0.45087719298245615
4312153,Mato Leitão,0.06852497096399536,0.0,0.5098722415795587,0.4901277584204414
4312179,Mato Queimado,0.2050561797752809,0.0,0.5112359550561798,0.4887640449438202
4312203,Maximiliano de Almeida,0.2651122625215889,0.0,0.5120481927710844,0.4879518072289157
4312252,Minas do Leão,0.20228215767634855,0.0,0.5178849144634525,0.4821150855365474
4312302,Miraguaí,0.17582417582417584,0.028740490278951817,0.49155405405405406,0.5084459459459459
4312351,Montauri,0.00980392156862745,0.0,0.5228758169934641,0.477124183006536
4312377,Monte Alegre dos Campos,0.3451910408432148,0.0,0.5771725032425421,0.42282749675745784
4312385,Monte Belo do Sul,0.03125,0.0,0.498046875,0.501953125
4312401,Montenegro,0.13597007688577958,0.0007619311491307058,0.5099232418228339,0.49007675817716617
4312427,Mormaço,0.14378029079159935,0.0,0.5201288244766505,0.47987117552334946
4312443,Morrinhos do Sul,0.00823045267489712,0.0,0.50480109739369,0.49519890260631
4312450,Morro Redondo,0.09404388714733543,0.0,0.5135553834237025,0.48644461657629745
4312476,Morro Reuter,0.0568793235972329,0.0,0.5172943889315911,0.4827056110684089
4312500,Mostardas,0.2539416303253942,0.0010063737001006373,0.5191730576858953,0.4808269423141047
4312609,Muçum,0.11205976520811099,0.0,0.5069370330843116,0.49306296691568835
4312617,Muitos Capões,0.21182943603851445,0.0,0.5061058344640434,0.49389416553595655
4312625,Muliterno,0.060041407867494824,0.18633540372670807,0.5113871635610766,0.4886128364389234
4312658,Não-Me-Toque,0.17716535433070865,0.0,0.5186253934942288,0.48137460650577124
4312674,Nicolau Vergueiro,0.08403361344537816,0.0,0.505586592178771,0.49441340782122906
4312708,Nonoai,0.22699197035206917,0.10840024706609018,0.4932266009852217,0.5067733990147784
4312757,Nova Alvorada,0.1662162162162162,0.0,0.5134770889487871,0.4865229110512129
4312807,Nova Araçá,0.09283551967709384,0.008072653884964682,0.496468213925328,0.5035317860746721
4312906,Nova Bassano,0.08013598834385624,0.001942690626517727,0.5259582726831635,0.47404172731683647
4312955,Nova Boa Vista,0.020460358056265986,0.0,0.5242966751918159,0.47570332480818417
4313003,Nova Bréscia,0.07024793388429752,0.0,0.5550964187327824,0.44490358126721763
4313011,Nova Candelária,0.05140961857379768,0.0,0.5124378109452736,0.48756218905472637
4313037,Nova Esperança do Sul,0.17491166077738515,0.0,0.4872471416007036,0.5127528583992964
4313060,Nova Hartz,0.1713351052954406,0.0020445716622367613,0.49184006527947777,0.5081599347205222
4313086,Nova Pádua,0.0499001996007984,0.0,0.5389221556886228,0.46107784431137727
4313102,Nova Palma,0.20498442367601247,0.0,0.5245494095711623,0.4754505904288378
4313201,Nova Petrópolis,0.08125463077303038,0.0009878982464806125,0.4920206236189541,0.507979376381046
4313300,Nova Prata,0.1759481961147086,0.0011100832562442183,0.4999076638965836,0.5000923361034164
4313334,Nova Ramada,0.13545816733067728,0.0,0.4881422924901186,0.5118577075098815
4313359,Nova Roma do Sul,0.050946142649199416,0.0,0.5152394775036284,0.4847605224963715
4313375,Nova Santa Rita,0.11856786011656953,0.00033305578684429644,0.5132890365448505,0.4867109634551495
4313391,Novo Cabrais,0.15308370044052863,0.0,0.5022026431718062,0.4977973568281938
4313409,Novo Hamburgo,0.1031255693770394,0.000530038262137048,0.5066355958814682,0.4933644041185317
4313425,Novo Machado,0.1377091377091377,0.0,0.5089974293059126,0.4910025706940874
4313441,Novo Tiradentes,0.20152091254752852,0.0,0.5551330798479087,0.4448669201520912
4313466,Novo Xingu,0.10209424083769633,0.0,0.5038961038961038,0.4961038961038961
4313490,Novo Barreiro,0.24444444444444444,0.0,0.531578947368421,0.46842105263157896
4313508,Osório,0.14753447762674868,0.002480404802063697,0.5148034458857312,0.48519655411426876
4313607,Paim Filho,0.19896907216494844,0.0,0.5262615859938208,0.4737384140061792
4313656,Palmares do Sul,0.18265387689848123,0.005595523581135092,0.5187699680511182,0.4812300319488818
4313706,Palmeira das Missões,0.2572684246112238,0.0005634437683119225,0.49344978165938863,0.5065502183406113
4313805,Palmitinho,0.19382504288164665,0.0011435105774728416,0.5142045454545454,0.48579545454545453
4313904,Panambi,0.16405520390162914,0.0007263671266991802,0.5211325824119045,0.4788674175880955
4313953,Pantano Grande,0.22615131578947367,0.0,0.5104465383039738,0.4895534616960262
4314001,Paraí,0.116382036685642,0.0,0.5259165613147914,0.4740834386852086
4314027,Paraíso do Sul,0.14659018483110262,0.0,0.5244755244755245,0.4755244755244755
4314035,Pareci Novo,0.0425531914893617,0.001182033096926714,0.5283687943262412,0.4716312056737589
4314050,Parobé,0.13335676625659051,0.001195079086115993,0.5014336666899784,0.4985663333100217
4314068,Passa Sete,0.15073529411764705,0.0,0.5061283345349675,0.4938716654650324
4314076,Passo do Sobrado,0.09279881217520415,0.0,0.49368968077208614,0.5063103192279139
4314100,Passo Fundo,0.18721862763573927,0.0010260275980484535,0.49986430345921795,0.500135696540782
4314134,Paulo Bento,0.09148936170212765,0.0,0.5221987315010571,0.47780126849894294
4314159,Paverama,0.05856595511767926,0.0,0.5142231947483589,0.48577680525164113
4314175,Pedras Altas,0.41385767790262173,0.0,0.511070110701107,0.488929889298893
4314209,Pedro Osório,0.2374020156774916,0.0022396416573348264,0.5207166853303471,0.47928331466965285
4314308,Pejuçara,0.15827338129496402,0.0,0.5303186022610483,0.4696813977389517
4314407,Pelotas,0.22702000324849758,0.0013243874707947573,0.4967247820672478,0.5032752179327522
4314423,Picada Café,0.08777686628383921,0.0016406890894175555,0.483633387888707,0.516366612111293
4314456,Pinhal,0.233387358184765,0.0,0.5080645161290323,0.49193548387096775
4314464,Pinhal da Serra,0.2894736842105263,0.0,0.5090543259557344,0.4909456740442656
4314472,Pinhal Grande,0.159369527145359,0.0017513134851138354,0.5152838427947598,0.4847161572052402
4314498,Pinheirinho do Vale,0.20624486442070666,0.0,0.5118755118755118,0.4881244881244881
4314506,Pinheiro Machado,0.321193201526188,0.0,0.516597510373444,0.483402489626556
4314555,Pirapó,0.33278688524590166,0.0,0.5253682487725041,0.4746317512274959
4314605,Piratini,0.22576112412177987,0.00351288056206089,0.5203703703703704,0.47962962962962963
4314704,Planalto,0.14231499051233396,0.149146110056926,0.499244142101285,0.500755857898715
4314753,Poço das Antas,0.0576036866359447,0.0069124423963133645,0.5184331797235023,0.4815668202764977
4314779,Pontão,0.16666666666666666,0.0,0.5237134207870837,0.47628657921291623
4314787,Ponte Preta,0.0664819944598338,0.0,0.5789473684210527,0.42105263157894735
4314803,Portão,0.13513860369609856,0.001026694045174538,0.5135584548477872,0.48644154515221283
4314902,Porto Alegre,0.25057883337067743,0.002362013593248189,0.49971292638191034,0.5002870736180897
4315008,Porto Lucena,0.17054986020503263,0.0,0.4813780260707635,0.5186219739292365
4315057,Porto Mauá,0.14795008912655971,0.0,0.5190311418685121,0.4809688581314879
4315073,Porto Vera Cruz,0.09943181818181818,0.0,0.5295774647887324,0.4704225352112676
4315107,Porto Xavier,0.3674841772151899,0.0,0.5,0.5
4315131,Pouso Novo,0.16898148148148148,0.0,0.5011547344110855,0.49884526558891457
4315149,Presidente Lucena,0.04631217838765009,0.0,0.5563139931740614,0.44368600682593856
4315156,Progresso,0.09845947756195579,0.0,0.5103817816476892,0.4896182183523108
4315172,Protásio Alves,0.07692307692307693,0.0,0.5409429280397022,0.45905707196029777
4315206,Putinga,0.11495535714285714,0.0,0.5279017857142857,0.4720982142857143
4315305,Quaraí,0.18026200873362444,0.00034934497816593884,0.5050540257929592,0.4949459742070408
4315313,Quatro Irmãos,0.2791762013729977,0.0,0.4931506849315068,0.5068493150684932
4315321,Quevedos,0.1377245508982036,0.0,0.5194610778443114,0.4805389221556886
4315354,Quinze de Novembro,0.10899182561307902,0.0,0.49592391304347827,0.5040760869565217
4315404,Redentora,0.10657077476299444,0.46812683883622097,0.517578125,0.482421875
4315453,Relvado,0.04935064935064935,0.0,0.5128205128205128,0.48717948717948717
4315503,Restinga Sêca,0.22312320167407795,0.000523149359142035,0.49843423799582465,0.5015657620041754
4315552,Rio dos Índios,0.20207852193995382,0.057736720554272515,0.5045871559633027,0.4954128440366973
4315602,Rio Grande,0.22162996501337723,0.0021609384647046717,0.5027990239301167,0.49720097606988334
4315701,Rio Pardo,0.1820309887415004,0.00022294058633374206,0.5082313681868743,0.4917686318131257
4315750,Riozinho,0.09426987060998152,0.0046210720887245845,0.5133640552995392,0.48663594470046084
4315800,Roca Sales,0.1524822695035461,0.0,0.5075154730327144,0.49248452696728556
4315909,Rodeio Bonito,0.17049666419570053,0.00815418828762046,0.5018504811250926,0.4981495188749075
4315958,Rolador,0.17669172932330826,0.0,0.5309568480300187,0.46904315196998125
4316006,Rolante,0.09817210926268227,0.0006161429451632779,0.511665984445354,0.48833401555464595
4316105,Ronda Alta,0.15595611285266459,0.14890282131661442,0.49960876369327073,0.5003912363067292
4316204,Rondinha,0.09173478655767484,0.0,0.49909255898366606,0.5009074410163339
4316303,Roque Gonzales,0.33913565426170467,0.0,0.5098039215686274,0.49019607843137253
4316402,Rosário do Sul,0.22729642373058076,0.00031279324366593683,0.5036352305774824,0.49636476942251767
4316428,Sagrada Família,0.28192371475953565,0.0,0.515702479338843,0.484297520661157
4316436,Saldanha Marinho,0.1760797342192691,0.0,0.5124378109452736,0.48756218905472637
4316451,Salto do Jacuí,0.1881809177946517,0.040607461208319574,0.5115899444988573,0.4884100555011427
4316477,Salvador das Missões,0.06352087114337568,0.0,0.5398550724637681,0.4601449275362319
4316501,Salvador do Sul,0.07416127133608005,0.0005885815185403178,0.5135294117647059,0.4864705882352941
4316600,Sananduva,0.1345707656612529,0.0008700696055684454,0.5240162037037037,0.4759837962962963
4316709,Santa Bárbara do Sul,0.18135671435163822,0.0,0.510325837540156,0.48967416245984396
4316733,Santa Cecília do Sul,0.19623655913978494,0.002688172043010753,0.5372340425531915,0.4627659574468085
4316758,Santa Clara do Sul,0.04920767306088407,0.0,0.49833333333333335,0.5016666666666667
4316808,Santa Cruz do Sul,0.17076335327614792,0.00032437108051611044,0.5001796751473336,0.49982032485266636
4316907,Santa Maria,0.1829936111956191,0.0010648007301490721,0.49808068700784414,0.5019193129921559
4316956,Santa Maria do Herval,0.02872260015117158,0.0,0.5052870090634441,0.4947129909365559
4316972,Santa Margarida do Sul,0.18147448015122875,0.0,0.5186567164179104,0.48134328358208955
4317004,Santana da Boa Vista,0.15410764872521246,0.0,0.5247191011235955,0.4752808988764045
4317103,Sant'Ana do Livramento,0.23898338804337013,0.0006465731622401274,0.5012904506650784,0.49870954933492156
4317202,Santa Rosa,0.15929255194956807,0.00046696240952603317,0.5070455339466635,0.4929544660533364
4317251,Santa Tereza,0.053691275167785234,0.0,0.5335570469798657,0.4664429530201342
4317301,Santa Vitória do Palmar,0.21347079037800687,0.0017869415807560138,0.5052645972924928,0.49473540270750715
4317400,Santiago,0.15490212693839506,0.0013558173036183373,0.5047353289362422,0.4952646710637578
4317509,Santo Ângelo,0.1977665514490827,0.00031906407870247274,0.5034293552812071,0.49657064471879286
4317558,Santo Antônio do Palma,0.12974051896207583,0.0,0.5169660678642715,0.48303393213572854
4317608,Santo Antônio da Patrulha,0.130793991416309,0.0003218884120171674,0.5124932975871314,0.48750670241286864
4317707,Santo Antônio das Missões,0.3032999629217649,0.0014831294030404152,0.5072035463612855,0.49279645363871444
4317756,Santo Antônio do Planalto,0.10044642857142858,0.0,0.5077951002227171,0.4922048997772829
4317806,Santo Augusto,0.18544246451223195,0.0003020235578375113,0.5117399157134257,0.48826008428657436
4317905,Santo Cristo,0.10534445474204511,0.00030892801977139327,0.5163681284743669,0.4836318715256331
4317954,Santo Expedito do Sul,0.052123552123552123,0.0,0.5258126195028681,0.47418738049713194
4318002,São Borja,0.20267975089639553,0.0003774297037176826,0.5117432805827682,0.48825671941723187
4318051,São Domingos do Sul,0.10397553516819572,0.0,0.4946564885496183,0.5053435114503817
4318101,São Francisco de Assis,0.12927158273381295,0.0006744604316546763,0.5042658284687921,0.4957341715312079
4318200,São Francisco de Paula,0.24736628849270664,0.0030388978930307943,0.5099443118536198,0.4900556881463803
4318309,São Gabriel,0.2167822749006667,0.0012122028419422183,0.5076241015651239,0.49237589843487606
4318408,São Jerônimo,0.15833333333333333,0.0011363636363636363,0.5114877589453861,0.48851224105461394
4318424,São João da Urtiga,0.10547667342799188,0.0,0.5116514690982776,0.48834853090172237
4318432,São João do Polêsine,0.288135593220339,0.0,0.494077834179357,0.505922165820643
4318440,São Jorge,0.08032786885245902,0.0,0.4967213114754098,0.5032786885245901
4318457,São José das Missões,0.37285223367697595,0.0,0.49914529914529915,0.5008547008547009
4318465,São José do Herval,0.2800718132854578,0.0,0.5141843971631206,0.4858156028368794
4318481,São José do Hortêncio,0.03404255319148936,0.0,0.51009564293305,0.48990435706695007
4318499,São José do Inhacorá,0.06813186813186813,0.0,0.49671772428884026,0.5032822757111597
4318507,São José do Norte,0.2740656851642129,0.00032357223750202233,0.5131430414449283,0.4868569585550718
4318606,São José do Ouro,0.17018469656992086,0.00395778364116095,0.5108481262327417,0.4891518737672584
4318614,São José do Sul,0.01818181818181818,0.004545454545454545,0.4863636363636364,0.5136363636363637
4318622,São José dos Ausentes,0.2910958904109589,0.0,0.5118912797281994,0.4881087202718007
4318705,São Leopoldo,0.15268431831480397,0.0015908425980105325,0.50640137146192,0.49359862853807995
4318804,São Lourenço do Sul,0.13065428109854604,0.00010096930533117933,0.5133991537376587,0.48660084626234135
4318903,São Luiz Gonzaga,0.21673133987674048,0.0005706459712394431,0.5197733711048159,0.48022662889518414
4319000,São Marcos,0.1381498158002456,0.0006139991813344249,0.5039706780696396,0.4960293219303604
4319109,São Martinho,0.12884927066450566,0.004862236628849271,0.5175438596491229,0.4824561403508772
4319125,São Martinho da Serra,0.054878048780487805,0.0,0.4954268292682927,0.5045731707317073
4319158,São Miguel das Missões,0.22855530474040633,0.030474040632054177,0.5177664974619289,0.48223350253807107
4319208,São Nicolau,0.2680115273775216,0.005043227665706052,0.5377426312005751,0.46225736879942486
4319307,São Paulo das Missões,0.19767441860465115,0.0,0.5296671490593343,0.4703328509406657
4319356,São Pedro da Serra,0.05355064027939464,0.0,0.5215366705471478,0.47846332945285214
4319364,São Pedro das Missões,0.272108843537415,0.0,0.4910313901345291,0.5089686098654709
4319372,São Pedro do Butiá,0.10900473933649289,0.0,0.5102685624012638,0.48973143759873616
4319406,São Pedro do Sul,0.17445652173913043,0.0002717391304347826,0.51586655817738,0.48413344182262
4319505,São Sebastião do Caí,0.14586799778147533,0.0009243852837862821,0.4977835241965275,0.5022164758034725
4319604,São Sepé,0.2351982618142314,0.0014484881405033496,0.512450378924576,0.48754962107542404
4319703,São Valentim,0.2033898305084746,0.0012106537530266344,0.5180722891566265,0.4819277108433735
4319711,São Valentim do Sul,0.12468827930174564,0.0,0.5447761194029851,0.4552238805970149
4319737,São Valério do Sul,0.051175656984785614,0.5435684647302904,0.5186206896551724,0.48137931034482756
4319752,São Vendelino,0.07205240174672489,0.0,0.5391304347826087,0.4608695652173913
4319802,São Vicente do Sul,0.23578751164958062,0.0,0.5006979990693345,0.4993020009306654
4319901,Sapiranga,0.1637995887456743,0.00035107076583579917,0.5051099257191286,0.49489007428087145
4320008,Sapucaia do Sul,0.1414459046545433,0.0010382983772879645,0.5038330620097676,0.49616693799023237
4320107,Sarandi,0.24003038359285986,0.001139384732244588,0.4924414210128496,0.5075585789871504
4320206,Seberi,0.20333839150227617,0.0,0.497164461247637,0.502835538752363
4320230,Sede Nova,0.2039573820395738,0.0,0.5045317220543807,0.4954682779456193
4320263,Segredo,0.32578685808945335,0.0,0.5068343357025697,0.4931656642974303
4320305,Selbach,0.19427036705461057,0.0035810205908683975,0.5169039145907474,0.4830960854092527
4320321,Senador Salgado Filho,0.13186813186813187,0.0,0.5086071987480438,0.49139280125195617
4320354,Sentinela do Sul,0.18425324675324675,0.0,0.5206143896523848,0.4793856103476152
4320404,Serafina Corrêa,0.1365079365079365,0.0002886002886002886,0.5077586206896552,0.49224137931034484
4320453,Sério,0.05046728971962617,0.0,0.5757009345794393,0.42429906542056073
4320503,Sertão,0.23345454545454544,0.002181818181818182,0.4935064935064935,0.5064935064935064
4320552,Sertão Santana,0.12090313182811362,0.0,0.5111591072714183,0.4888408927285817
4320578,Sete de Setembro,0.13856812933025403,0.0,0.5253456221198156,0.47465437788018433
4320602,Severiano de Almeida,0.05474452554744526,0.0012165450121654502,0.5,0.5
4320651,Silveira Martins,0.2242798353909465,0.0,0.4959349593495935,0.5040650406504065
4320677,Sinimbu,0.18879310344827585,0.0,0.5138121546961326,0.4861878453038674
4320701,Sobradinho,0.2634902411021814,0.000574052812858783,0.5100880932082978,0.4899119067917022
4320800,Soledade,0.2038400841662283,0.00039452919516044186,0.5069834225296959,0.49301657747030414
4320859,Tabaí,0.09270833333333334,0.0010416666666666667,0.5187110187110187,0.4812889812889813
4320909,Tapejara,0.18893280632411066,0.0011857707509881424,0.5029539188656952,0.4970460811343048
4321006,Tapera,0.12439024390243902,0.0,0.5170593013809911,0.48294069861900896
4321105,Tapes,0.2644422310756972,0.000249003984063745,0.5153023140084598,0.4846976859915402
4321204,Taquara,0.16119764101013156,0.0008316951459246938,0.5044101017715793,0.49558989822842064
4321303,Taquari,0.07635467980295567,0.0006568144499178982,0.5001639881928501,0.49983601180714987
4321329,Taquaruçu do Sul,0.269774011299435,0.007062146892655367,0.5303244005641748,0.4696755994358251
4321352,Tavares,0.21645796064400716,0.0,0.5267379679144385,0.4732620320855615
4321402,Tenente Portela,0.13604290149590742,0.2088625458650861,0.5078962210941906,0.49210377890580936
4321436,Terra de Areia,0.09360824742268041,0.0,0.5212196126905645,0.4787803873094355
4321451,Teutônia,0.0969503868912153,0.0010620543164921864,0.5080327371930888,0.49196726280691117
4321469,Tio Hugo,0.21936459909228442,0.0,0.5112781954887218,0.48872180451127817
4321477,Tiradentes do Sul,0.13529411764705881,0.0,0.49158741770299924,0.5084125822970007
4321493,Toropi,0.10792580101180438,0.0,0.52428810720268,0.47571189279731996
4321501,Torres,0.09990485252140818,0.004638439581351094,0.5040370458323439,0.4959629541676561
4321600,Tramandaí,0.12746875298158572,0.003243965270489457,0.5008100638520919,0.49918993614790813
4321626,Travesseiro,0.05895691609977324,0.0,0.5555555555555556,0.4444444444444444
4321634,Três Arroios,0.01383399209486166,0.0,0.5118577075098815,0.4881422924901186
4321667,Três Cachoeiras,0.049031237643337285,0.00039541320680110717,0.5171733122779313,0.4828266877220687
4321709,Três Coroas,0.18057366362451108,0.0008148631029986962,0.5039727582292849,0.4960272417707151
4321808,Três de Maio,0.1550485088034495,0.00017966223499820338,0.49704777241009124,0.5029522275899088
4321832,Três Forquilhas,0.16203703703703703,0.0015432098765432098,0.5237366003062787,0.4762633996937213
4321857,Três Palmeiras,0.22371967654986524,0.15363881401617252,0.5214669051878354,0.4785330948121646
4321907,Três Passos,0.1280806572068708,0.0009335324869305452,0.5067064083457526,0.4932935916542474
4321956,Trindade do Sul,0.28462603878116344,0.002077562326869806,0.5150684931506849,0.4849315068493151
4322004,Triunfo,0.14513011152416358,0.001486988847583643,0.5119418483904465,0.48805815160955346
4322103,Tucunduva,0.17009493670886075,0.0015822784810126582,0.4940991345397325,0.5059008654602675
4322152,Tunas,0.2179813401187447,0.004240882103477523,0.5109612141652614,0.48903878583473864
4322186,Tupanci do Sul,0.1274787535410765,0.0,0.5300546448087432,0.46994535519125685
4322202,Tupanciretã,0.2207412817235713,0.0003651634106262553,0.49382267441860467,0.5061773255813954
4322251,Tupandi,0.04605936540429888,0.0010235414534288639,0.5168884339815762,0.48311156601842375
4322301,Tuparendi,0.09884678747940692,0.0,0.5126234906695939,0.48737650933040616
4322327,Turuçu,0.1351010101010101,0.0,0.5,0.5
4322343,Ubiretama,0.05394990366088632,0.0,0.5549132947976878,0.44508670520231214
4322350,União da Serra,0.024390243902439025,0.0,0.5570934256055363,0.4429065743944637
4322376,Unistalda,0.18016528925619835,0.0,0.5140495867768595,0.4859504132231405
4322400,Uruguaiana,0.26768072289156625,0.0007831325301204819,0.49852967652883634,0.5014703234711636
4322509,Vacaria,0.2818836712913554,0.0010672358591248667,0.513285422298411,0.486714577701589
4322525,Vale Verde,0.10997067448680352,0.0,0.4753623188405797,0.5246376811594203
4322533,Vale do Sol,0.17179093005380477,0.0,0.5057642246188174,0.4942357753811826
4322541,Vale Real,0.12651087832393232,0.0016116035455278,0.49719775820656525,0.5028022417934348
4322558,Vanini,0.11991434689507495,0.0,0.4625267665952891,0.5374732334047109
4322608,Venâncio Aires,0.13178194908716895,0.0008999742864489586,0.5098340700877699,0.4901659299122301
4322707,Vera Cruz,0.17964178045752793,0.0003546728143287817,0.5063934139078647,0.4936065860921352
4322806,Veranópolis,0.14595660749506903,0.0003944773175542406,0.49832644221303407,0.501673557786966
4322855,Vespasiano Corrêa,0.07407407407407407,0.0,0.5270655270655271,0.47293447293447294
4322905,Viadutos,0.15871639202081528,0.0,0.5151777970511708,0.48482220294882916
4323002,Viamão,0.26914160500492235,0.004922353837848137,0.506363981762918,0.4936360182370821
4323101,Vicente Dutra,0.1838905775075988,0.0182370820668693,0.5352006056018168,0.4647993943981832
4323200,Victor Graeff,0.11698717948717949,0.0,0.4944,0.5056
4323309,Vila Flores,0.14475431606905712,0.0,0.5483443708609271,0.45165562913907287
4323358,Vila Lângaro,0.126,0.0,0.5469061876247505,0.4530938123752495
4323408,Vila Maria,0.08860759493670886,0.0,0.5205047318611987,0.4794952681388013
4323457,Vila Nova do Sul,0.20770877944325483,0.0,0.49625668449197863,0.5037433155080214
4323507,Vista Alegre,0.15173410404624277,0.001445086705202312,0.49213161659513593,0.5078683834048641
4323606,Vista Alegre do Prata,0.1270358306188925,0.0,0.5700325732899023,0.42996742671009774
4323705,Vista Gaúcha,0.10989010989010989,0.0,0.5304212168486739,0.46957878315132606
4323754,Vitória das Missões,0.19230769230769232,0.0,0.5284552845528455,0.4715447154471545
4323770,Westfália,0.05641025641025641,0.0,0.5247863247863248,0.4752136752136752
4323804,Xangri-lá,0.13082706766917293,0.0009022556390977444,0.5110778443113773,0.48892215568862274
5000203,Água Clara,0.5897749510763209,0.0014677103718199608,0.5006028454304317,0.49939715456956835
5000252,Alcinópolis,0.5411954765751211,0.0008077544426494346,0.5145161290322581,0.4854838709677419
5000609,Amambai,0.2780241935483871,0.2506048387096774,0.5101015177404764,0.4898984822595236
5000708,Anastácio,0.5580840229153405,0.05394653087205602,0.495992456388496,0.504007543611504
5000807,Anaurilândia,0.6238244514106583,0.0004478280340349306,0.5033288948069241,0.4966711051930759
5000856,Angélica,0.5130542892664732,0.0012432656444260257,0.5136026380873866,0.48639736191261335
5000906,Antônio João,0.4158131913150348,0.1560835723064318,0.4928483857785043,0.5071516142214957
5001003,Aparecida do Taboado,0.43842536143529004,0.0,0.5050993949870355,0.49490060501296457
5001102,Aquidauana,0.5470748411585115,0.13664493770113045,0.5080196399345336,0.49198036006546647
5001243,Aral Moreira,0.38075579549063193,0.06637027627818355,0.5020563112938944,0.49794368870610567
5001508,Bandeirantes,0.5777646363098758,0.006505026611472502,0.5228070175438596,0.47719298245614034
5001904,Bataguassu,0.5637356430050838,0.0030126153266804745,0.5118669407587367,0.4881330592412633
5002001,Batayporã,0.6262592343854936,0.001343183344526528,0.5023286759813705,0.4976713240186294
5002100,Bela Vista,0.49063336306868865,0.024977698483496878,0.5242890995260664,0.47571090047393366
5002159,Bodoquena,0.603655818100758,0.034329023629068214,0.5083996463306808,0.4916003536693192
5002209,Bonito,0.5783752860411899,0.013920671243325706,0.5,0.5
5002308,Brasilândia,0.49781795511221943,0.009351620947630923,0.5009322560596644,0.4990677439403356
5002407,Caarapó,0.4081660521644135,0.19199781510309982,0.497765136123527,0.502234863876473
5002605,Camapuã,0.6064908722109533,0.002028397565922921,0.5355805243445693,0.46441947565543074
5002704,Campo Grande,0.5070445800458626,0.00792879629989506,0.5036729540498145,0.49632704595018556
5002803,Caracol,0.5600490196078431,0.0,0.4944920440636475,0.5055079559363526
5002902,Cassilândia,0.4750450992182802,0.0008017638805371818,0.5126117179741807,0.48738828202581924
5002951,Chapadão do Sul,0.4763195950831526,0.0019884309472161968,0.5207959842237361,0.47920401577626387
5003108,Corguinho,0.6531986531986532,0.004208754208754209,0.5522138680033417,0.4477861319966583
5003157,Coronel Sapucaia,0.47816038825976426,0.1913565981049226,0.48893499308437066,0.5110650069156293
5003207,Corumbá,0.7291386271870794,0.004441453566621804,0.5151323455968038,0.4848676544031963
5003256,Costa Rica,0.508828555154737,0.000569584203531422,0.5178102737157855,0.48218972628421447
5003306,Coxim,0.6558380414312618,0.0020009416195856874,0.5079457139542977,0.49205428604570234
5003454,Deodápolis,0.5427485750474984,0.0006333122229259025,0.5165354330708661,0.48346456692913387
5003488,Dois Irmãos do Buriti,0.5016393442622951,0.23442622950819672,0.5226753670473083,0.4773246329526917
5003504,Douradina,0.3198906356801094,0.21599453178400546,0.5231607629427792,0.4768392370572207
5003702,Dourados,0.4131213992155685,0.04530185598738905,0.49738385037850674,0.5026161496214933
5003751,Eldorado,0.5318294190358467,0.06365883807169345,0.5027675276752768,0.49723247232472323
5003801,Fátima do Sul,0.519344262295082,0.0006557377049180328,0.5057124380254365,0.49428756197456347
5003900,Figueirão,0.5712230215827339,0.0,0.5192582025677603,0.48074179743223966
5004007,Glória de Dourados,0.5161554192229039,0.006134969325153374,0.5020242914979757,0.4979757085020243
5004106,Guia Lopes da Laguna,0.5254730713245997,0.00363901018922853,0.507057546145494,0.49294245385450597
5004304,Iguatemi,0.3896502835538752,0.027646502835538753,0.4984731031242659,0.501526896875734
5004403,Inocência,0.5183823529411765,0.0010504201680672268,0.5106493506493507,0.48935064935064937
5004502,Itaporã,0.24926686217008798,0.30567534931861307,0.5083290400137386,0.49167095998626137
5004601,Itaquiraí,0.5941320293398533,0.0016926838442730863,0.5229100430147746,0.4770899569852254
5004700,Ivinhema,0.5114833362113624,0.0003453634950785702,0.5086487412228121,0.4913512587771879
5004809,Japorã,0.26085141903171954,0.5467445742904842,0.5064502704952143,0.4935497295047857
5004908,Jaraguari,0.6287262872628726,0.014227642276422764,0.5356662180349933,0.46433378196500674
5005004,Jardim,0.5569367710251688,0.006445672191528545,0.5031359951047881,0.4968640048952119
5005103,Jateí,0.6955702167766258,0.007540056550424128,0.5173708920187794,0.48262910798122066
5005152,Juti,0.5032295948326483,0.12096300645918967,0.526071842410197,0.473928157589803
5005202,Ladário,0.7295576407506702,0.0003351206434316354,0.5080471212875394,0.4919528787124606
5005251,Laguna Carapã,0.41166936790923825,0.16315505132360886,0.5002678093197643,0.49973219068023567
5005400,Maracaju,0.5033581412234526,0.012524959157741877,0.5177528089887641,0.482247191011236
5005608,Miranda,0.4591794446746788,0.29741677027213703,0.5141444658060972,0.48585553419390276
5005681,Mundo Novo,0.5471450448479545,0.0006563115292058631,0.5001079680414597,0.49989203195854026
5005707,Naviraí,0.5717856584908608,0.0041399781284174346,0.5026377036462374,0.4973622963537626
5005806,Nioaque,0.5546599496221662,0.10377833753148615,0.521815446339017,0.47818455366098295
5006002,Nova Alvorada do Sul,0.5710347752332485,0.006785411365564037,0.49799111862973144,0.5020088813702686
5006200,Nova Andradina,0.5467133943072058,0.0008547739123001966,0.5015979814970564,0.49840201850294363
5006259,Novo Horizonte do Sul,0.5664034458004307,0.0021536252692031586,0.5131298793470547,0.4868701206529453
5006309,Paranaíba,0.4053333333333333,0.0005925925925925926,0.5000981739642647,0.4999018260357353
5006358,Paranhos,0.33533246414602347,0.37470664928292047,0.5068992449882843,0.4931007550117157
5006408,Pedro Gomes,0.6303630363036303,0.000942951438000943,0.5254476908576814,0.47455230914231855
5006606,Ponta Porã,0.5184605057059745,0.002550906243007384,0.5072450884523069,0.49275491154769313
5006903,Porto Murtinho,0.542726679712981,0.1095890410958904,0.5300711360206941,0.4699288639793059
5007109,Ribas do Rio Pardo,0.6087029853263619,0.0033732501264968798,0.5059255549991654,0.4940744450008346
5007208,Rio Brilhante,0.523197963670022,0.004859423811176675,0.5029885057471264,0.49701149425287355
5007307,Rio Negro,0.5593509820666097,0.0008539709649871904,0.5180824222035324,0.4819175777964676
5007406,Rio Verde de Mato Grosso,0.6472772277227723,0.0008250825082508251,0.5006160164271047,0.49938398357289526
5007505,Rochedo,0.633696563285834,0.00586756077116513,0.5371142618849041,0.4628857381150959
5007554,Santa Rita do Pardo,0.6065822784810126,0.0010126582278481013,0.5152882205513785,0.48471177944862154
5007695,São Gabriel do Oeste,0.48352553542009885,0.0014827018121911038,0.4993444772205834,0.5006555227794166
5007703,Sete Quedas,0.5133958472873409,0.02712659075686537,0.5066844919786097,0.49331550802139035
5007802,Selvíria,0.5662154208357858,0.0,0.5134660421545667,0.48653395784543324
5007901,Sidrolândia,0.5254752851711026,0.05754119138149556,0.5034235136940548,0.4965764863059452
5007935,Sonora,0.6998620055197792,0.002529898804047838,0.5157750342935528,0.4842249657064472
5007950,Tacuru,0.31127295756808104,0.3999366687777074,0.5080619664875119,0.49193803351248816
5007976,Taquarussu,0.6555683122847302,0.008036739380022962,0.5560588901472253,0.44394110985277463
5008008,Terenos,0.5167879783986852,0.012679032636769194,0.530938586326767,0.4690614136732329
5008305,Três Lagoas,0.5521956350249803,0.0011644941963111829,0.5067281243030258,0.4932718756969742
5008404,Vicentina,0.5314735336194564,0.007868383404864092,0.5046197583511016,0.4953802416488984
5100102,Acorizal,0.7932725998598459,0.0,0.5205110961667787,0.47948890383322124
5100201,Água Boa,0.588121254846669,0.016390553401480438,0.5220256677072493,0.4779743322927506
5100250,Alta Floresta,0.5708052946831325,0.0018487022110478444,0.5047021943573667,0.4952978056426332
5100300,Alto Araguaia,0.6006066734074823,0.0007583417593528817,0.5116046917893686,0.4883953082106314
5100359,Alto Boa Vista,0.6126616746085772,0.16269571136827773,0.4932975871313673,0.5067024128686327
5100409,Alto Garças,0.5717741935483871,0.0016129032258064516,0.5182829888712241,0.48171701112877585
5100508,Alto Paraguai,0.8284862043251305,0.0007457121551081282,0.5016623568526044,0.49833764314739565
5100607,Alto Taquari,0.5454545454545454,0.0,0.5231481481481481,0.47685185185185186
5100805,Apiacás,0.6214315266859743,0.024824162184526273,0.511665984445354,0.48833401555464595
5101001,Araguaiana,0.7360406091370558,0.0,0.4888888888888889,0.5111111111111111
5101209,Araguainha,0.6245059288537549,0.0,0.5652173913043478,0.43478260869565216
5101258,Araputanga,0.6317731150564907,0.0,0.4844179651695692,0.5155820348304307
5101308,Arenápolis,0.7107988165680473,0.0,0.5170801869830997,0.4829198130169004
5101407,Aripuanã,0.5962677193612058,0.029607033913511573,0.5297038482000355,0.47029615179996453
5101605,Barão de Melgaço,0.8128505864354921,0.017848036715961243,0.5423642820903095,0.4576357179096905
5101704,Barra do Bugres,0.7077438168268712,0.021060589696511502,0.5075307594399661,0.49246924056003394
5101803,Barra do Garças,0.5981515230408748,0.07921114293152824,0.5050615771487523,0.4949384228512477
5101852,Bom Jesus do Araguaia,0.7364771151178918,0.0,0.5230664857530529,0.4769335142469471
5101902,Brasnorte,0.48904944682772633,0.09911944005418831,0.5212813620071685,0.47871863799283154
5102504,Cáceres,0.7245347698334965,0.0012242899118511264,0.5062349155269509,0.49376508447304907
5102603,Campinápolis,0.2598547717842324,0.578838174273859,0.5139607032057911,0.4860392967942089
5102637,Campo Novo do Parecis,0.5679671968190855,0.014662027833001988,0.5111464968152867,0.4888535031847134
5102678,Campo Verde,0.6134859194435095,0.0012341523617188377,0.5084010237009013,0.4915989762990987
5102686,Campos de Júlio,0.47343957503320055,0.0013280212483399733,0.48890339425587465,0.5110966057441253
5102694,Canabrava do Norte,0.7437641723356009,0.010582010582010581,0.5258814703675919,0.4741185296324081
5102702,Canarana,0.5124032546140107,0.08850962492558047,0.5061873895109016,0.4938126104890984
5102793,Carlinda,0.6320851940913775,0.0006870491240123669,0.5137521222410866,0.4862478777589134
5102850,Castanheira,0.5729396209784046,0.003085059497576025,0.5108790252393386,0.48912097476066146
5103007,Chapada dos Guimarães,0.8152985074626866,0.007669983416252073,0.5156701030927835,0.4843298969072165
5103056,Cláudia,0.5288611544461779,0.004056162246489859,0.5203479341410376,0.4796520658589624
5103106,Cocalinho,0.7320675105485233,0.030239099859353025,0.5325034578146611,0.46749654218533887
5103205,Colíder,0.5573455157489782,0.006732387593171436,0.5056608270766297,0.49433917292337026
5103254,Colniza,0.6271316835491729,0.0019233235030132068,0.5116337885685381,0.4883662114314618
5103304,Comodoro,0.5769082498072475,0.0823053199691596,0.5052430886558628,0.4947569113441373
5103353,Confresa,0.6732223903177005,0.01952963828909366,0.5184278525771794,0.4815721474228206
5103361,Conquista D'Oeste,0.486404833836858,0.07754279959718026,0.5168650793650794,0.48313492063492064
5103379,Cotriguaçu,0.5916004540295119,0.002497162315550511,0.5134524078679629,0.4865475921320371
5103403,Cuiabá,0.6845439702052438,0.0023007273267032806,0.5011985457644724,0.4988014542355276
5103437,Curvelândia,0.6630007855459544,0.0,0.5164576802507836,0.4835423197492163
5103452,Denise,0.6925647451963242,0.0,0.5089322808475281,0.49106771915247194
5103502,Diamantino,0.655860774611841,0.0025592902235113462,0.5166101694915254,0.48338983050847456
5103601,Dom Aquino,0.7360279441117764,0.000499001996007984,0.518628912071535,0.481371087928465
5103700,Feliz Natal,0.4711895910780669,0.10718711276332094,0.4857318195765572,0.5142681804234428
5103809,Figueirópolis D'Oeste,0.577109602327837,0.0,0.5187680461982676,0.48123195380173245
5103858,Gaúcha do Norte,0.30629139072847683,0.3658940397350993,0.5414152495885902,0.4585847504114098
5103908,General Carneiro,0.4511834319526627,0.36538461538461536,0.5202057310800882,0.47979426891991184
5103957,Glória D'Oeste,0.4434087882822903,0.0013315579227696406,0.49667994687915007,0.5033200531208499
5104104,Guarantã do Norte,0.5304057577970168,0.014916032126838428,0.5095415888819746,0.4904584111180253
5104203,Guiratinga,0.68462434478742,0.0,0.5293777134587554,0.47062228654124455
5104500,Indiavaí,0.6546644844517185,0.0,0.5200642054574639,0.4799357945425361
5104526,Ipiranga do Norte,0.47572815533980584,0.0006934812760055479,0.5252595155709343,0.47474048442906575
5104542,Itanhangá,0.49396782841823056,0.0006702412868632708,0.5414438502673797,0.4585561497326203
5104559,Itaúba,0.5950920245398773,0.0015337423312883436,0.5103289977046672,0.48967100229533284
5104609,Itiquira,0.6314569536423841,0.0,0.5303921568627451,0.4696078431372549
5104807,Jaciara,0.6435904957465532,0.00014667057788207686,0.5158351409978308,0.4841648590021692
5104906,Jangada,0.8627876682587928,0.0,0.5133505598621878,0.48664944013781225
5105002,Jauru,0.6408065618591935,0.000683526999316473,0.5094979647218453,0.49050203527815467
5105101,Juara,0.5402858999350227,0.043534762833008445,0.5103787716670233,0.48962122833297667
5105150,Juína,0.517357324609233,0.031261359505634315,0.5060532687651331,0.4939467312348668
5105176,Juruena,0.5302611367127497,0.0052227342549923195,0.48616600790513836,0.5138339920948617
5105200,Juscimeira,0.7138375740676194,0.0003485535029627048,0.5140218878248974,0.4859781121751026
5105234,Lambari D'Oeste,0.6719367588932806,0.0006587615283267457,0.5164622336991608,0.4835377663008393
5105259,Lucas do Rio Verde,0.5273997793306363,0.0009562339095255609,0.5225881667152433,0.4774118332847566
5105309,Luciara,0.7156549520766773,0.11022364217252396,0.5283018867924528,0.4716981132075472
5105507,Vila Bela da Santíssima Trindade,0.7294868763301017,0.0018917001655237645,0.5177404295051354,0.4822595704948646
5105580,Marcelândia,0.5191808479953851,0.0297086818575137,0.5126312801589554,0.4873687198410446
5105606,Matupá,0.5756788665879575,0.012750885478158206,0.5156876621844775,0.4843123378155225
5105622,Mirassol d'Oeste,0.5872365339578455,0.0010245901639344263,0.508802560744944,0.491197439255056
5105903,Nobres,0.6865278774826513,0.013639626704953339,0.514367133697459,0.485632866302541
5106000,Nortelândia,0.7770949720670391,0.0005586592178770949,0.5195094760312151,0.48049052396878483
5106109,Nossa Senhora do Livramento,0.881,0.001,0.5356200527704486,0.46437994722955145
5106158,Nova Bandeirantes,0.5350689127105667,0.0,0.5270474463584165,0.47295255364158356
5106174,Nova Nazaré,0.3445378151260504,0.453781512605042,0.5130641330166271,0.48693586698337293
5106182,Nova Lacerda,0.6322451698867422,0.01798800799467022,0.5158940397350993,0.48410596026490066
5106190,Nova Santa Helena,0.5879873551106428,0.0,0.5171339563862928,0.48286604361370716
5106208,Nova Brasilândia,0.7547956630525438,0.0008340283569641367,0.5345963756177924,0.46540362438220756
5106216,Nova Canaã do Norte,0.5826869376357431,0.00031026993484331366,0.5303217821782178,0.46967821782178215
5106224,Nova Mutum,0.5571443267153585,0.001748791276617632,0.5281539558089807,0.4718460441910192
5106232,Nova Olímpia,0.7152985074626865,0.00018656716417910448,0.5105166051660517,0.4894833948339483
5106240,Nova Ubiratã,0.5642500958956655,0.01304181051016494,0.54337899543379,0.45662100456621
5106257,Nova Xavantina,0.6237397755373787,0.021875594445501235,0.5141884222474461,0.4858115777525539
5106265,Novo Mundo,0.6683579335793358,0.00046125461254612545,0.5126786537574919,0.48732134624250806
5106273,Novo Horizonte do Norte,0.6918304033092038,0.0,0.5107913669064749,0.4892086330935252
5106281,Novo São Joaquim,0.5990660440293529,0.014009339559706471,0.5101373446697187,0.4898626553302812
5106299,Paranaíta,0.5697308633344984,0.0020971688220901784,0.5170984455958549,0.48290155440414506
5106307,Paranatinga,0.6712841632347435,0.00355672032946462,0.5280104224827843,0.4719895775172157
5106315,Novo Santo Antônio,0.7663551401869159,0.014953271028037384,0.5651376146788991,0.43486238532110094
5106372,Pedra Preta,0.625,0.0019880715705765406,0.5148685180634063,0.4851314819365938
5106422,Peixoto de Azevedo,0.6869248876524716,0.046115985448320136,0.5075701429327687,0.49242985706723136
5106455,Planalto da Serra,0.7485632183908046,0.020114942528735632,0.4715909090909091,0.5284090909090909
5106505,Poconé,0.8288148721920992,0.002655748589133562,0.5212274527056753,0.47877254729432467
5106653,Pontal do Araguaia,0.6727400140154169,0.0,0.4972144846796657,0.5027855153203342
5106703,Ponte Branca,0.612590799031477,0.0,0.5072463768115942,0.4927536231884058
5106752,Pontes e Lacerda,0.5839813374805599,0.0006048038707447727,0.4997008291306949,0.5002991708693051
5106778,Porto Alegre do Norte,0.7138633377135348,0.026609724047306178,0.5228673370094065,0.4771326629905936
5106802,Porto dos Gaúchos,0.572995202193283,0.0027416038382453737,0.4948944860449285,0.5051055139550715
5106828,Porto Esperidião,0.7246976448122215,0.027689369828134944,0.521286660359508,0.47871333964049195
5106851,Porto Estrela,0.8121974830590513,0.0,0.5132325141776938,0.4867674858223062
5107008,Poxoréu,0.709265890778872,0.032452999104744855,0.5297645490892936,0.47023545091070634
5107040,Primavera do Leste,0.5280557057869119,0.0010140616549486209,0.5040330644623692,0.4959669355376308
5107065,Querência,0.47881934954905714,0.1257174091281771,0.5144849785407726,0.4855150214592275
5107107,São José dos Quatro Marcos,0.5505754088431254,0.0010094891984655764,0.4942046362909672,0.5057953637090328
5107156,Reserva do Cabaçal,0.6354466858789626,0.0,0.5193687230989957,0.4806312769010043
5107180,Ribeirão Cascalheira,0.601029601029601,0.11196911196911197,0.510016694490818,0.48998330550918195
5107198,Ribeirãozinho,0.5825932504440497,0.0,0.49913344887348354,0.5008665511265165
5107206,Rio Branco,0.6746268656716418,0.0,0.5292376017764618,0.4707623982235381
5107248,Santa Carmem,0.5482529118136439,0.0,0.5218827415359207,0.47811725846407926
5107263,Santo Afonso,0.6830238726790451,0.0,0.538659793814433,0.46134020618556704
5107297,São José do Povo,0.6651634723788049,0.0,0.5558035714285714,0.44419642857142855
5107305,São José do Rio Claro,0.684862012987013,0.00040584415584415587,0.5268773907791423,0.47312260922085764
5107354,São José do Xingu,0.7113606340819022,0.056142668428005284,0.5264187866927593,0.4735812133072407
5107404,São Pedro da Cipa,0.7095837366892546,0.0,0.5098406747891284,0.4901593252108716
5107578,Rondolândia,0.4903581267217631,0.24701561065197428,0.5054945054945055,0.4945054945054945
5107602,Rondonópolis,0.6066585634519694,0.003532495157063091,0.5071038456485426,0.4928961543514574
5107701,Rosário Oeste,0.7872070930968967,0.0008444162972345366,0.5349422875131165,0.46505771248688355
5107743,Santa Cruz do Xingu,0.6976284584980237,0.001976284584980237,0.5245579567779961,0.47544204322200395
5107750,Salto do Céu,0.6417769376181475,0.0,0.5225140712945591,0.4774859287054409
5107768,Santa Rita do Trivelato,0.6049723756906077,0.0013812154696132596,0.5463215258855586,0.4536784741144414
5107776,Santa Terezinha,0.6502757352941176,0.16590073529411764,0.5215439856373429,0.4784560143626571
5107792,Santo Antônio do Leste,0.5618964003511853,0.16154521510096576,0.5205599300087489,0.4794400699912511
5107800,Santo Antônio de Leverger,0.8154724159797083,0.028535193405199746,0.5300925925925926,0.4699074074074074
5107859,São Félix do Araguaia,0.7098389982110912,0.06046511627906977,0.5112280701754386,0.4887719298245614
5107875,Sapezal,0.5834448480214108,0.017205123303383675,0.5273998488284203,0.4726001511715797
5107883,Serra Nova Dourada,0.7414772727272727,0.0,0.5223463687150838,0.4776536312849162
5107909,Sinop,0.5492073170731707,0.00125,0.5018249826551235,0.49817501734487646
5107925,Sorriso,0.5176889261042495,0.0007850115135021981,0.5105752741256561,0.48942472587434394
5107941,Tabaporã,0.5979882067291016,0.0,0.516151202749141,0.4838487972508591
5107958,Tangará da Serra,0.5787799083658578,0.018284405226539964,0.5021956421730585,0.4978043578269416
5108006,Tapurah,0.502627511591963,0.0003091190108191654,0.5878212974296205,0.4121787025703794
5108055,Terra Nova do Norte,0.45353159851301117,0.0003097893432465923,0.5209747069710056,0.47902529302899444
5108105,Tesouro,0.742822966507177,0.0,0.5130641330166271,0.48693586698337293
5108204,Torixoréu,0.6390899689762151,0.0,0.5390946502057613,0.4609053497942387
5108303,União do Sul,0.585554600171969,0.0,0.540885860306644,0.45911413969335607
5108352,Vale de São Domingos,0.6728167281672817,0.0,0.536019536019536,0.463980463980464
5108402,Várzea Grande,0.7265769518618411,0.0008472541903780166,0.4998046002679768,0.5001953997320232
5108501,Vera,0.5142857142857142,0.0,0.5110206849779586,0.4889793150220414
5108600,Vila Rica,0.5944576405384007,0.0030087094220110845,0.508833922261484,0.4911660777385159
5108808,Nova Guarita,0.5329341317365269,0.0,0.5048471290082028,0.49515287099179717
5108857,Nova Marilândia,0.7216867469879518,0.012048192771084338,0.5346062052505967,0.46539379474940334
5108907,Nova Maringá,0.6561822125813449,0.0005422993492407809,0.527689030883919,0.47231096911608095
5108956,Nova Monte Verde,0.5875,0.0013392857142857143,0.5187637969094923,0.48123620309050774
5200050,Abadia de Goiás,0.6027987082884823,0.0,0.4989495798319328,0.5010504201680672
5200100,Abadiânia,0.5997137404580153,0.0014312977099236641,0.5054995417048579,0.49450045829514205
5200134,Acreúna,0.6472564389697648,0.0001866368047779022,0.5051143760461224,0.49488562395387764
5200159,Adelândia,0.6125211505922166,0.001692047377326565,0.4746317512274959,0.5253682487725041
5200175,Água Fria de Goiás,0.6666666666666666,0.0,0.5453205600589536,0.4546794399410464
5200209,Água Limpa,0.4448979591836735,0.0020408163265306124,0.5268389662027833,0.4731610337972167
5200258,Águas Lindas de Goiás,0.7147786692635011,0.0013337002773249782,0.4950003067296485,0.5049996932703515
5200308,Alexânia,0.6311865482233503,0.0009517766497461929,0.5086542959613286,0.49134570403867145
5200506,Aloândia,0.5035460992907801,0.0,0.5308370044052864,0.46916299559471364
5200555,Alto Horizonte,0.7099533437013997,0.0015552099533437014,0.5178571428571429,0.48214285714285715
5200605,Alto Paraíso de Goiás,0.7266149870801034,0.00516795865633075,0.4926433282597666,0.5073566717402334
5200803,Alvorada do Norte,0.7604494382022472,0.00044943820224719103,0.515473032714412,0.484526967285588
5200829,Amaralina,0.7784222737819025,0.0,0.5341040462427745,0.4658959537572254
5200852,Americano do Brasil,0.5813449023861171,0.0007230657989877079,0.5128388017118403,0.4871611982881598
5200902,Amorinópolis,0.5252774352651048,0.0,0.5175757575757576,0.4824242424242424
5201108,Anápolis,0.5689217375532784,0.0007028203500498776,0.5064242694624136,0.4935757305375864
5201207,Anhanguera,0.5344827586206896,0.0,0.5258620689655172,0.47413793103448276
5201306,Anicuns,0.5946687573500588,0.0003920031360250882,0.5205083766608897,0.47949162333911033
5201405,Aparecida de Goiânia,0.6568348741753834,0.0014486771085651087,0.5034373064364424,0.49656269356355764
5201454,Aparecida do Rio Doce,0.6432,0.0,0.5276461295418642,0.47235387045813587
5201504,Aporé,0.5904255319148937,0.0,0.5063559322033898,0.4936440677966102
5201603,Araçu,0.5690968443960827,0.0,0.5421558164354322,0.4578441835645678
5201702,Aragarças,0.6954639175257732,0.004948453608247422,0.5125102543068089,0.48748974569319115
5201801,Aragoiânia,0.5867227676484339,0.0,0.5192575406032482,0.48074245939675175
5202155,Araguapaz,0.6836565096952909,0.000554016620498615,0.5200439319055464,0.47995606809445357
5202353,Arenópolis,0.6014084507042253,0.0,0.5189873417721519,0.4810126582278481
5202502,Aruanã,0.6668383110195675,0.036560247167868175,0.5012761613067892,0.4987238386932108
5202601,Aurilândia,0.6211031175059952,0.0,0.5184743742550656,0.48152562574493446
5202809,Avelinópolis,0.5537340619307832,0.007285974499089253,0.5026178010471204,0.4973821989528796
5203104,Baliza,0.702928870292887,0.0020920502092050207,0.5169927909371782,0.48300720906282185
5203203,Barro Alto,0.6486949080017116,0.0004278990158322636,0.52106149957877,0.47893850042123
5203302,Bela Vista de Goiás,0.5393386545039909,0.0019547157517510994,0.5227783124799487,0.47722168752005134
5203401,Bom Jardim de Goiás,0.6284379865075247,0.0005189413596263622,0.5083798882681564,0.49162011173184356
5203500,Bom Jesus de Goiás,0.5837807813367895,0.0009257544899092761,0.5254909025400829,0.47450909745991715
5203559,Bonfinópolis,0.5795856493178373,0.003031834259727135,0.522432701894317,0.47756729810568294
5203575,Bonópolis,0.7133891213389121,0.0,0.5150571131879543,0.48494288681204567
5203609,Brazabrantes,0.5245327102803738,0.0,0.5238649592549476,0.47613504074505236
5203807,Britânia,0.6678779069767442,0.0029069767441860465,0.523197715917202,0.476802284082798
5203906,Buriti Alegre,0.43868821292775667,0.0,0.5243498817966903,0.4756501182033097
5203939,Buriti de Goiás,0.6439522998296422,0.0,0.5331125827814569,0.46688741721854304
5203962,Buritinópolis,0.7489495798319328,0.0,0.51619644723093,0.48380355276907
5204003,Cabeceiras,0.718957345971564,0.0,0.5067662155856276,0.4932337844143724
5204102,Cachoeira Alta,0.5111984282907662,0.0011787819253438114,0.5425242718446602,0.4574757281553398
5204201,Cachoeira de Goiás,0.5994475138121547,0.0,0.532967032967033,0.46703296703296704
5204250,Cachoeira Dourada,0.5795228628230616,0.0,0.5044031311154599,0.49559686888454013
5204300,Caçu,0.35336239103362393,0.0,0.5228738102548357,0.47712618974516424
5204409,Caiapônia,0.6345595353339787,0.0002420135527589545,0.5083692013390723,0.4916307986609278
5204508,Caldas Novas,0.5432078824099499,0.0018306143326333926,0.5060030676469033,0.4939969323530967
5204557,Caldazinha,0.5156054931335831,0.003745318352059925,0.5006105006105006,0.4993894993894994
5204607,Campestre de Goiás,0.6717557251908397,0.0,0.5333333333333333,0.4666666666666667
5204656,Campinaçu,0.5995550611790879,0.0,0.54006586169045,0.45993413830954993
5204706,Campinorte,0.6589358799454298,0.0,0.519564477713508,0.480435522286492
5204805,Campo Alegre de Goiás,0.5350274725274725,0.004120879120879121,0.5041039671682627,0.49589603283173733
5204854,Campo Limpo de Goiás,0.6010669828097214,0.0005927682276229994,0.5165525114155252,0.4834474885844749
5204904,Campos Belos,0.8084696823869105,0.0009624639076034649,0.49005255255255253,0.5099474474474475
5204953,Campos Verdes,0.7245421245421245,0.0,0.5127458120903132,0.48725418790968683
5205000,Carmo do Rio Verde,0.5649139134481154,0.0009306654257794323,0.5258108725445408,0.4741891274554591
5205059,Castelândia,0.6647662485746865,0.0,0.5306818181818181,0.4693181818181818
5205109,Catalão,0.4571297359357061,0.001285878300803674,0.5156603602788087,0.48433963972119126
5205208,Caturaí,0.6019677996422182,0.0,0.5214408233276158,0.47855917667238423
5205307,Cavalcante,0.8940325497287522,0.005063291139240506,0.5137678633670268,0.48623213663297316
5205406,Ceres,0.5327138985675571,0.0007742934572202865,0.5057273768613975,0.49427262313860254
5205455,Cezarina,0.607,0.0,0.5135268076733891,0.4864731923266109
5205471,Chapadão do Céu,0.5877450980392157,0.0014705882352941176,0.5041443198439786,0.49585568015602144
5205497,Cidade Ocidental,0.6839734767921931,0.0025647441511322407,0.5019699581383895,0.49803004186161043
5205513,Cocalzinho de Goiás,0.6932270916334662,0.0012581253931641854,0.5216414863209473,0.4783585136790527
5205521,Colinas do Sul,0.813778256189451,0.002152852529601722,0.5316062176165803,0.46839378238341967
5205703,Córrego do Ouro,0.6152542372881356,0.0,0.5320945945945946,0.46790540540540543
5205802,Corumbá de Goiás,0.6753349093774625,0.0027580772261623326,0.5212355212355212,0.47876447876447875
5205901,Corumbaíba,0.5002496255616575,0.000998502246630055,0.5224691358024691,0.4775308641975309
5206206,Cristalina,0.6768020573330308,0.0011345586566825505,0.5157707685473123,0.4842292314526877
5206305,Cristianópolis,0.5134328358208955,0.0,0.5,0.5
5206404,Crixás,0.6974474474474475,0.0,0.5184086978008401,0.48159130219915985
5206503,Cromínia,0.4309462915601023,0.0,0.4899244332493703,0.5100755667506297
5206602,Cumari,0.38990825688073394,0.0,0.5121951219512195,0.4878048780487805
5206701,Damianópolis,0.7074074074074074,0.0012345679012345679,0.5024691358024691,0.49753086419753084
5206800,Damolândia,0.5290519877675841,0.0,0.5137614678899083,0.48623853211009177
5206909,Davinópolis,0.4584323040380047,0.0,0.541371158392435,0.458628841607565
5207105,Diorama,0.501779359430605,0.0,0.49559082892416223,0.5044091710758377
5207253,Doverlândia,0.6722475900558093,0.0,0.5310790651417205,0.46892093485827946
5207352,Edealina,0.5263774912075029,0.0,0.5213872832369942,0.47861271676300576
5207402,Edéia,0.6034912718204489,0.0,0.5223404255319148,0.4776595744680851
5207501,Estrela do Norte,0.6766666666666666,0.0011111111111111111,0.5281767955801105,0.4718232044198895
5207535,Faina,0.6485461441213654,0.0,0.5279850746268657,0.47201492537313433
5207600,Fazenda Nova,0.45672061928219565,0.0,0.5156141568355309,0.48438584316446914
5207808,Firminópolis,0.49943374858437145,0.0,0.49850523168908817,0.5014947683109118
5207907,Flores de Goiás,0.8054354539839407,0.0,0.5325373134328358,0.46746268656716417
5208004,Formosa,0.6874756421612046,0.001771479185119575,0.5034525618008563,0.49654743819914376
5208103,Formoso,0.6369922212618842,0.000864304235090752,0.5099052540913006,0.4900947459086994
5208152,Gameleira de Goiás,0.601593625498008,0.0,0.5116279069767442,0.4883720930232558
5208301,Divinópolis de Goiás,0.8255813953488372,0.0,0.5423076923076923,0.4576923076923077
5208400,Goianápolis,0.5670066830812522,0.002110446711220542,0.5108883511925337,0.48911164880746627
5208509,Goiandira,0.3797790994052676,0.00594732370433305,0.4957627118644068,0.5042372881355932
5208608,Goianésia,0.6434035021177066,0.0013907326632530501,0.5067180890768848,0.4932819109231152
5208707,Goiânia,0.5485967477355396,0.001527470698713834,0.494049337567767,0.505950662432233
5208806,Goianira,0.6761137949543746,0.0008588298443370907,0.5002111486486487,0.49978885135135137
5208905,Goiás,0.6544821583986075,0.007310704960835509,0.5043374723592448,0.49566252764075525
5209101,Goiatuba,0.4581497797356828,0.0007774034724021767,0.512291933418694,0.487708066581306
5209150,Gouvelândia,0.6435224386113463,0.0,0.5156382079459002,0.48436179205409974
5209200,Guapó,0.6262737537868356,0.0,0.49863685932388224,0.5013631406761178
5209291,Guaraíta,0.624765478424015,0.0,0.48608534322820035,0.5139146567717996
5209408,Guarani de Goiás,0.7491319444444444,0.0,0.5489690721649485,0.45103092783505155
5209457,Guarinos,0.6666666666666666,0.0,0.528,0.472
5209606,Heitoraí,0.5839822024471635,0.0,0.5169029443838604,0.4830970556161396
5209705,Hidrolândia,0.5681364945712386,0.0006647462884998893,0.5197998259355961,0.48020017406440385
5209804,Hidrolina,0.6110542476970318,0.0,0.5161290322580645,0.4838709677419355
5209903,Iaciara,0.7980198019801981,0.0011315417256011315,0.5025139664804469,0.49748603351955306
5209937,Inaciolândia,0.6567060458651841,0.0,0.5119617224880383,0.4880382775119617
5209952,Indiara,0.6140021459227468,0.0002682403433476395,0.5140360169491526,0.4859639830508475
5210000,Inhumas,0.5432523119731566,0.00024551927326295114,0.5070274636510501,0.49297253634894994
5210109,Ipameri,0.545199604091059,0.0004948861761794787,0.5198237885462555,0.4801762114537445
5210158,Ipiranga de Goiás,0.551829268292683,0.0,0.5143288084464555,0.4856711915535445
5210208,Iporá,0.5298750678978816,0.0004073872895165671,0.4978131212723658,0.5021868787276342
5210307,Israelândia,0.6526772793053546,0.0,0.5050651230101303,0.49493487698986977
5210406,Itaberaí,0.6062075654704171,0.0015087832740597047,0.5108672715762819,0.4891327284237181
5210562,Itaguari,0.5901027077497666,0.0,0.48653667595171773,0.5134633240482822
5210604,Itaguaru,0.7370689655172413,0.0008620689655172414,0.5245346869712352,0.4754653130287648
5210802,Itajá,0.4635456638526477,0.0,0.4958364875094625,0.5041635124905375
5210901,Itapaci,0.6252342286071205,0.00041640641265875496,0.5128050010082678,0.4871949989917322
5211008,Itapirapuã,0.6569459172852599,0.0015906680805938495,0.5156087408949012,0.48439125910509884
5211206,Itapuranga,0.5221586263286999,0.0017988552739165986,0.5076526502336072,0.4923473497663928
5211305,Itarumã,0.5424354243542435,0.0006150061500615006,0.5091799265605875,0.4908200734394125
5211404,Itauçu,0.5220030349013657,0.0,0.5086934923000497,0.4913065076999503
5211503,Itumbiara,0.5013449296153502,0.000941450730745091,0.5097366917227131,0.4902633082772869
5211602,Ivolândia,0.5405405405405406,0.0,0.48741007194244607,0.512589928057554
5211701,Jandaia,0.6330472103004292,0.0,0.5417558886509636,0.4582441113490364
5211800,Jaraguá,0.645059786028949,0.0011687494381012317,0.5137340939008337,0.4862659060991663
5211909,Jataí,0.5928750936907544,0.0008377055685375425,0.509692877368765,0.49030712263123505
5212006,Jaupaci,0.5786350148367952,0.004451038575667656,0.48306332842415317,0.5169366715758469
5212055,Jesúpolis,0.7171381031613977,0.0,0.5448504983388704,0.45514950166112955
5212105,Joviânia,0.5155902004454342,0.0005567928730512249,0.5116279069767442,0.4883720930232558
5212204,Jussara,0.5841902313624678,0.0004284490145672665,0.504070131496556,0.49592986850344395
5212253,Lagoa Santa,0.5846153846153846,0.0,0.5606060606060606,0.4393939393939394
5212303,Leopoldo de Bulhões,0.5500770416024653,0.0015408320493066256,0.514370664023786,0.48562933597621405
5212501,Luziânia,0.6783765483729637,0.0014338630660771896,0.5051157362380859,0.494884263761914
5212600,Mairipotaba,0.38415841584158417,0.0019801980198019802,0.5264187866927593,0.4735812133072407
5212709,Mambaí,0.7571569595261599,0.0004935834155972359,0.5124450951683748,0.48755490483162517
5212808,Mara Rosa,0.6699815837937385,0.00036832412523020257,0.5215814290895902,0.47841857091040985
5212907,Marzagão,0.5276190476190477,0.0,0.49907235621521334,0.5009276437847866
5212956,Matrinchã,0.663013698630137,0.0045662100456621,0.49508489722966936,0.5049151027703307
5213004,Maurilândia,0.6402743142144638,0.0003117206982543641,0.511015911872705,0.488984088127295
5213053,Mimoso de Goiás,0.7289719626168224,0.0,0.5331278890600925,0.46687211093990755
5213087,Minaçu,0.7014362220058422,0.002069133398247322,0.5098530992475815,0.4901469007524185
5213103,Mineiros,0.5731006160164271,0.0010951403148528405,0.5115353480841878,0.4884646519158122
5213400,Moiporá,0.48860759493670886,0.0,0.5388471177944862,0.46115288220551376
5213509,Monte Alegre de Goiás,0.8632923368022706,0.0,0.5087235996326905,0.49127640036730946
5213707,Montes Claros de Goiás,0.5402179553710431,0.002594706798131811,0.5048296898830706,0.49517031011692936
5213756,Montividiu,0.5459057071960298,0.0021269053527118043,0.5001729505361466,0.4998270494638533
5213772,Montividiu do Norte,0.7202729044834308,0.0,0.5156993339676499,0.48430066603235017
5213806,Morrinhos,0.47299428346146266,0.0003942440370589395,0.5130951221886866,0.4869048778113134
5213855,Morro Agudo de Goiás,0.5478927203065134,0.0,0.5246212121212122,0.4753787878787879
5213905,Mossâmedes,0.5161825726141079,0.0008298755186721991,0.5253682487725041,0.4746317512274959
5214002,Mozarlândia,0.6903511197124689,0.0013823610727121925,0.5099917875718587,0.49000821242814124
5214051,Mundo Novo,0.7171010807374444,0.0006357279084551812,0.5462445685909373,0.4537554314090627
5214101,Mutunópolis,0.7025316455696202,0.0010548523206751054,0.5125786163522013,0.48742138364779874
5214408,Nazário,0.5568482284505553,0.0,0.5,0.5
5214507,Nerópolis,0.5874200426439232,0.0012183978068839476,0.4980103168754606,0.5019896831245394
5214606,Niquelândia,0.7063927749247388,0.0006197981228971136,0.5091365722698536,0.49086342773014635
5214705,Nova América,0.5910714285714286,0.048214285714285716,0.5276292335115864,0.47237076648841353
5214804,Nova Aurora,0.3568075117370892,0.0,0.5409836065573771,0.45901639344262296
5214838,Nova Crixás,0.7394252502421699,0.0019373587342589602,0.5084745762711864,0.4915254237288136
5214861,Nova Glória,0.6111951588502269,0.0010085728693898135,0.4942298043151029,0.5057701956848971
5214879,Nova Iguaçu de Goiás,0.750728862973761,0.0,0.4985875706214689,0.501412429378531
5214903,Nova Roma,0.8231981981981982,0.0,0.5269662921348315,0.4730337078651685
5215009,Nova Veneza,0.4675387596899225,0.0,0.5332695069411202,0.46673049305887987
5215207,Novo Brasil,0.5242346938775511,0.0,0.5234567901234568,0.4765432098765432
5215231,Novo Gama,0.7384360240833544,0.0014421170277968058,0.491083628210069,0.508916371789931
5215256,Novo Planalto,0.8170498084291188,0.0009578544061302681,0.5033175355450237,0.4966824644549763
5215306,Orizona,0.4016180294712511,0.0023114706732158337,0.5294622425629291,0.47053775743707094
5215405,Ouro Verde de Goiás,0.5798237022526934,0.0019588638589618022,0.5033686236766122,0.4966313763233879
5215504,Ouvidor,0.3947163947163947,0.0,0.5381062355658198,0.4618937644341801
5215603,Padre Bernardo,0.7244104690334283,0.001166105208603265,0.5068839206770241,0.49311607932297585
5215652,Palestina de Goiás,0.5006211180124224,0.0,0.5240328253223916,0.47596717467760846
5215702,Palmeiras de Goiás,0.5701487491548344,0.0011832319134550372,0.5188118811881188,0.48118811881188117
5215801,Palmelo,0.5677179962894249,0.0018552875695732839,0.5451263537906137,0.4548736462093863
5215900,Palminópolis,0.5169385194479298,0.0,0.5111111111111111,0.4888888888888889
5216007,Panamá,0.4965986394557823,0.0,0.5279187817258884,0.4720812182741117
5216304,Paranaiguara,0.544263775971093,0.0,0.5092052088010777,0.49079479119892233
5216403,Paraúna,0.5529367751589974,0.0007482229704451926,0.5159141376757957,0.4840858623242043
5216452,Perolândia,0.72,0.0,0.5075949367088608,0.49240506329113926
5216809,Petrolina de Goiás,0.5542067810799498,0.0,0.5143434343434343,0.4856565656565657
5216908,Pilar de Goiás,0.692429022082019,0.0,0.5162287480680062,0.48377125193199383
5217104,Piracanjuba,0.5370774263904035,0.0003635041802980734,0.515282272563826,0.48471772743617403
5217203,Piranhas,0.6136618141097424,0.0003732736095558044,0.5147167034584254,0.4852832965415747
5217302,Pirenópolis,0.55990983180163,0.0010404022888850356,0.5319148936170213,0.46808510638297873
5217401,Pires do Rio,0.4699710064890239,0.0005522573519259975,0.4978729243858927,0.5021270756141073
5217609,Planaltina,0.7318642432041177,0.001327006594820653,0.5037487733071638,0.4962512266928361
5217708,Pontalina,0.5409959758551308,0.0005030181086519115,0.5097451274362819,0.49025487256371814
5218003,Porangatu,0.677275960170697,0.0005334281650071124,0.5094389323030994,0.4905610676969005
5218052,Porteirão,0.6134078212290502,0.0,0.5389755011135857,0.4610244988864143
5218102,Portelândia,0.5281899109792285,0.0,0.5108481262327417,0.4891518737672584
5218300,Posse,0.7455142231947484,0.0007658643326039387,0.5020938473102116,0.4979061526897885
5218391,Professor Jamil,0.6118090452261307,0.001256281407035176,0.5223325062034739,0.47766749379652607
5218508,Quirinópolis,0.5086481785679776,0.0004831384674847811,0.5133745835316516,0.4866254164683484
5218607,Rialma,0.625515947467167,0.000375234521575985,0.502045370026032,0.497954629973968
5218706,Rianápolis,0.6677880571909167,0.0,0.5376254180602007,0.46237458193979936
5218789,Rio Quente,0.5474083438685209,0.0,0.5218446601941747,0.47815533980582525
5218805,Rio Verde,0.5803155769785359,0.0007209656820335352,0.514085792515972,0.48591420748402797
5218904,Rubiataba,0.5273061975864185,0.006545305788504807,0.5052888527257934,0.4947111472742067
5219001,Sanclerlândia,0.49945770065075923,0.005422993492407809,0.5212023617820719,0.4787976382179281
5219100,Santa Bárbara de Goiás,0.6525479814692257,0.0,0.5351742274819198,0.4648257725180802
5219209,Santa Cruz de Goiás,0.4938650306748466,0.0,0.5311077389984825,0.46889226100151743
5219258,Santa Fé de Goiás,0.6863379143088116,0.0,0.4987951807228916,0.5012048192771085
5219308,Santa Helena de Goiás,0.6080043859649122,0.0014254385964912282,0.5099739809193409,0.4900260190806591
5219357,Santa Isabel,0.6161026837806302,0.0,0.5324825986078886,0.46751740139211134
5219407,Santa Rita do Araguaia,0.6442800227660785,0.0011383039271485487,0.5189309576837416,0.48106904231625836
5219456,Santa Rita do Novo Destino,0.7277167277167277,0.0,0.5570388349514563,0.4429611650485437
5219506,Santa Rosa de Goiás,0.3287671232876712,0.0,0.5174506828528073,0.48254931714719274
5219605,Santa Tereza de Goiás,0.7155655095184771,0.0,0.4961067853170189,0.5038932146829811
5219704,Santa Terezinha de Goiás,0.6877621044605413,0.0007624857033930614,0.5118782479584262,0.4881217520415739
5219712,Santo Antônio da Barra,0.6295336787564767,0.0,0.5463917525773195,0.4536082474226804
5219738,Santo Antônio de Goiás,0.6282151208106002,0.000779423226812159,0.516793893129771,0.483206106870229
5219753,Santo Antônio do Descoberto,0.7121828498019483,0.0014452414088427362,0.5027015684834496,0.4972984315165504
5219803,São Domingos,0.7405706789111184,0.0,0.5160349854227405,0.4839650145772595
5219902,São Francisco de Goiás,0.6453526697429136,0.0013183915622940012,0.5176100628930818,0.48238993710691824
5220009,São João d'Aliança,0.7728377908996179,0.0027787426189649182,0.5164158686730507,0.4835841313269494
5220058,São João da Paraúna,0.47493403693931396,0.002638522427440633,0.5362694300518135,0.4637305699481865
5220108,São Luís de Montes Belos,0.5310353935552033,0.0009244585314315901,0.4999349720379763,0.5000650279620237
5220157,São Luiz do Norte,0.671971706454465,0.0,0.5084459459459459,0.49155405405405406
5220207,São Miguel do Araguaia,0.6652719665271967,0.0029106785519374206,0.5132284281514785,0.48677157184852154
5220264,São Miguel do Passa Quatro,0.513126491646778,0.0,0.5081585081585082,0.49184149184149184
5220280,São Patrício,0.5695364238410596,0.0,0.46652267818574517,0.5334773218142549
5220405,São Simão,0.6219457013574661,0.0,0.5261378999549347,0.47386210004506535
5220454,Senador Canedo,0.7007125890736342,0.0015701115181770602,0.5105593494651245,0.48944065053487545
5220504,Serranópolis,0.6708203530633438,0.0,0.5292607802874744,0.4707392197125257
5220603,Silvânia,0.541223969400765,0.00042498937526561835,0.514026402640264,0.485973597359736
5220686,Simolândia,0.7816523605150214,0.0,0.5171339563862928,0.48286604361370716
5220702,Sítio d'Abadia,0.7494145199063232,0.00117096018735363,0.546189376443418,0.45381062355658197
5221007,Taquaral de Goiás,0.5196759259259259,0.0023148148148148147,0.5205479452054794,0.4794520547945205
5221080,Teresina de Goiás,0.8819742489270386,0.001072961373390558,0.4931937172774869,0.506806282722513
5221197,Terezópolis de Goiás,0.6482878699941962,0.0,0.5223964165733482,0.4776035834266517
5221304,Três Ranchos,0.4172767203513909,0.0014641288433382138,0.50509461426492,0.4949053857350801
5221403,Trindade,0.6439573669487625,0.0008852377748663291,0.501146231330323,0.49885376866967696
5221452,Trombas,0.6840193704600485,0.0,0.531585220500596,0.4684147794994041
5221502,Turvânia,0.5685053380782918,0.0017793594306049821,0.525674499564839,0.47432550043516103
5221551,Turvelândia,0.7448805460750854,0.0,0.5179916317991632,0.4820083682008368
5221577,Uirapuru,0.7482319660537482,0.0,0.5301542776998598,0.46984572230014027
5221601,Uruaçu,0.7062820110797533,0.0006271558482282847,0.5058641975308642,0.4941358024691358
5221700,Uruana,0.5578753454098864,0.0006140620202640467,0.521963041502575,0.478036958497425
5221809,Urutaí,0.5138121546961326,0.0,0.5089163237311386,0.49108367626886146
5221858,Valparaíso de Goiás,0.6694057653182551,0.001321108674399556,0.48992800145556625,0.5100719985444337
5221908,Varjão,0.5668711656441717,0.001226993865030675,0.5145278450363197,0.4854721549636804
5222005,Vianópolis,0.5855855855855856,0.0,0.5035351982785121,0.4964648017214879
5222054,Vicentinópolis,0.5556127703398558,0.0005149330587023687,0.52475752935171,0.47524247064828995
5222203,Vila Boa,0.8468468468468469,0.0,0.5051470588235294,0.4948529411764706
5222302,Vila Propício,0.7848392036753445,0.0,0.5209580838323353,0.47904191616766467
5300108,Brasília,0.6132363698954344,0.0022227794833595722,0.4958226741598285,0.5041773258401715
